date,open,high,low,close,adj_close,rsi_14,momentum_10,ppo_12_26,stoch_k_14,bb_percent_b_20,fibonacci_0_618_20,macd_hist_12_26_9
2015-01-30,22.989999771118164,23.1200008392334,22.670000076293945,22.709999084472656,16.90516471862793,34.64600801547655,-0.007863614220034787,1.7591051512853455,54.24162041304646,0.5379057228302818,-1.331829368270343,0.06032327464450207
2015-02-02,23.030000686645508,23.079999923706055,22.709999084472656,22.940000534057617,17.076374053955078,37.17622195713649,0.015044139930353362,1.5494036010434746,60.15425500617805,0.5808240597381485,-1.2878166787612526,0.019951949534489366
2015-02-03,23.34000015258789,23.440000534057617,23.059999465942383,23.149999618530273,17.232698440551758,39.480139938890204,0.0025983517472487616,1.4400431694685891,65.5526899013474,0.6122748791831636,-1.2476304548218171,0.0013652581652183193
2015-02-04,23.59000015258789,23.75,23.450000762939453,23.579999923706055,17.55278968811035,44.00807425452784,0.015941375410327474,1.486098822038062,64.7286870417835,0.6863496405705665,-1.1653447741581184,0.007855205038603291
2015-02-05,23.719999313354492,23.760000228881836,23.309999465942383,23.65999984741211,17.612335205078125,44.83492358945185,-0.002108942923024104,1.5320318017839731,62.27271111542672,0.6840930437668316,-1.1500374409163117,0.013077165762840903
2015-02-06,23.450000762939453,23.6299991607666,23.049999237060547,23.100000381469727,17.195476531982422,40.34336051240596,-0.037099111359709,1.357880430244323,31.18816462114588,0.5431202997239732,-1.2571990703512657,-0.013202174425089114
2015-02-09,22.920000076293945,22.940000534057617,22.489999771118164,22.670000076293945,16.875394821166992,37.25700657426034,-0.06167209561740816,1.0579958205369064,9.000015258789062,0.4200979962961703,-1.3394822994096531,-0.05164214323581284
2015-02-10,23.899999618530273,23.950000762939453,23.459999084472656,23.860000610351562,17.76121711730957,48.906559014491144,-0.013642294863765114,1.2206172654312553,68.50004196166992,0.7067411919777363,-1.1117644497617036,-0.01861339238969828
2015-02-11,23.8799991607666,24.350000381469727,23.770000457763672,24.290000915527344,18.081310272216797,52.34947303211495,0.015043822807133012,1.4796585763324692,90.00005722045898,0.827874308590253,-1.0294782787769428,0.021418057200507323
2015-02-12,24.40999984741211,24.479999542236328,24.149999618530273,24.469999313354492,18.215295791625977,53.754223738378606,0.05066528691175365,1.7242787621692341,98.9999771118164,0.9260934416887063,-1.81405587792377,0.05181437736143632
2015-02-13,24.450000762939453,24.959999084472656,24.399999618530273,24.84000015258789,18.490720748901367,56.58742366046227,0.09379122041480614,2.0180594142294823,95.14174229782292,0.994285424534486,-1.8049523491121897,0.08348639877852526
2015-02-17,24.690000534057617,24.889999389648438,24.68000030517578,24.770000457763672,18.438615798950195,55.88983668438495,0.07977347771200916,2.1981612892452262,92.30774576811731,0.9179412073674608,-2.001029672679028,0.09320522943032172
2015-02-18,24.690000534057617,24.850000381469727,24.610000610351562,24.709999084472656,18.393951416015625,55.260962272963305,0.06738660108687466,2.2917065864269324,89.87853969641489,0.8514422949219063,-2.0403196331094198,0.08891715428517033
2015-02-19,24.68000030517578,24.709999084472656,24.459999084472656,24.520000457763672,18.25251579284668,53.21885404410706,0.039864096657541426,2.274211056186374,82.18628546453218,0.7540649052236916,-2.097581034926112,0.06969623527296026
2015-02-20,24.700000762939453,24.709999084472656,24.299999237060547,24.440000534057617,18.192968368530273,52.341856671465614,0.0329674149788346,2.2072988506994666,78.94742125620951,0.7074543514064123,-2.1216893105820818,0.04719035308454489
2015-02-23,24.40999984741211,24.43000030517578,24.1299991607666,24.219999313354492,18.029205322265625,49.90615285499686,0.048485355362645643,2.056602087840016,70.04048676786171,0.6234230486224857,-2.1879901574605545,0.017046961264770455
2015-02-24,24.3799991607666,25.079999923706055,24.350000381469727,25.040000915527344,18.63960838317871,57.79058107993319,0.10454354287455514,2.1850760729080956,98.4556368408417,0.8767002942726592,-1.8686375139369,0.03306331167392418
2015-02-25,25.049999237060547,25.31999969482422,24.989999771118164,25.040000915527344,18.63960838317871,57.79058107993319,0.04945557841377246,2.2588149127214256,90.10604993479294,0.8441354821472948,-1.7425623645731882,0.038142235385194456
2015-02-26,24.799999237060547,24.989999771118164,24.649999618530273,24.68000030517578,18.37162208557129,53.50284590599979,0.01605590573823501,2.171870520310392,77.385179968121,0.7128968005565857,-1.8372571719343411,0.01891035304365679
2015-02-27,24.75,24.780000686645508,24.469999313354492,24.530000686645508,18.259963989257812,51.77904446994034,0.0024522356454057537,2.0296966168110857,72.08483994783435,0.6484502685434852,-1.8767123307059546,-0.004617504426037811
2015-03-02,24.399999618530273,24.6299991607666,24.399999618530273,24.6299991607666,18.33440399169922,52.86926758647125,-0.00845379470734997,1.9276876960215628,62.90320926684003,0.6616527477781274,-1.8504084422083455,-0.017717756582633637
2015-03-03,24.709999084472656,24.729999542236328,24.399999618530273,24.5,18.237627029418945,51.2470875448049,-0.01090042613408615,1.783240448300142,47.09676784233233,0.5980046760579281,-1.8846052495897176,-0.03448173522337722
2015-03-04,24.56999969482422,24.600000381469727,24.1299991607666,24.329999923706055,18.111080169677734,49.124535786866325,-0.015378492632724616,1.5942862914358122,16.806779258955316,0.5143765973515191,-1.929321455650773,-0.054484525643241355
2015-03-05,24.459999084472656,24.479999542236328,24.139999389648438,24.459999084472656,18.207855224609375,50.802672539796205,-0.0024468171261524674,1.4705714330298287,27.731073580348227,0.5505274314774866,-1.895125322244201,-0.06109269708445175
2015-03-06,24.25,24.3799991607666,24.040000915527344,24.09000015258789,17.932430267333984,46.13818421542722,-0.014320813180050407,1.2360164167062577,3.9061941205922324,0.38494817111944346,-1.9924486313256744,-0.08257266221782295
2015-03-09,23.670000076293945,23.700000762939453,23.260000228881836,23.450000762939453,17.456016540527344,39.399517027010596,-0.03179223773276396,0.8280355501166449,9.22332928716067,0.07874234658324995,-2.1607927089406123,-0.12488639818181352
2015-03-10,23.020000457763672,23.260000228881836,22.90999984741211,23.049999237060547,17.15825843811035,35.87300571662294,-0.07947323326842004,0.3655214136968306,5.809103672714783,-0.18460822791772252,-2.7686148437636025,-0.16635415618604463
2015-03-11,23.40999984741211,23.719999313354492,23.40999984741211,23.489999771118164,17.485788345336914,42.02053548512731,-0.06190151714147918,0.14348946560091463,24.06638839952071,0.07245636152333719,-2.632710309338728,-0.1648342884370315
2015-03-12,23.5,23.75,23.469999313354492,23.530000686645508,17.51556396484375,42.55963811527708,-0.04659676302616034,-0.019247899637677583,25.726177530640253,0.1336718330468879,-2.6203552797154646,-0.15507657600152241
2015-03-13,23.65999984741211,23.969999313354492,23.649999618530273,23.8799991607666,17.776105880737305,47.187059791136114,-0.026498305736263106,-0.029959658718207778,40.24893671242721,0.30830937383292895,-2.5122465940766134,-0.12558664071108808
2015-03-16,23.969999313354492,24.389999389648438,23.899999618530273,24.280000686645508,18.073867797851562,51.95116161237022,-0.01421023524765852,0.09529606758136246,56.8465114512154,0.49908779274694376,-2.3886939235509295,-0.08261331066665616
2015-03-17,24.049999237060547,24.440000534057617,23.950000762939453,24.309999465942383,18.096193313598633,52.29860877229265,-0.007755050346855308,0.20208199078989392,67.30767643663246,0.5238443535667398,-2.379430223484291,-0.050830998197810784
2015-03-18,24.510000228881836,24.899999618530273,24.149999618530273,24.709999084472656,18.393951416015625,56.78677864871958,0.015618684456572884,0.415689448170358,90.45223337132057,0.710871599967104,-2.2558791358206425,-0.010035761729225184
2015-03-19,24.899999618530273,25.149999618530273,24.6299991607666,24.65999984741211,18.356731414794922,56.076519607827045,0.00817648143337224,0.5609722123139278,78.12500798276574,0.6826844815151419,-2.2713231207074758,0.012915400713210512
2015-03-20,24.799999237060547,24.899999618530273,24.68000030517578,24.770000457763672,18.438615798950195,57.340653635425966,0.028227380453740736,0.7039820464634378,83.03575001809426,0.7216999392286303,-2.237346195670239,0.031050632207372697
2015-03-23,24.8799991607666,24.950000762939453,24.75,24.799999237060547,18.46094512939453,57.69818543151883,0.05756918175083414,0.8171694101147259,84.3749813735466,0.7175226289287399,-2.2280809127415644,0.04134521761320506
2015-03-24,24.610000610351562,24.700000762939453,24.450000762939453,24.5,18.237627029418945,52.92110771606781,0.06290665193101419,0.797889456760845,70.98215692201583,0.6003232517620319,-2.320744030631546,0.03041489952503268
2015-03-25,24.440000534057617,24.450000762939453,23.079999923706055,23.18000030517578,17.255029678344727,38.009396761586096,-0.013196926694684974,0.3402536007924438,12.053593096078439,0.04831872148867308,-2.906540512003952,-0.04177054124145482
2015-03-26,23.059999465942383,23.510000228881836,22.959999084472656,23.200000762939453,17.26991844177246,38.29312322201325,-0.014024414147573827,-0.017562520002964297,12.946470766047488,0.11053037419456319,-2.8998937419374076,-0.08481298907714459
2015-03-27,22.90999984741211,23.1200008392334,22.65999984741211,22.940000534057617,17.076374053955078,35.98728069038249,-0.03936361717672232,-0.38600885177322736,11.24500852944939,0.06824691226248934,-2.6244202034964994,-0.12044122811418957
2015-03-30,22.780000686645508,23.299999237060547,22.780000686645508,23.25,17.307138442993164,40.581418584849835,-0.042421985345579394,-0.5683423193020136,23.694787422528318,0.22044908324342483,-2.5317437335165613,-0.1222017887522677
2015-03-31,23.40999984741211,23.559999465942383,23.31999969482422,23.479999542236328,17.478347778320312,43.80387781909351,-0.03414229305419891,-0.6281902858872181,32.93171767867224,0.3286653499714373,-2.4629849579885357,-0.10616459499891577
2015-04-01,23.43000030517578,23.469999313354492,23.139999389648438,23.229999542236328,17.292245864868164,41.188982559310354,-0.05989499081682936,-0.7523385941461629,22.89155611320613,0.2561739908866838,-2.5377246891366143,-0.1023736083555549
2015-04-02,23.6200008392334,23.829999923706055,23.579999923706055,23.690000534057617,17.63467025756836,47.40976982130912,-0.03933495244390872,-0.6864057223220204,41.365493225847715,0.44699968363771975,-2.4002048400699514,-0.07249439257811227
2015-04-06,23.200000762939453,23.739999771118164,23.190000534057617,23.540000915527344,17.523012161254883,45.71181801543002,-0.04965685318674751,-0.6774792258733919,35.3414116066388,0.39869747614061146,-2.4450474531531383,-0.0566431523011042
2015-04-07,23.540000915527344,23.6299991607666,23.350000381469727,23.389999389648438,17.411352157592773,44.01419077307442,-0.0568547798850525,-0.7134726301077015,29.317253387076143,0.34122052628457594,-2.489890832239863,-0.05028634402968192
2015-04-08,23.1299991607666,23.350000381469727,23.079999923706055,23.200000762939453,17.26991844177246,41.891997619387006,-0.053061101978096326,-0.7980342109186676,21.686785749576593,0.2604343159923724,-2.5466915265454695,-0.05199917219855124
2015-04-09,23.25,23.670000076293945,23.239999771118164,23.440000534057617,17.448572158813477,45.4686924519953,0.011216583458656615,-0.7742235231095167,34.06115173826856,0.35733617723167016,-2.474943039210955,-0.03813435405603684
2015-04-10,23.729999542236328,23.799999237060547,23.3799991607666,23.5,17.49323272705078,46.357588763784456,0.012930824545075215,-0.7264674838072651,36.68121470573537,0.38190756947291943,-2.457007066382632,-0.023696799489806256
2015-04-13,23.510000228881836,23.690000534057617,23.309999465942383,23.329999923706055,17.36668586730957,44.16096556969403,0.01700078789778292,-0.7384486464369919,32.84312625520313,0.32757784197199596,-2.5078291030787976,-0.020529153578642365
2015-04-14,23.239999771118164,23.299999237060547,22.829999923706055,23.18000030517578,17.255029678344727,42.25829832193685,-0.0030108249737572645,-0.7905329844962931,29.050290044710785,0.29072389583648295,-2.5526709501584475,-0.023594243395762743
2015-04-15,23.15999984741211,23.639999389648438,23.09000015258789,23.510000228881836,17.500680923461914,47.606665040297145,0.0012777606570628652,-0.7103212140837158,72.64960051645129,0.43397796183770854,-2.4540158225690685,-0.007548912385052703
2015-04-16,23.510000228881836,23.549999237060547,22.649999618530273,23.239999771118164,17.299694061279297,44.0144657909227,0.00043072464209314987,-0.7312002735396554,50.0,0.3446071861459537,-2.52212222290039,-0.008852857676576745
2015-04-17,23.040000915527344,23.25,22.8700008392334,23.219999313354492,17.284805297851562,43.75110125685611,-0.01983960882776603,-0.7461964783195845,48.30504639058611,0.354159661651206,-2.7146920222280633,-0.009066114919310128
2015-04-20,23.399999618530273,23.6200008392334,23.190000534057617,23.270000457763672,17.322021484375,44.642750979241875,-0.011470098578387877,-0.7325277754296793,52.542430414120844,0.39636823844113017,-2.6985110796168383,-0.005238691037140905
2015-04-21,23.299999237060547,23.3700008392334,23.15999984741211,23.329999923706055,17.36668586730957,45.754127218907676,-0.002565354481313231,-0.6930642776064063,57.627129602689685,0.4592602702946976,-2.9592247813761006,0.0014079801398578506
2015-04-22,23.399999618530273,23.84000015258789,23.389999389648438,23.84000015258789,17.746328353881836,54.17549352924895,0.027586112448396705,-0.4804776924814333,100.0,1.1002076752104022,-3.106260081655662,0.030847582349842792
2015-04-23,23.84000015258789,24.420000076293945,23.700000762939453,24.299999237060547,18.08875274658203,60.1801725783293,0.03668956874761764,-0.152810411875532,93.22029332212631,1.2687244517328473,-2.9589749674026655,0.0705845998817098
2015-04-24,25.190000534057617,25.309999465942383,24.690000534057617,24.90999984741211,18.542829513549805,66.45703637588583,0.0600001613696004,0.3096264474283321,84.96241949339097,1.3054502214728452,-1.9260490002194173,0.12165727482644183
2015-04-27,24.889999389648438,25.770000457763672,24.770000457763672,25.40999984741211,18.915027618408203,70.55430717028713,0.08915585638669121,0.8317530778152867,88.46152200266661,1.2523431050441711,-1.579106088291878,0.1716550197447776
2015-04-28,25.229999542236328,25.290000915527344,24.799999237060547,25.010000228881836,18.61726951599121,63.8363756503603,0.07894740623692531,1.0947186116849834,75.64102485726984,0.9910103674189071,-1.6745413518574328,0.17521177842075267
2015-04-29,24.850000381469727,24.899999618530273,24.59000015258789,24.790000915527344,18.453506469726562,60.42844711851998,0.05444505561993673,1.2139964607067815,68.58976671053975,0.8620336376275007,-1.7270294935929607,0.15762568382641
2015-04-30,24.5,24.6200008392334,24.360000610351562,24.440000534057617,18.192968368530273,55.364451970170585,0.051635266154812065,1.1778379399914607,57.37180878346035,0.715781762647635,-1.8105352727966306,0.12117433180624454
2015-05-01,24.700000762939453,24.84000015258789,24.56999969482422,24.739999771118164,18.416284561157227,58.56930227385737,0.06546092037532536,1.2343204902110354,66.9871663592698,0.7915669889655935,-1.7389595892843714,0.10541171186495996
2015-05-04,24.559999465942383,24.610000610351562,24.280000686645508,24.31999969482422,18.10364532470703,52.84837454389294,0.045123130752209306,1.1265009645597812,53.525629073365046,0.6357278844611557,-1.8391644458083884,0.06899901295914782
2015-05-05,24.200000762939453,24.450000762939453,24.170000076293945,24.290000915527344,18.081310272216797,52.45418532967333,0.04114915248466655,1.0193648539072262,52.56412999555563,0.6113513094853721,-1.8463231145527603,0.03992133057188135
2015-05-06,24.3799991607666,24.510000228881836,24.25,24.450000762939453,18.200410842895508,54.4070939639465,0.02558740489631184,0.9762689378925027,54.48276315659663,0.6477038945546492,-1.8081498649878742,0.02590049685849094
2015-05-07,24.350000381469727,24.40999984741211,24.229999542236328,24.3700008392334,18.140859603881836,53.22979683836932,0.0028806218996857424,0.9051105451262423,46.360180416138064,0.6050874679557557,-1.82723679543508,0.010591825863000282
2015-05-08,24.459999084472656,24.739999771118164,24.389999389648438,24.549999237060547,18.27484703063965,55.55984066317651,-0.014452081475177958,0.8979638960180005,53.256669141591004,0.6513597608092565,-1.784292118923155,0.007605513832886379
2015-05-11,24.579999923706055,24.6200008392334,24.34000015258789,24.3700008392334,18.140859603881836,52.73077102329729,-0.04092872768385192,0.8231294264598843,41.176513015645064,0.5711564251169708,-1.82723679543508,-0.004619698527940086
2015-05-12,24.18000030517578,24.5,24.139999389648438,24.3799991607666,18.148300170898438,52.87427612813179,-0.025190017509815532,0.7583917169000394,32.850168989270934,0.5561144767810718,-1.824851998955849,-0.012958675407140241
2015-05-13,24.479999542236328,24.670000076293945,24.389999389648438,24.440000534057617,18.192968368530273,53.78143298531835,-0.01411862301745781,0.7186609918860907,18.4049661241063,0.5636428923175202,-1.8105352727966306,-0.016019376369978744
2015-05-14,24.3700008392334,24.520000457763672,24.309999465942383,24.40999984741211,18.17063331604004,53.229671513484156,-0.0012276750026603,0.669504589860504,16.564434407142606,0.5301518322012452,-2.0024717728807873,-0.01985078873544524
2015-05-15,24.450000762939453,24.600000381469727,24.40999984741211,24.559999465942383,18.282291412353516,55.67776810147104,-0.007275797045747434,0.6723907885450227,36.52169730583217,0.5755909926832902,-2.250853369502307,-0.015368045422455928
2015-05-18,24.479999542236328,24.479999542236328,24.3700008392334,24.40999984741211,18.17063331604004,52.706725704565486,0.0037002487693229558,0.6179031125552334,35.526365322404565,0.4667867631431938,-2.293634239311543,-0.020125634035975087
2015-05-19,24.479999542236328,24.65999984741211,24.459999084472656,24.59000015258789,18.30462646484375,55.757721268492666,0.012350664264087818,0.6269639852455191,64.28575321115416,0.5467530101174869,-2.518710354013365,-0.014702724061144395
2015-05-20,24.520000457763672,24.670000076293945,24.40999984741211,24.579999923706055,18.29718589782715,55.54344054985627,0.005317190681408013,0.6235644626364926,62.85715064223083,0.5123705387047988,-2.99205587518751,-0.012175611548499388
2015-05-21,24.3799991607666,24.43000030517578,24.149999618530273,24.239999771118164,18.04408836364746,48.688951808661336,-0.005334435211309829,0.5027946894258715,16.66671964853945,0.21795564535040382,-4.121820264688331,-0.027245507261286717
2015-05-22,24.3700008392334,24.579999923706055,24.200000762939453,24.200000762939453,18.014312744140625,47.93941562918731,-0.0142564414390014,0.38933688969775443,10.000222523865684,0.2127467636341821,-4.140087503949263,-0.03824089708803255
2015-05-26,24.170000076293945,24.3799991607666,24.149999618530273,24.260000228881836,18.058975219726562,49.20261017501086,-0.004513809485508169,0.3156111143960723,20.000127156494678,0.23924174660204636,-5.669840088102805,-0.04126844499030698
2015-05-27,24.170000076293945,24.700000762939453,24.100000381469727,24.600000381469727,18.312070846557617,55.75437197768575,0.009024022862581527,0.3654976948985453,78.12507450587702,0.7349900130472673,-7.616918818396394,-0.02574741896474861
2015-05-28,24.489999771118164,24.649999618530273,24.360000610351562,24.450000762939453,18.200410842895508,52.5350561596462,0.0004090852143792123,0.35130727049773813,54.687611758815535,0.5315486537447338,-8.354420761238542,-0.02263331260478514
2015-05-29,24.049999237060547,24.43000030517578,23.940000534057617,24.280000686645508,18.073867797851562,49.076583825261196,-0.005325379501387895,0.2806065138931751,44.73684870965394,0.246982109738536,-6.899928025109197,-0.028357084764254803
2015-06-01,24.18000030517578,24.239999771118164,23.93000030517578,24.139999389648438,17.969650268554688,46.36918790243123,-0.017100763615854664,0.17616508690263946,27.272592159563242,0.031683334918485476,-7.7404616869921075,-0.03783082457613807
2015-06-02,23.979999542236328,24.0,23.639999389648438,23.670000076293945,17.619779586791992,38.65878446747509,-0.03031560428671376,-0.06212685951085641,2.8302497903718606,-0.3184489063532792,-5.854925195546515,-0.06474912856626922
2015-06-03,23.780000686645508,23.799999237060547,23.479999542236328,23.65999984741211,17.612335205078125,38.512043983447874,-0.03782056198170747,-0.25213968321123914,14.75410861245216,-0.13675790391020962,-5.038875612130131,-0.07918982259016019
2015-06-04,23.270000457763672,23.43000030517578,22.780000686645508,22.979999542236328,17.10614776611328,30.135761178091613,-0.06509406082250646,-0.6243765928383496,10.416606648103132,-0.3009990497407119,-3.276824270828062,-0.11670091451073665
2015-06-05,22.81999969482422,23.040000915527344,22.75,22.860000610351562,17.016822814941406,28.939590238083042,-0.05693086444730766,-0.9515258819298137,5.641054734037454,-0.1543700721342887,-3.2629938916913392,-0.1398365163679553
2015-06-08,22.8700008392334,22.920000076293945,22.600000381469727,22.649999618530273,16.860498428344727,26.925350859417364,-0.06404986591404604,-1.270204327811558,2.3809156180035513,-0.09713503806967526,-3.115095671681782,-0.15670606481295263
2015-06-09,22.8700008392334,23.100000381469727,22.709999084472656,22.829999923706055,16.994491577148438,31.33681919209107,-0.05894485316173126,-1.4471483523619866,10.952357164590532,0.05256320445317583,-3.05128942193723,-0.1498792910730611
2015-06-10,23.049999237060547,23.34000015258789,23.0,23.329999923706055,17.36668586730957,41.83983161329338,-0.051626328183727255,-1.400914802829237,34.76187664906154,0.2659385747427582,-2.8740540778652233,-0.11301494683992958
2015-06-11,23.65999984741211,23.709999084472656,23.459999084472656,23.510000228881836,17.500680923461914,45.09593519144831,-0.03844583100203647,-1.2877977312912412,43.33331819564852,0.3498157610677143,-2.810246919859583,-0.07419985989940073
2015-06-12,23.540000915527344,23.760000228881836,23.399999618530273,23.670000076293945,17.619779586791992,47.888534576687384,-0.025124019724961588,-1.1302367990749542,50.95235716459053,0.42267796026153526,-2.753533280956944,-0.036978372717776875
2015-06-15,23.389999389648438,23.440000534057617,23.229999542236328,23.260000228881836,17.31458282470703,41.994004978749,-0.03645410088998602,-1.1329044249217013,31.428558453413018,0.2892859230402816,-2.8988650460261307,-0.02970019648266259
2015-06-16,23.239999771118164,23.649999618530273,23.200000762939453,23.579999923706055,17.55278968811035,47.4326727889706,-0.003801971435094309,-1.013640111116523,47.804873510174076,0.4265753050892381,-2.7854332269154094,-0.006824998831121892
2015-06-17,23.559999465942383,23.700000762939453,23.450000762939453,23.600000381469727,17.567678451538086,47.76235256336302,-0.0025355384746006404,-0.9018413757901134,54.64481102134876,0.45161928784407745,-2.778343340856763,0.010390870143600378
2015-06-18,23.65999984741211,23.829999923706055,23.56999969482422,23.760000228881836,17.68678092956543,50.4400068109375,0.033942952638487345,-0.7497494859072201,70.73172433684721,0.5364622649872063,-2.7216278854319462,0.0297840901521777
2015-06-19,23.6200008392334,23.68000030517578,23.389999389648438,23.399999618530273,17.418794631958008,44.86717326315241,0.0236220251799093,-0.7439383219722885,57.14281821736423,0.3952527827544763,-2.8492403849210497,0.024754421650636405
2015-06-22,23.65999984741211,23.889999389648438,23.600000381469727,23.84000015258789,17.746328353881836,51.8667845792464,0.05253877453871181,-0.5819547894313432,96.12408717033524,0.6023029297219097,-2.6932719742417155,0.04262889938380182
2015-06-23,24.010000228881836,24.040000915527344,23.75,23.93000030517578,17.813329696655273,53.17639077428562,0.04818256055437886,-0.41809778614957493,92.36107155866088,0.655527187206672,-2.6613665787167182,0.057198514920013155
2015-06-24,23.959999084472656,24.0,23.829999923706055,23.899999618530273,17.790996551513672,52.66205736755454,0.024432450004914896,-0.29519542969672924,90.27769131428192,0.6738010101313449,-2.7278563998548546,0.06310145823277882
2015-06-25,24.040000915527344,24.329999923706055,24.0,24.079999923706055,17.924983978271484,55.44630853607558,0.024244945477563506,-0.13508922028180198,85.54912912422907,0.7948754434118899,-2.936653878744736,0.07309504997246237
2015-06-26,23.920000076293945,24.040000915527344,23.440000534057617,23.6299991607666,17.590003967285156,47.86631921693812,-0.0016898973883394675,-0.15948005860342823,56.79009874644875,0.5692180341919567,-3.277952450778265,0.05503369561660658
2015-06-29,22.670000076293945,22.940000534057617,22.360000610351562,22.3799991607666,17.1890869140625,40.69558574367818,-0.0072479892767300935,-0.3583355140539721,1.0151551972363768,0.26965884480228375,-3.0068302023436186,0.01600146968395015
2015-06-30,22.860000610351562,23.1299991607666,22.670000076293945,22.709999084472656,17.442537307739258,46.18424315719751,-0.0062811884794458095,-0.3955528084378512,17.766426198652848,0.488857964816266,-2.878175135329821,0.00759497265460464
2015-07-01,23.1299991607666,23.229999542236328,22.850000381469727,22.93000030517578,17.611515045166016,49.53751629215681,0.002495298041164329,-0.3435373522793072,28.934004746104698,0.6312178837817662,-2.7923996042008152,0.013416613590916629
2015-07-02,23.0,23.329999923706055,22.950000762939453,23.149999618530273,17.780485153198242,52.7106467382389,0.005297980678675929,-0.2222458148579535,40.10148647379525,0.7480812420193358,-2.706627945862262,0.027819929655166595
2015-07-06,23.0,23.260000228881836,22.8700008392334,22.940000534057617,17.61919403076172,49.51027858714883,0.01150477992524479,-0.1978090900739647,29.441630754603537,0.5914433610253131,-2.7885016406108547,0.025707120381355558
2015-07-07,22.809999465942383,23.0,22.440000534057617,22.959999084472656,17.634553909301758,49.822721514350825,-0.006298454663475672,-0.16945035837124686,30.456785951839915,0.5849101264467419,-2.7807047452333205,0.02456794313555999
2015-07-08,22.59000015258789,22.65999984741211,22.18000030517578,22.229999542236328,17.07387351989746,40.074089891285944,-0.04151139564304229,-0.39981619984575345,2.325546322409399,-0.06888729872947441,-2.7569431122080092,-0.012718802340931833
2015-07-09,22.579999923706055,22.649999618530273,22.110000610351562,22.219999313354492,17.066192626953125,39.95874216160948,-0.040739928337453324,-0.5802085162528532,4.954898064212372,-0.0047595238973655515,-2.653986280832257,-0.03538738579864918
2015-07-10,22.34000015258789,22.670000076293945,22.34000015258789,22.56999969482422,17.335018157958984,45.835082645130996,-0.03291304589324329,-0.5926453262775163,20.720685889653833,0.29002850870189534,-2.532893661844166,-0.029978614883506158
2015-07-13,22.690000534057617,22.8799991607666,22.559999465942383,22.860000610351562,17.55774688720703,50.18524603852072,-0.001833830176395601,-0.49388286848932134,33.78379423310385,0.5226398097337069,-2.4325653743946103,-0.010128501775416854
2015-07-14,22.770000457763672,22.899999618530273,22.690000534057617,22.799999237060547,17.51166534423828,49.30298688739013,0.018766466874507337,-0.43192023375906174,31.08102883448075,0.46405455897282194,-2.4533228326026126,0.0006008304353051219
2015-07-15,22.709999084472656,22.90999984741211,22.40999984741211,22.559999465942383,17.327335357666016,45.83207717187428,-0.006604655506290746,-0.4626503468292912,20.270224989883317,0.2856588856037868,-2.5363543837672555,-0.0037730775567252905
2015-07-16,22.049999237060547,22.829999923706055,21.700000762939453,22.729999542236328,17.45789909362793,48.59269436867451,-0.008722472265681125,-0.4218348291369438,44.01703898000871,0.4266262273384655,-1.9949669288848828,0.0027202649049691274
2015-07-17,22.950000762939453,23.09000015258789,22.780000686645508,23.030000686645508,17.68831443786621,53.132233617106806,-0.005183813295187356,-0.27983173395200983,81.59512935457863,0.6645730175658686,-1.9073565038796068,0.022050694010516736
2015-07-20,23.030000686645508,23.040000915527344,22.6200008392334,22.899999618530273,17.588470458984375,51.02941092855892,-0.0017437557997093123,-0.21100226367615973,73.61959959699927,0.5529140546774284,-1.9453200060629052,0.02728719084543059
2015-07-21,22.940000534057617,23.15999984741211,22.829999923706055,22.8799991607666,17.57311248779297,50.69703938728853,-0.0034841494616079105,-0.16168491978467597,72.39257701655416,0.5469066365524322,-1.9511595406986992,0.028744884769479888
2015-07-22,22.469999313354492,22.540000915527344,22.110000610351562,22.219999313354492,17.066192626953125,41.166145711113046,-0.00044986235463118085,-0.352495572733585,31.901767984376118,0.0704977698698422,-2.1439047964394216,-0.00367816331368874
2015-07-23,22.1299991607666,22.5,22.09000015258789,22.309999465942383,17.13532066345215,42.74684779988795,0.004050583396665086,-0.46694445428896,39.10249434825508,0.17559321225559146,-2.1176203635277115,-0.01886692001742042
2015-07-24,22.059999465942383,22.209999084472656,21.610000610351562,21.639999389648438,16.62071990966797,35.17132892314389,-0.04120550909045695,-0.7886109687290187,1.935406068571063,-0.17003046278847958,-2.4352016765827855,-0.05966654321546008
2015-07-27,21.56999969482422,21.690000534057617,21.329999923706055,21.6299991607666,16.613039016723633,35.07142382177747,-0.05380575745580052,-1.0373594845853291,16.39340161572239,-0.04984450039438956,-2.7404804534912106,-0.0818933443181151
2015-07-28,21.709999084472656,21.989999771118164,21.600000381469727,21.8799991607666,16.805051803588867,39.6839111034347,-0.04035101897843796,-1.1327054159910077,30.05460437105958,0.13101916495805688,-2.6444740600585934,-0.07838325908327357
2015-07-29,21.81999969482422,22.270000457763672,21.739999771118164,22.110000610351562,16.98171043395996,43.65017208761827,-0.019946801777178225,-1.11277134297623,42.62299011826604,0.2770087340085507,-2.5561447448730465,-0.059727011661177415
2015-07-30,22.229999542236328,22.780000686645508,22.190000534057617,22.700000762939453,17.434858322143555,52.31263225783175,-0.0013197906208992638,-0.8735765727939243,74.86343695899825,0.5999084297863662,-2.3295708007812497,-0.014774406082500469
2015-07-31,22.549999237060547,22.610000610351562,22.030000686645508,22.110000610351562,16.98171043395996,44.88229691671438,-0.039947503555996855,-0.8869277489088605,42.62299011826604,0.30043522927710625,-2.634999379370594,-0.013500247837042678
2015-08-03,21.899999618530273,21.899999618530273,21.520000457763672,21.719999313354492,16.68216896057129,40.760875449145274,-0.05152815877461003,-1.0272773374201725,21.311442945780225,0.12734902751124735,-2.921798446396727,-0.02983611533331801
2015-08-04,21.829999923706055,21.920000076293945,21.34000015258789,21.450000762939453,16.47478675842285,38.14898956947489,-0.0625003527481578,-1.2237439809589745,6.557423182312311,0.04786501549606114,-3.0351220588526524,-0.050403860701968395
2015-08-05,21.549999237060547,21.8700008392334,21.520000457763672,21.610000610351562,16.597675323486328,40.578823623996655,-0.027452948276632805,-1.3072820568541053,15.300584607591663,0.16406071895386654,-2.967969834706868,-0.051353880552181014
2015-08-06,21.420000076293945,21.549999237060547,21.010000228881836,21.280000686645508,16.344221115112305,37.32218483130251,-0.046167770296074884,-1.478488999241686,12.558163054384286,0.06660175167661586,-2.5521302053993056,-0.06385835920940211
2015-08-07,21.260000228881836,21.40999984741211,20.989999771118164,21.030000686645508,16.15220832824707,35.02863251953133,-0.028188404832474978,-1.6887370616274087,1.8433600977406268,0.03627588602761672,-2.611396899899359,-0.07888284926572214
2015-08-10,21.1200008392334,21.889999389648438,20.920000076293945,21.610000610351562,16.597675323486328,43.676366466603945,-0.0009247972765150658,-1.6234951251820036,37.09679073315996,0.29367301658261835,-2.311609461812578,-0.05383696465598098
2015-08-11,21.0,21.100000381469727,20.549999237060547,20.829999923706055,15.99859619140625,36.617671985191315,-0.047988879868278156,-1.8408838910584562,12.556076441009509,0.043139397998083764,-2.125832176744676,-0.07152648041807383
2015-08-12,20.530000686645508,20.780000686645508,20.18000030517578,20.75,15.937154769897461,35.97550709918656,-0.061510627455618416,-2.022336475083917,21.923061969014395,0.07626158122684076,-1.8057738882651955,-0.08060059757803095
2015-08-13,20.549999237060547,20.690000534057617,20.40999984741211,20.540000915527344,15.775862693786621,34.27615123249798,-0.0951539495018372,-2.2220886296987636,13.846175289715209,0.06361848703965402,-1.8598987543347383,-0.08998760002804496
2015-08-14,20.3700008392334,20.399999618530273,20.219999313354492,20.3799991607666,15.652972221374512,32.99722727201683,-0.07824525201703147,-2.416140882436222,7.692262547967978,0.058822942175280564,-1.9011371742305638,-0.09642283015856429
2015-08-17,19.899999618530273,20.309999465942383,19.690000534057617,20.280000686645508,15.576164245605469,32.188819441410146,-0.06629861606005127,-2.5814487200696843,19.09385512792815,0.07190318530617226,-1.5675438335736298,-0.09750995677449459
2015-08-18,20.18000030517578,20.200000762939453,20.010000228881836,20.030000686645508,15.3841552734375,30.19714291651374,-0.0662000365150559,-2.779579659485072,11.003240640720966,0.03834987615031004,-1.7754773618098205,-0.10231762028778896
2015-08-19,20.0,20.059999465942383,19.6299991607666,19.90999984741211,15.291986465454102,29.26119236123084,-0.0786669718851909,-2.952766992462527,9.395991625591487,0.06311615576871299,-1.759146220302899,-0.10260044999711976
2015-08-20,19.790000915527344,20.06999969482422,19.610000610351562,19.610000610351562,15.061570167541504,27.007544490128694,-0.07847733694601255,-3.174259056956643,0.0,0.03774997248507555,-1.8168360672999222,-0.10862115979446851
2015-08-21,19.25,19.510000228881836,18.8700008392334,18.8799991607666,14.500885963439941,22.472033500800237,-0.10223508335509068,-3.601246029569504,0.32781390276146627,-0.05157205968369338,-1.4994207279535368,-0.13875200272540117
2015-08-24,17.739999771118164,19.43000030517578,17.31999969482422,18.760000228881836,14.408720016479492,21.823253472682723,-0.13188324655979877,-3.951572486180704,31.50986061746347,0.010434700143884182,-0.9152013094330248,-0.15219911693074883
2015-08-25,19.729999542236328,20.010000228881836,18.700000762939453,18.760000228881836,14.408720016479492,21.823253472682723,-0.09937597998634218,-4.189651381070435,31.50986061746347,0.07421440507235623,-0.9152013094330248,-0.14825556524872763
2015-08-26,19.34000015258789,19.479999542236328,18.940000534057617,19.450000762939453,14.938678741455078,34.444570833894986,-0.06265083340524069,-4.058011086884703,46.60834158320799,0.24978467923695716,-0.818139289523243,-0.09945997642732107
2015-08-27,19.6200008392334,19.940000534057617,19.579999923706055,19.940000534057617,15.315024375915527,41.64907887359262,-0.029211608063284933,-3.713433380911059,57.330437947308766,0.376493559909524,-0.7610122820250632,-0.034686484215734725
2015-08-28,19.6299991607666,20.079999923706055,19.549999237060547,20.0,15.361111640930176,42.48270791087037,-0.01864569720795861,-3.3770352632970853,70.89946609385667,0.4103522224426952,-0.8078451937928244,0.015708854722154886
2015-08-31,20.15999984741211,20.190000534057617,19.75,19.8799991607666,15.268940925598145,41.214552691736344,-0.019723939421992243,-3.122901545838864,73.98840266212872,0.3972752597110925,-0.8278823041598853,0.04559133383038061
2015-09-01,19.350000381469727,19.760000228881836,19.25,19.40999984741211,14.907958984375,36.605763037566675,-0.03095368452791858,-3.076853599205089,62.0177932377999,0.2881845087033475,-0.9097988777944533,0.043791444547884306
2015-09-02,19.700000762939453,20.06999969482422,19.649999618530273,19.940000534057617,15.315024375915527,44.18538611008823,0.0015065348451275273,-2.793791452108328,85.06496441989661,0.46137265590341936,-0.8207254820124905,0.07114319063606223
2015-09-03,20.149999618530273,20.239999771118164,20.020000457763672,20.06999969482422,15.414873123168945,45.894238184126216,0.023457245937666515,-2.4879338112986713,91.97325118762762,0.5224393489730532,-0.7988767393601656,0.09556479504043802
2015-09-04,19.700000762939453,19.829999923706055,19.600000381469727,19.670000076293945,15.107650756835938,41.667115306448224,0.04184329115653962,-2.3801800029211106,80.47946301605373,0.40655406256608995,-0.8661026445787051,0.09067348357061433
2015-09-08,19.959999084472656,20.059999465942383,19.81999969482422,20.049999237060547,15.399511337280273,46.6905229785961,0.06876331274864089,-2.116440625604657,93.49313256529894,0.5816422916829911,-0.8900656107626924,0.10569122583206003
2015-09-09,20.440000534057617,20.65999984741211,19.81999969482422,19.8799991607666,15.268940925598145,44.83052360899826,0.0597014105440874,-1.9536970144165045,76.64668709547364,0.53233449647029,-0.9747913818736882,0.10520087168031661
2015-09-10,19.799999237060547,19.90999984741211,19.270000457763672,19.700000762939453,15.130696296691895,42.88267969946358,0.012853717424417432,-1.8761618455374762,71.25751375403884,0.47140256179766044,-1.031644763480339,0.09428652363206658
2015-09-11,19.739999771118164,19.950000762939453,19.610000610351562,19.899999618530273,15.284303665161133,45.705508723039515,-0.0020059198079178664,-1.7139729471873655,77.24550316882546,0.5941357176420218,-0.9914898013959051,0.09582118090906178
2015-09-14,19.989999771118164,20.170000076293945,19.889999389648438,20.040000915527344,15.391833305358887,47.65574226976991,0.0019999636189644843,-1.5112012192424484,68.36738665867396,0.6863730023237522,-0.9592952998134912,0.10191921545001531
2015-09-15,20.15999984741211,20.559999465942383,20.040000915527344,20.389999389648438,15.660645484924316,52.271219621561094,0.02565368228450504,-1.1950989099270097,84.30229270050734,0.8730208848985901,-0.8788126149976988,0.1206181977744234
2015-09-16,20.709999084472656,20.75,20.459999084472656,20.670000076293945,15.87570858001709,55.641211742579515,0.06491496231351235,-0.8227007559134775,94.66667175292969,0.9647088839141511,-0.8030760893017211,0.1425299242218646
2015-09-17,20.579999923706055,21.020000457763672,20.56999969482422,20.65999984741211,15.86802864074707,55.490535755922885,0.0361086114692184,-0.526301030121168,79.66098772616084,0.9082134018961583,-0.7744245282921599,0.15076689292380765
2015-09-18,20.530000686645508,20.760000228881836,20.350000381469727,20.610000610351562,15.829626083374023,54.69297087346733,0.026906024907963344,-0.30838413498382683,76.83617280358625,0.8432483758957827,-0.7848035957122806,0.14769671892497407
2015-09-21,20.530000686645508,20.719999313354492,20.399999618530273,20.530000686645508,15.768179893493652,53.371148349479846,0.04372149894707067,-0.16596871906959387,72.31640427159776,0.784848757223836,-0.8014106706339504,0.13589316904039744
2015-09-22,20.170000076293945,20.239999771118164,19.8799991607666,19.950000762939453,15.322711944580078,44.89914872871112,-0.0049871318003625875,-0.28091933138841974,38.85716029575893,0.48658446509725156,-1.837728130436356,0.09441737039638015
2015-09-23,19.649999618530273,20.290000915527344,19.600000381469727,20.010000228881836,15.368791580200195,45.85656854961855,0.006539461714378136,-0.3443505147554773,42.28570120675223,0.4813026051437406,-2.0989274446387447,0.06767203319170814
2015-09-24,19.889999389648438,20.030000686645508,19.559999465942383,19.989999771118164,15.353431701660156,45.57231322532522,0.014720763711116192,-0.39817313078547717,41.14281790597098,0.44540499211497686,-2.583450446664296,0.04748633409951791
2015-09-25,20.15999984741211,20.299999237060547,19.959999084472656,20.049999237060547,15.399511337280273,46.64092820813356,0.007537646113492391,-0.412178707404119,44.571358816964285,0.48528858448946816,-2.5574167609564755,0.036282952095506665
2015-09-28,19.969999313354492,20.049999237060547,19.579999923706055,19.6299991607666,15.076927185058594,40.6272825855703,-0.020459299035590073,-0.5851635764789597,20.571354457310267,0.2020814917339189,-2.739667647280682,0.00768685436198123
2015-09-29,19.6200008392334,19.950000762939453,19.489999771118164,19.889999389648438,15.27662181854248,45.32679927547532,-0.024521573312639933,-0.6112042179114116,35.42851039341518,0.3854160087142308,-2.626845849632,0.003001486127366698
2015-09-30,20.360000610351562,20.790000915527344,20.329999923706055,20.75,15.937154769897461,57.35168427186295,0.003870453376658256,-0.28324134998495776,82.35291917707293,0.9476986489898784,-2.2864832502092645,0.04295129851010103
2015-10-01,20.950000762939453,21.0,20.600000381469727,20.860000610351562,16.02164077758789,58.60575318122158,0.00968060622517175,0.019287349195619242,89.54249832639583,0.949910088725929,-2.238205531529019,0.07192347730616609
2015-10-02,20.209999084472656,20.770000457763672,20.209999084472656,20.760000228881836,15.944829940795898,56.96570948776524,0.007277737125002348,0.21576740367243585,83.00652861457986,0.8438719104831908,-2.2820974382673,0.08203880260603426
2015-10-05,21.059999465942383,21.440000534057617,20.790000915527344,21.399999618530273,16.43638801574707,63.92357033891293,0.04237699764759384,0.6163973985421453,97.94867180118196,1.0947544538762393,-1.6878121393507108,0.11588974849359658
2015-10-06,21.059999465942383,21.360000610351562,20.959999084472656,21.229999542236328,16.30582046508789,61.09783166726466,0.06416021681172146,0.8547080282300171,89.23072258162959,0.9342636605425527,-1.7479815154191995,0.12287645880422213
2015-10-07,21.68000030517578,22.100000381469727,21.6299991607666,21.93000030517578,16.843460083007812,67.47378573810076,0.09595214399988672,1.2993894352278739,93.4865886383434,1.1098346240135635,-1.2394347845134068,0.15502229194244507
2015-10-08,21.780000686645508,22.270000457763672,21.670000076293945,22.25,17.0892333984375,69.90225948305522,0.11305626849466188,1.7500759503973988,99.28055925094733,1.0958845012981424,-1.2455848128431768,0.1822726854310751
2015-10-09,22.309999465942383,22.43000030517578,21.90999984741211,21.950000762939453,16.858816146850586,65.00228870927879,0.09476305952887731,1.9646921255911098,83.67348792369569,0.9257564913448305,-1.2769602538459988,0.1742213956928725
2015-10-12,22.06999969482422,22.200000762939453,22.010000228881836,22.09000015258789,16.966346740722656,66.19327592686523,0.12531860985151533,2.1602826961333936,88.43537106033644,0.9123288978985564,-1.240385228560659,0.16563571291480278
2015-10-13,21.81999969482422,22.030000686645508,21.68000030517578,21.940000534057617,16.851137161254883,63.69237698057227,0.10306698440366469,2.2302751408853427,83.33334414596534,0.8264196749751048,-1.2795721532340254,0.14257288381537025
2015-10-14,21.780000686645508,22.530000686645508,21.65999984741211,22.34000015258789,17.15835952758789,67.24617849755589,0.07662627208697725,2.4066015827305653,93.74998431457189,0.8925461209113095,-1.1489866912279556,0.13827871894276428
2015-10-15,22.549999237060547,22.790000915527344,21.790000915527344,21.950000762939453,16.858816146850586,60.97906326588239,0.05225278614620987,2.3705705322093005,74.54545874897624,0.7578032395089693,-1.1793280944842386,0.10693595878248607
2015-10-16,22.010000228881836,22.219999313354492,21.989999771118164,22.15999984741211,17.02010726928711,62.97973140882667,0.06743736574700265,2.3918596880151752,80.9090651625205,0.7846871868157639,-1.1304520137259697,0.08944835511146587
2015-10-19,22.079999923706055,22.299999237060547,21.959999084472656,22.229999542236328,17.07387351989746,63.64881429018557,0.03878501186146499,2.4056911759133075,78.29453581968619,0.7738383906343197,-1.1141592161609015,0.07449576717317352
2015-10-20,22.200000762939453,22.420000076293945,22.170000076293945,22.309999465942383,17.13532066345215,64.43982234423066,0.05087141736536882,2.417129233969426,81.39530585570401,0.7674915304006755,-1.095538876086538,0.06223630307385536
2015-10-21,22.329999923706055,22.450000762939453,22.139999389648438,22.219999313354492,17.066192626953125,62.784613660129146,0.013223681051734326,2.3645489211076915,77.90693032416033,0.7215761117504738,-1.116486758670197,0.043832646120804286
2015-10-22,22.389999389648438,22.6200008392334,22.31999969482422,22.510000228881836,17.288928985595703,65.83014539953524,0.011685461980785128,2.401048774455135,85.99996566772461,0.7746914330461422,-1.0489909158217983,0.04106887861045949
2015-10-23,22.75,22.75,22.399999618530273,22.469999313354492,17.258203506469727,65.03944914019955,0.023690118934819093,2.3864118126331983,82.51359114824356,0.74259307171991,-1.0583016638432137,0.03198382543254136
2015-10-26,22.469999313354492,22.520000457763672,21.93000030517578,22.15999984741211,17.02010726928711,59.114093082465025,0.003168656717088991,2.2348232637362795,45.6896452501336,0.6366250945038171,-1.1304520137259697,0.00610615143067228
2015-10-27,22.059999465942383,22.299999237060547,21.8799991607666,22.200000762939453,17.050832748413086,59.6252779150968,0.011850570394581705,2.1049068534335826,47.78764646904528,0.6392240893605308,-1.6064822069634441,-0.01179860478050837
2015-10-28,22.06999969482422,22.270000457763672,21.8700008392334,22.079999923706055,16.958663940429688,57.3105041939738,-0.01163838459248534,1.9356332483910812,37.16811321200582,0.56420434327344,-1.6422065257891094,-0.03158342856771934
2015-10-29,21.809999465942383,21.81999969482422,21.520000457763672,21.81999969482422,16.75897216796875,52.55041428764198,-0.005922360028849827,1.6869316792390538,23.621978655725197,0.3951333725312228,-1.7196063826641355,-0.05829936851015838
2015-10-30,21.84000015258789,22.06999969482422,21.649999618530273,21.959999084472656,16.86649513244629,54.73068581220594,-0.009025333061091434,1.5236530113616098,34.64554867041328,0.4207433706973101,-2.343752891540527,-0.06822050120752804
2015-11-02,21.860000610351562,22.139999389648438,21.770000457763672,22.100000381469727,16.97402572631836,56.86530489929118,-0.005847987187133641,1.4291142540739528,45.66926886997894,0.5045527872500053,-2.56012533873644,-0.06693891671130314
2015-11-03,22.239999771118164,22.950000762939453,22.110000610351562,22.770000457763672,17.488616943359375,65.29830600965418,0.020618013916761546,1.5806107251409907,87.41256875790282,1.1449396060559012,-3.201148709138732,-0.03257264355350342
2015-11-04,23.100000381469727,23.65999984741211,23.049999237060547,23.549999237060547,18.087705612182617,72.1297145848534,0.059855939022754656,1.9588633357560417,94.85978309696465,1.355410366717629,-1.9858765535091663,0.02619560428865131
2015-11-05,23.229999542236328,23.229999542236328,22.950000762939453,22.979999542236328,17.649911880493164,62.454001702627096,0.02087942493130801,2.0258830181755614,68.2242757420836,0.9185535087016486,-2.1904531219919146,0.03094669092096658
2015-11-06,22.59000015258789,22.829999923706055,22.43000030517578,22.81999969482422,17.527027130126953,60.02023154661895,0.015576570502048526,1.9973339495680025,60.74764522592284,0.7895108126826332,-2.247875918914487,0.02161802931597645
2015-11-09,22.75,22.979999542236328,22.68000030517578,22.959999084472656,17.634553909301758,61.43635368022192,0.03610122017993511,2.001129079952536,67.28967464544696,0.8325285497543012,-2.1976297460908256,0.01860853181238087
2015-11-10,22.510000228881836,22.670000076293945,22.329999923706055,22.510000228881836,17.288928985595703,54.726250075860115,0.013963906672228577,1.821598767458278,46.26168474191961,0.5614474050856263,-2.3591367658488243,-0.00924396886388934
2015-11-11,22.420000076293945,22.700000762939453,22.280000686645508,22.579999923706055,17.342695236206055,55.53976390684645,0.02264513862208406,1.6849809058642942,49.53269945168168,0.5950691788437921,-2.334012342510001,-0.02569822796114435
2015-11-12,22.440000534057617,22.68000030517578,22.239999771118164,22.239999771118164,17.081552505493164,50.76817623121409,0.019248217270803725,1.4383518095281054,33.64483732272348,0.3851245220039729,-2.456041690731353,-0.05418391464956257
2015-11-13,22.06999969482422,22.149999618530273,21.56999969482422,21.889999389648438,16.812734603881836,46.353430562761446,-0.0031874155325272158,1.1043310109156008,17.28967464544696,0.19314659740097026,-2.5816575684328367,-0.089083715672441
2015-11-16,21.829999923706055,22.3799991607666,21.799999237060547,22.350000381469727,17.166044235229492,52.23274134954923,0.011312490743631054,0.9937211201907109,38.78505422575884,0.4568038995110117,-2.4165595627713965,-0.08626848850141766
2015-11-17,22.43000030517578,22.81999969482422,22.3799991607666,22.520000457763672,17.296613693237305,54.229127120517525,-0.010978755538183171,0.9562806756408075,46.72898529023794,0.5499595031142481,-2.3555457799453823,-0.073979925345492
2015-11-18,22.3799991607666,22.559999465942383,22.149999618530273,22.520000457763672,17.296613693237305,54.22912712051752,-0.04373644374289731,0.9159740492982268,45.454578640252166,0.5414533315625332,-2.3555457799453823,-0.06456186807130404
2015-11-19,22.940000534057617,22.940000534057617,22.59000015258789,22.670000076293945,17.41181755065918,56.10632841135783,-0.013489831079390724,0.927179772816366,52.6315933569516,0.6241510151080001,-2.301712186356928,-0.04993750779745698
2015-11-20,22.809999465942383,22.889999389648438,22.709999084472656,22.829999923706055,17.53470802307129,58.081319451140615,0.00043823136047604905,0.9819015628581444,60.28708788952345,0.7032899601812993,-2.2442867155803694,-0.032212211304503774
2015-11-23,22.920000076293945,22.940000534057617,22.540000915527344,22.56999969482422,17.335018157958984,53.84190269702379,-0.0169857288641011,0.9212034567945062,47.84688645892082,0.5430336668862085,-2.337599763274794,-0.033985402785262214
2015-11-24,22.43000030517578,22.579999923706055,22.15999984741211,22.5,17.281248092651367,52.7259059911415,-0.0004442665564035053,0.8383333116767717,56.02411991938578,0.49351765963135386,-2.362725969182942,-0.03849719481621022
2015-11-25,22.56999969482422,22.65999984741211,22.510000228881836,22.559999465942383,17.327335357666016,53.61338933407623,-0.0008856684806392012,0.7851146279467712,70.21275732300208,0.5151724029703973,-2.341189857893574,-0.03802856859245585
2015-11-27,22.389999389648438,22.639999389648438,22.34000015258789,22.450000762939453,17.242849349975586,51.697395123649855,0.009442750852450388,0.6954942218475054,62.411430024646734,0.4227593879776374,-2.452406712406527,-0.042709085275260156
2015-11-30,22.440000534057617,22.8700008392334,22.3799991607666,22.760000228881836,17.48094940185547,56.423787707013645,0.03974456349411182,0.7271447703177975,86.86129964150221,0.609381600032584,-2.3384832509249276,-0.029687593211299018
2015-12-01,22.84000015258789,23.350000381469727,22.829999923706055,23.280000686645508,17.880332946777344,62.96920880513256,0.04161055987971496,0.9268588752125596,96.06743439205428,0.9264000472921856,-2.1473906596505454,0.004106966627651837
2015-12-02,23.190000534057617,23.360000610351562,23.059999465942383,23.190000534057617,17.811206817626953,61.25422156400769,0.029751090792462298,1.0399699304571355,90.50279389137282,0.8325822334247125,-2.1804653601785797,0.01924156275418265
2015-12-03,23.280000686645508,23.309999465942383,22.81999969482422,22.93000030517578,17.611515045166016,56.469575707859924,0.018205953923329687,1.0249707170004991,75.97764886901743,0.7106717116203994,-2.5934428072747737,0.013510824847037917
2015-12-04,22.829999923706055,23.3700008392334,22.729999542236328,23.309999465942383,17.90337371826172,61.23547982809686,0.02823118070082975,1.1342448438634651,96.17826037833497,0.9551054182166948,-2.4190131363255376,0.02634132172813608
2015-12-07,23.450000762939453,23.5,23.18000030517578,23.239999771118164,17.849611282348633,59.93376756109264,0.017958853883566883,1.1817727376502287,80.74072922862604,0.867864826220625,-2.3096620850776173,0.02801627619220709
2015-12-08,23.0,23.219999313354492,22.8799991607666,23.079999923706055,17.726720809936523,56.95349351771503,0.02259603355521711,1.14942892648608,68.88889202855654,0.7525142265719801,-2.373335894912024,0.018135904353092647
2015-12-09,22.950000762939453,23.010000228881836,22.649999618530273,22.729999542236328,17.45789909362793,50.981392639077136,0.010222120533740942,0.9890430885074014,42.537285814736684,0.5133440551713115,-2.5126217362601735,-0.00782350318865943
2015-12-10,22.719999313354492,22.850000381469727,22.610000610351562,22.649999618530273,17.396451950073242,49.6985525036977,0.00398887601472131,0.8242182636413489,36.567142934412836,0.45750802406647584,-2.5444596294407607,-0.02924811165226701
2015-12-11,22.420000076293945,22.559999465942383,22.15999984741211,22.18000030517578,17.035470962524414,42.87334952208503,-0.012026921029236082,0.5211704890684901,1.492571304939463,0.14901578414413708,-2.731496380979487,-0.06575617032449804
2015-12-14,22.329999923706055,22.40999984741211,22.06999969482422,22.219999313354492,17.066192626953125,43.58345588944439,-0.023726215628672942,0.291232848723059,10.489481574749378,0.13368560708891572,-3.166590873901872,-0.08465701083652852
2015-12-15,22.420000076293945,22.899999618530273,22.420000076293945,22.81999969482422,17.527027130126953,53.01764103393727,-0.019759465201349524,0.31862599185448093,52.447541254741694,0.5518893227133146,-3.5589032134149265,-0.06388942782370356
2015-12-16,23.110000610351562,23.229999542236328,22.889999389648438,23.15999984741211,17.78816032409668,57.36809367299021,-0.0012939321723818287,0.455669292168763,76.22377062737084,0.7758176060302493,-3.3762926272321305,-0.031945970554128
2015-12-17,23.09000015258789,23.290000915527344,22.950000762939453,22.959999084472656,17.634553909301758,54.18941903539916,0.0013081704825881335,0.48743862524434234,62.23770627370847,0.6148381357535901,-3.483709677591459,-0.021067122222332507
2015-12-18,22.770000457763672,23.079999923706055,22.719999313354492,22.93000030517578,17.611515045166016,53.70873798659827,-0.01630188129279808,0.49618003599546084,60.139889987355474,0.5831939220989758,-3.4998207679544153,-0.0155809176029936
2015-12-21,22.93000030517578,23.049999237060547,22.75,22.950000762939453,17.626873016357422,54.001653379657704,-0.012478605974544421,0.5042992983711059,61.538523098920685,0.5931865932840324,-3.48908093025241,-0.011276405109942614
2015-12-22,22.979999542236328,23.09000015258789,22.950000762939453,23.059999465942383,17.711360931396484,55.66371788040113,-0.0008664816637394823,0.5432409049636848,69.23073845053966,0.656903780045532,-3.429998484791899,-0.0035007912817889564
2015-12-23,23.200000762939453,23.209999084472656,22.969999313354492,23.079999923706055,17.726720809936523,55.97516282270409,0.015398285605094042,0.5743860355222767,70.62937156210486,0.6532434194688579,-3.419257313279945,0.0016392203091344926
2015-12-24,23.149999618530273,23.280000686645508,23.079999923706055,23.149999618530273,17.780485153198242,57.11085503054012,0.022075375152769805,0.6164641714944802,75.52445407158824,0.6857602182553082,-3.3816598784632372,0.0073049866808397035
2015-12-28,23.149999618530273,23.190000534057617,22.850000381469727,23.010000228881836,17.672958374023438,54.10474273882305,0.03742117919142962,0.5935793133620647,77.04914700953049,0.5608684141936203,-3.456853414286705,0.00269340495741803
2015-12-29,23.06999969482422,23.229999542236328,22.979999542236328,23.079999923706055,17.726720809936523,55.36966452453507,0.03870389825204534,0.5931767926464615,82.786821172174,0.6048151124002539,-3.419257313279945,0.0021688893786819124
2015-12-30,23.049999237060547,23.09000015258789,22.84000015258789,22.8799991607666,17.57311248779297,51.04116905061214,0.0026293881628562943,0.5165672022769614,66.39333241613929,0.4578097321946216,-3.5266756974492215,-0.009005297007719612
2015-12-31,22.860000610351562,23.0,22.56999969482422,22.75,17.4732608795166,48.39284437486433,-0.0177027550259653,0.405437322247415,55.73767416264352,0.36580544788000147,-3.5965019820415827,-0.022817568636135155
2016-01-04,22.239999771118164,22.299999237060547,21.860000610351562,22.09000015258789,16.966346740722656,37.698796502623445,-0.03789192355053794,0.08325922107449751,16.083880640015366,-0.05906006030582139,-3.365936396877531,-0.06348505275448116
2016-01-05,22.18000030517578,22.420000076293945,21.950000762939453,21.950000762939453,16.858816146850586,35.88711502443675,-0.042739020259476734,-0.2205006647301369,6.293715621048588,-0.048508840946800975,-3.4315038565673306,-0.09322058699120916
2016-01-06,21.65999984741211,21.709999084472656,21.260000228881836,21.34000015258789,16.390308380126953,29.28393390006272,-0.07015224056376645,-0.6733732945262159,3.9408816081856237,-0.19326777707047457,-2.780862168269434,-0.13736965227742612
2016-01-07,20.8799991607666,21.3799991607666,20.81999969482422,21.100000381469727,16.205970764160156,27.16595560559412,-0.08499573652568737,-1.1099016358004152,11.336054585665394,-0.12747695487765873,-2.2500269839504803,-0.16979030426121092
2016-01-08,21.270000457763672,21.399999618530273,20.770000457763672,20.809999465942383,15.983232498168945,24.829165221417526,-0.09835368483889495,-1.54806243063884,1.5935858378996977,-0.08983417524928285,-2.2815107500268694,-0.19522392317975784
2016-01-11,21.170000076293945,21.25,20.700000762939453,20.93000030517578,16.075401306152344,27.604283270769713,-0.09589636235202492,-1.8348508598608335,8.914711203012132,0.03380017667298218,-2.1675595306302498,-0.19440334421217992
2016-01-12,21.229999542236328,21.239999771118164,20.510000228881836,20.75,15.937154769897461,26.05079478666393,-0.0982180553696852,-2.1079263892746476,8.664250233082097,0.0466078486605422,-2.026908032199879,-0.19143164317515862
2016-01-13,20.899999618530273,21.06999969482422,20.450000762939453,20.479999542236328,15.729776382446289,23.879811982975696,-0.11265165446566228,-2.401219955227988,1.0600275655693234,0.04353837238407206,-2.044050748902939,-0.19124296377932914
2016-01-14,20.729999542236328,21.8700008392334,20.700000762939453,21.81999969482422,16.75897216796875,47.33641114921254,-0.04632874912681262,-2.11070300529692,48.409857555426,0.3987366771106721,-1.6816578861474116,-0.11345736306245585
2016-01-15,20.559999465942383,21.280000686645508,20.559999465942383,21.100000381469727,16.205970764160156,40.17310500782,-0.07252739623672955,-2.125106687564741,23.381291508864372,0.2411206974786519,-1.8763766798434904,-0.09182670112942104
2016-01-19,21.6299991607666,21.799999237060547,21.229999542236328,21.65999984741211,16.636083602905273,46.90328518408025,-0.01946577792287396,-1.9053951855375932,43.52516603545749,0.39947572138781967,-1.729673944471216,-0.04357743611349507
2016-01-20,20.84000015258789,21.209999084472656,20.739999771118164,21.09000015258789,16.198286056518555,41.75445416843551,-0.03918009927734012,-1.9227171838653259,24.24240672774037,0.2747531985882321,-1.884372728283689,-0.03646214396400216
2016-01-21,21.149999618530273,21.469999313354492,20.850000381469727,21.329999923706055,16.38262367248535,44.516279919661166,-0.00046885680631358895,-1.8258964857875852,34.509781335503476,0.35536960579602755,-1.8192357597549424,-0.015715507239804305
2016-01-22,21.760000228881836,21.950000762939453,21.6200008392334,21.93000030517578,16.843460083007812,50.797425827991475,0.03933669436560239,-1.5066712258723045,75.12690650212471,0.531653568542605,-1.6563960343322761,0.03016874513838258
2016-01-25,21.709999084472656,22.06999969482422,21.700000762939453,21.790000915527344,16.735929489135742,49.39233999767564,0.047092913842867956,-1.2912423610505492,68.02033602266357,0.511232839965165,-1.6943927116365116,0.05306282459796974
2016-01-26,21.780000686645508,21.860000610351562,21.5,21.59000015258789,16.582321166992188,47.376342167343935,0.03153388529378964,-1.1816131157187844,70.37037909167759,0.4730552217426143,-1.7732522641198754,0.057285449706816816
2016-01-27,21.719999313354492,22.0,21.610000610351562,21.68000030517578,16.651445388793945,48.39705860586139,0.04481920576222653,-1.0489887225297545,75.925947729194,0.5254113045276411,-1.7483874252154348,0.06366751745226146
2016-01-28,21.780000686645508,21.8700008392334,21.479999542236328,21.6299991607666,16.613039016723633,47.841807579485845,0.05615226897077985,-0.9515631920959854,72.83945529854735,0.5380708281556185,-1.8353949368551858,0.06406106102915199
2016-01-29,21.8700008392334,22.399999618530273,21.8700008392334,22.350000381469727,17.166044235229492,55.71941571167902,0.024289799110638555,-0.599179256697707,97.43593505620814,0.8672422763341829,-1.6698264746053288,0.09827698141854307
2016-02-01,22.18000030517578,22.549999237060547,22.149999618530273,22.459999084472656,17.25052833557129,56.79304883219022,0.06445510649205866,-0.27689982242458516,95.71427533414956,0.9450393489926879,-1.9055594057787264,0.1217745409292291
2016-02-02,22.299999237060547,22.6200008392334,22.280000686645508,22.559999465942383,17.327335357666016,57.794933597185974,0.041551351343294796,0.014185048463955938,97.23495985338906,0.9502927198564434,-1.8210162652005577,0.13655477658296486
2016-02-03,22.75,23.100000381469727,22.59000015258789,22.920000076293945,17.603832244873047,61.27604454378053,0.08677129070633183,0.37129669669064175,92.91337636630692,1.0184999750846486,-1.4560260104810616,0.15752886287115153
2016-02-04,22.969999313354492,23.25,22.920000076293945,23.229999542236328,17.841928482055664,64.02754932452636,0.08907637987322015,0.7561592831576531,99.2564887065839,1.0244035129973355,-1.313454639831172,0.17847595856398896
2016-02-05,23.010000228881836,23.360000610351562,22.65999984741211,22.75,17.4732608795166,57.24496809551847,0.03739141443652372,0.8750293079578512,76.71754141383992,0.8253804710270672,-1.4049347214812034,0.15917902215328694
2016-02-08,22.479999542236328,22.90999984741211,22.260000228881836,22.799999237060547,17.51166534423828,57.74709800564747,0.04635152505907203,0.9753581304784237,78.6259086292938,0.8087258582415272,-1.3917373102319095,0.14128507051778866
2016-02-09,22.229999542236328,22.68000030517578,22.06999969482422,22.559999465942383,17.327335357666016,54.44216110911513,0.044928221035593685,0.9568995330656024,68.12744735224318,0.7092354988588256,-1.45508095155072,0.11067210348410852
2016-02-10,22.670000076293945,22.90999984741211,22.280000686645508,22.299999237060547,17.127635955810547,51.03445638471494,0.02859755149766552,0.8388911902577305,43.61698026301105,0.6049023136587311,-1.5237061791544477,0.0724588020364415
2016-02-11,22.15999984741211,22.360000610351562,21.790000915527344,22.0,16.897216796875,47.35157654493048,0.017105707141559012,0.6298653628674102,27.65958310252399,0.46848934935807457,-1.690136132865852,0.029359351230759223
2016-02-12,22.290000915527344,22.31999969482422,21.920000076293945,22.239999771118164,17.081552505493164,50.433273061336244,-0.004922026797701484,0.5445825398617753,40.425521121845016,0.5577228331418403,-1.6243019781240828,0.011858471901655093
2016-02-16,22.6200008392334,23.690000534057617,22.59000015258789,23.34000015258789,17.926414489746094,61.54374416805608,0.03918060600967799,0.8634499315352415,84.16288577403365,0.9515796156544553,-1.3357574758348694,0.05344592220560382
2016-02-17,23.360000610351562,23.739999771118164,23.270000457763672,23.639999389648438,18.156835556030273,63.91916165278613,0.047872346280714684,1.2069869707414576,95.5752048078684,0.9840071103115237,-1.2430547383626305,0.09055471192098669
2016-02-18,23.979999542236328,24.190000534057617,23.760000228881836,23.799999237060547,18.27972412109375,65.15534556371937,0.03839458742953816,1.5153438610135288,83.74994337557847,0.9831334625245053,-1.1515437553751253,0.11584219435110552
2016-02-19,23.799999237060547,24.030000686645508,23.510000228881836,23.780000686645508,18.264362335205078,64.85620663872842,0.0236764682458106,1.7296493844509917,82.91667030917331,0.9268996974916749,-1.5685815609425815,0.12330785656389681
2016-02-22,24.020000457763672,24.1299991607666,23.850000381469727,23.959999084472656,18.402606964111328,66.3533254467643,0.05318675724026822,1.9376997287918591,90.41660474405364,0.9259955613966521,-1.5175688014183346,0.12873354377277552
2016-02-23,23.739999771118164,23.75,23.260000228881836,23.399999618530273,17.97249984741211,58.06552924102712,0.02631585826447136,1.8834810365127046,67.08328995439052,0.7183630864734613,-1.676279856505499,0.0960319002634725
2016-02-24,23.079999923706055,23.5,22.829999923706055,23.420000076293945,17.98786163330078,58.266029913159436,0.03812047623020898,1.826036320923304,67.91664249366801,0.7049670891092419,-1.6706113029016318,0.06935696723943169
2016-02-25,23.68000030517578,23.700000762939453,23.3799991607666,23.690000534057617,18.195240020751953,60.97844240718462,0.062332248752591024,1.8525549422572074,79.16666335529699,0.777384464222882,-1.5940879407047048,0.059953776026244354
2016-02-26,23.690000534057617,24.09000015258789,23.420000076293945,23.770000457763672,18.25667953491211,61.771173630530534,0.0804548319631273,1.878749908095258,82.49999403953457,0.7893335067136314,-1.8542174759256804,0.052418984055705664
2016-02-29,23.56999969482422,23.75,23.459999084472656,23.549999237060547,18.087705612182617,58.265363280717445,0.05890290747084559,1.801967889250324,73.33327505322696,0.6808650859501918,-1.9246232882536713,0.03162633405687243
2016-03-01,24.149999618530273,24.68000030517578,23.989999771118164,24.579999923706055,18.878807067871094,67.55082337684482,0.05312789005686369,2.0711297662640344,96.53977845711962,1.007531463445884,-1.389333724042894,0.06481158549129185
2016-03-02,24.450000762939453,24.700000762939453,24.3799991607666,24.6200008392334,18.909526824951172,67.84995249201907,0.041454980775596395,2.2683899210318588,97.25086158416127,0.9504037943635965,-1.371853691276927,0.08141601177385682
2016-03-03,24.6299991607666,24.8700008392334,24.450000762939453,24.559999465942383,18.86344337463379,66.85432606831407,0.03193260738910508,2.3741154275615415,89.49148158924126,0.8781808122024354,-1.3321810433073427,0.08167050178255075
2016-03-04,24.559999465942383,24.950000762939453,24.440000534057617,24.649999618530273,18.93256950378418,67.62183084656667,0.0365852996297118,2.4578508513386743,87.28809038890505,0.861866605324808,-1.286250490417987,0.0788300903161458
2016-03-07,24.399999618530273,24.719999313354492,24.059999465942383,24.700000762939453,18.970972061157227,68.06425002545087,0.030885031569403143,2.5101170314498713,88.20755183802657,0.8367497551569472,-1.2740977818017203,0.07205837732950054
2016-03-08,24.360000610351562,24.850000381469727,24.31999969482422,24.649999618530273,18.93256950378418,67.07719529041402,0.053418815664105335,2.504282903195796,85.84900822408818,0.7899645342430283,-1.286250490417987,0.05811182648622781
2016-03-09,24.719999313354492,24.790000915527344,24.520000457763672,24.739999771118164,19.001691818237305,67.97736026432193,0.056361907023991575,2.4996495927645808,90.09429675993778,0.7873555410615373,-1.2643763392183491,0.04712886502978403
2016-03-10,24.860000610351562,25.0,24.510000228881836,24.739999771118164,19.001691818237305,67.97736026432193,0.044322130214582645,2.4663738287560326,88.01842305342772,0.7665856098707144,-1.2506323652793523,0.03406052813210497
2016-03-11,25.0,25.3799991607666,24.989999771118164,25.350000381469727,19.470205307006836,73.64241482875724,0.06647023462147716,2.6105733167995067,98.82357693049919,0.9444753651708204,-1.0900333576621415,0.05019198760985799
2016-03-14,25.309999465942383,25.3799991607666,25.110000610351562,25.219999313354492,19.370361328125,70.76915156045736,0.07091312427588803,2.648845774282865,93.72549430263574,0.8996787865128604,-1.5359928204363933,0.04739403250848767
2016-03-15,24.899999618530273,25.200000762939453,24.729999542236328,24.8799991607666,19.10921859741211,63.76187549917055,0.01220477166341416,2.536892754162539,75.0,0.7417572821725558,-1.8411303684400282,0.02247643039695968
2016-03-16,24.760000228881836,25.799999237060547,24.719999313354492,25.780000686645508,19.800472259521484,71.73886507251792,0.047116220454269,2.7102126259175323,99.15972447618017,1.010372791604716,-1.402043220401571,0.04572936843220787
2016-03-17,25.739999771118164,25.850000381469727,25.6200008392334,25.770000457763672,19.792787551879883,71.55030082007849,0.049266942349232457,2.8086290572946995,96.65272467397524,0.9379203968702052,-1.3876993084283318,0.05324686998675843
2016-03-18,25.8799991607666,26.25,25.799999237060547,26.040000915527344,20.000165939331055,73.56929227520797,0.0563894106044871,2.9370845863061215,90.70800605287744,0.9561273565804705,-1.2094368190779476,0.06411108886247846
2016-03-21,25.8799991607666,26.020000457763672,25.75,25.93000030517578,19.91568374633789,71.34790442012583,0.04979774795593883,2.966399982840967,85.38814535212347,0.8721567866797767,-1.2341392141389187,0.05773146246840477
2016-03-22,25.760000228881836,26.059999465942383,25.65999984741211,25.809999465942383,19.823514938354492,68.90350264875651,0.04705887567940703,2.915767462328116,79.90865631240796,0.8084477193568655,-1.2610891573925096,0.0402560349932467
2016-03-23,25.81999969482422,25.81999969482422,25.540000915527344,25.68000030517578,19.723657608032227,66.25505700779529,0.03799481628798973,2.8008055748590928,73.97262302177948,0.7481982998912657,-1.6559862312064748,0.01615964996629049
2016-03-24,25.520000457763672,25.75,25.440000534057617,25.729999542236328,19.762069702148438,66.78395318094255,0.04001632545062872,2.693899559562056,76.25569265043882,0.7441131504206769,-1.6745549373708914,-0.00203625013032549
2016-03-28,25.719999313354492,25.760000228881836,25.540000915527344,25.6299991607666,19.685264587402344,64.60360758108732,0.011045557918082816,2.5475018602193065,67.87560926437627,0.6909260640516178,-1.7349509886762315,-0.022928233508873852
2016-03-29,25.559999465942383,26.020000457763672,25.440000534057617,25.969999313354492,19.946401596069336,68.383115452571,0.02973823039160073,2.509870391341348,83.9080043978642,0.8185359038452571,-2.171202551120736,-0.022795942461780072
2016-03-30,26.31999969482422,26.6200008392334,26.31999969482422,26.459999084472656,20.32274627685547,72.87783543104574,0.06350483005138163,2.603429483079026,92.41698064086896,0.9632005441445363,-1.8418637438551364,-0.0020887373753339933
2016-03-31,26.280000686645508,26.440000534057617,26.18000030517578,26.200000762939453,20.12305450439453,67.40240770975372,0.016291643989346127,2.5643444027783366,77.8947505792312,0.8204727226392006,-1.919868300627785,-0.006327620744064677
2016-04-01,25.8799991607666,26.209999084472656,25.770000457763672,26.1200008392334,20.06161880493164,65.76534613660749,0.013582283564005815,2.4788106448127305,73.68423166035569,0.7625622234753896,-1.9438666078567814,-0.017142418284886607
2016-04-04,26.1299991607666,26.1299991607666,25.809999465942383,25.850000381469727,19.85423469543457,60.42978607437793,-0.007296501655994048,2.2995405599270256,59.47369266414228,0.6290867883641109,-2.0248759821722597,-0.04078695740190541
2016-04-05,25.510000228881836,25.6299991607666,25.239999771118164,25.510000228881836,19.593095779418945,54.44036637841586,-0.016197684750756447,2.027595035316204,41.578962162248985,0.4551958582425788,-2.437174592802001,-0.07457098861893557
2016-04-06,25.149999618530273,25.739999771118164,25.020000457763672,25.6200008392334,19.677581787109375,55.96115036312633,-0.00736161834563287,1.8256537792450525,37.50001490115764,0.48317284243151565,-2.6722450445108143,-0.09071230475249048
2016-04-07,25.489999771118164,25.520000457763672,25.25,25.3700008392334,19.485567092895508,51.73444961669425,-0.012071316581756086,1.5690703956745058,21.87501862644705,0.314748797291012,-2.7632472429328683,-0.11238823155166011
2016-04-08,25.75,25.809999465942383,25.209999084472656,25.280000686645508,19.416439056396484,50.26259730684206,-0.017489597545260027,1.3221766841119278,16.25001043081035,0.21207398856306556,-3.173345261949028,-0.1282983622689965
2016-04-11,25.700000762939453,25.84000015258789,25.5,25.510000228881836,19.593095779418945,53.87411498156417,-0.00468212187721273,1.1854008960710525,30.624978393321424,0.3582729299793809,-3.080368113975032,-0.12378274128748246
2016-04-12,25.700000762939453,25.719999313354492,25.309999465942383,25.56999969482422,19.639177322387695,54.79618365948277,-0.015402491131141338,1.0834701888205935,34.374944120658846,0.3817335510671617,-3.056114689785052,-0.11475224820478125
2016-04-13,25.950000762939453,26.209999084472656,25.780000686645508,26.170000076293945,20.100008010864258,62.803996301873006,-0.010960047572156961,1.178021911498914,71.8749590218165,0.8093058890833935,-2.813572416950092,-0.0766354490039084
2016-04-14,25.299999237060547,25.530000686645508,25.09000015258789,25.299999237060547,19.431806564331055,49.19538357924494,-0.03435104446556658,0.967713280645083,17.499919533748738,0.12733053892797783,-3.8746203506898054,-0.09416358776404876
2016-04-15,25.510000228881836,25.579999923706055,25.3700008392334,25.459999084472656,19.5546932220459,51.28594467874574,-0.025268428625566663,0.8417573900236094,27.49990761282263,0.2702968349407089,-3.7978162079295625,-0.09495002906797495
2016-04-18,25.3799991607666,25.68000030517578,25.31999969482422,25.5,19.585418701171875,51.819779727982606,-0.013539479027338652,0.7459765979396786,29.99996423722166,0.3204139816516597,-3.778612788054279,-0.09086697298379637
2016-04-19,25.520000457763672,25.670000076293945,25.149999618530273,25.15999984741211,19.324275970458984,47.09588983029782,-0.013720129375488277,0.5562471883177078,9.859111417361438,0.11288535517873886,-3.9418269558365457,-0.10236509390409165
2016-04-20,24.93000030517578,25.25,24.739999771118164,25.1200008392334,19.293556213378906,46.55820846635002,-0.01951589264805098,0.38857748497486405,25.85042487183779,0.1320009768016995,-3.2790427996615468,-0.1080880775923399
2016-04-21,25.299999237060547,25.350000381469727,25.0,25.15999984741211,19.324275970458984,47.207292012466496,-0.008277466171119574,0.2651874298560411,28.571447107381182,0.19089423648959905,-3.262702512626032,-0.10572402803222886
2016-04-22,25.18000030517578,25.309999465942383,24.950000762939453,25.06999969482422,19.255149841308594,45.85758375726194,-0.008306838067444478,0.13709866714225313,22.448984887823194,0.17029930538485094,-3.299471709368931,-0.10454607484364078
2016-04-25,25.149999618530273,25.329999923706055,24.950000762939453,25.010000228881836,19.209070205688477,44.93528879980906,-0.01960004575355867,0.01613156209630035,18.367386658673965,0.1695253235481912,-3.323982139922204,-0.10246423910647676
2016-04-26,25.200000762939453,25.350000381469727,24.979999542236328,25.010000228881836,19.209070205688477,44.93528879980906,-0.021900465057103857,-0.0789947015904325,18.367386658673965,0.20251318349848366,-3.323982139922204,-0.0967507691462448
2016-04-27,24.899999618530273,25.34000015258789,24.81999969482422,25.25,19.393402099609375,49.63477383052519,-0.035154508937158435,-0.07691496401988118,34.69390932693917,0.3579916074890786,-3.5270560423655595,-0.07707642533714337
2016-04-28,24.649999618530273,24.8799991607666,24.06999969482422,24.15999984741211,18.556222915649414,35.017540874300025,-0.0450593024268191,-0.41973987684564656,4.205615806398711,-0.19025675040642617,-2.95853194007715,-0.11469781566934797
2016-04-29,24.0,24.010000228881836,23.420000076293945,23.59000015258789,18.118432998657227,30.03610295483115,-0.07344836388276532,-0.8679129049762017,6.0931948647867085,-0.24210679627655937,-2.2822039291395804,-0.1605093772162571
2016-05-02,23.579999923706055,23.75,23.459999084472656,23.690000534057617,18.195240020751953,31.867338822871858,-0.07098028904210973,-1.1806225487792037,9.67743920238617,-0.06768120911164002,-2.2546745207528494,-0.17584665385562023
2016-05-03,23.350000381469727,23.450000762939453,23.15999984741211,23.31999969482422,17.911054611206055,28.857680163429038,-0.07313191766735894,-1.5350881952504247,6.34919914078501,-0.07129997320860348,-2.102966081704582,-0.19391613726376275
2016-05-04,23.309999465942383,23.549999237060547,23.229999542236328,23.420000076293945,17.98786163330078,30.760975652289048,-0.06767516395824968,-1.7661877321354016,10.317467525881657,0.04024936409834838,-2.0777834452103026,-0.1892712150190874
2016-05-05,23.450000762939453,23.690000534057617,23.399999618530273,23.5,18.049306869506836,32.32090424038492,-0.06597758709827961,-1.9032751456806027,13.492067096274162,0.11764441133758902,-2.0576374610869514,-0.1711818037646486
2016-05-06,23.5,23.610000610351562,23.34000015258789,23.40999984741211,17.980178833007812,31.462103866386883,-0.06621454617639755,-2.020482487558675,9.960158454303047,0.13845137559401283,-2.0803023967561307,-0.15355664735497937
2016-05-09,23.399999618530273,23.489999771118164,23.200000762939453,23.3700008392334,17.9494571685791,31.067025185643132,-0.06557386815819743,-2.1042461381287336,9.589084046121247,0.16712161391847635,-2.0903750761376245,-0.13434542510921466
2016-05-10,23.299999237060547,23.440000534057617,23.239999771118164,23.389999389648438,17.96482276916504,31.530135851009305,-0.06477395434553479,-2.140681894768038,10.5022596414708,0.20470004413080753,-2.0853371730459678,-0.1118997895556571
2016-05-11,23.360000610351562,23.450000762939453,23.1299991607666,23.219999313354492,17.834245681762695,29.703834663958773,-0.08039623011158437,-2.2028547321266903,4.054058698192316,0.18366872355132613,-2.458765138170517,-0.09766220285042632
2016-05-12,23.229999542236328,23.290000915527344,22.75,22.989999771118164,17.6575927734375,27.392235472889737,-0.04842742762343366,-2.305197560361528,9.230759073292795,0.15953403814136033,-2.1200227631945547,-0.09203347930303524
2016-05-13,22.850000381469727,23.0,22.770000457763672,22.81999969482422,17.527027130126953,25.794447840785054,-0.03264111573965045,-2.4184527425534554,2.692295559766394,0.1511361246464058,-2.164584411560224,-0.08894474689018772
2016-05-16,22.969999313354492,23.239999771118164,22.90999984741211,23.110000610351562,17.749767303466797,32.97686522368693,-0.024482926126673132,-2.383241066384839,13.899636646424716,0.2524850567564675,-2.094408412974935,-0.06486007326798182
2016-05-17,23.200000762939453,23.309999465942383,22.90999984741211,22.950000762939453,17.626873016357422,31.18346806873822,-0.015866268124202776,-2.383741242659309,9.389710879861166,0.23370293490440516,-2.352433166146914,-0.05078786341796793
2016-05-18,23.0,23.639999389648438,22.899999618530273,23.520000457763672,18.064666748046875,43.06265795422732,0.0042698301950414574,-2.1637702707040667,61.1111363405858,0.41558400301339765,-2.1840509863558566,-0.00783140507590896
2016-05-19,23.309999465942383,23.31999969482422,23.049999237060547,23.25,17.857288360595703,39.577510537100544,-0.010638553064635237,-2.0585880538472887,50.0,0.3522710044894141,-2.263811892903857,0.009821764064056493
2016-05-20,23.5,24.020000457763672,23.43000030517578,23.90999984741211,18.364206314086914,50.189565968421064,0.021358379393541238,-1.7284180703611511,91.33853773995789,0.5951414323235633,-2.0688434778589864,0.056252251406933906
2016-05-23,24.6299991607666,24.760000228881836,24.209999084472656,24.270000457763672,18.640710830688477,54.84787532672315,0.0385111179473121,-1.3283089464368605,75.62190471039145,0.759387786198654,-1.9624956024616529,0.10345318390673325
2016-05-24,24.309999465942383,24.56999969482422,24.260000228881836,24.469999313354492,18.794315338134766,57.24025195901746,0.04617315626366625,-0.9329757268609733,85.57209539778653,0.8799325727894065,-1.9092912852583317,0.14058368342739402
2016-05-25,24.610000610351562,24.719999313354492,24.520000457763672,24.6200008392334,18.909526824951172,58.99519341370699,0.060293054294304094,-0.563285165815394,93.03485702952784,1.0336833425925998,-2.1850397597277067,0.166685216978135
2016-05-26,24.799999237060547,24.920000076293945,24.59000015258789,24.790000915527344,19.04009437561035,60.951152967222804,0.07829502129262855,-0.21170960838667202,94.0092554748375,1.041277772400351,-2.0916338681819986,0.18510580159946866
2016-05-27,24.93000030517578,25.010000228881836,24.780000686645508,24.799999237060547,19.047775268554688,61.06880082446697,0.08676589173606875,0.06823287573869785,90.70792165692878,0.9660768995550665,-2.0201523701336237,0.18948224577751988
2016-05-31,24.829999923706055,24.850000381469727,24.530000686645508,24.719999313354492,18.986331939697266,59.52385045910563,0.0696665266135037,0.2594458658674245,87.16810238241324,0.8851408792298424,-2.0473396810339515,0.1799834596553416
2016-06-01,24.719999313354492,25.260000228881836,24.719999313354492,25.25,19.393402099609375,65.71267243568778,0.10021795026336466,0.5794919100529603,99.60158454303047,0.990099098440335,-1.7192898782108619,0.19177510766225386
2016-06-02,25.209999084472656,25.25,25.06999969482422,25.18000030517578,19.339637756347656,64.31397458043705,0.0705781637759042,0.7989692074580553,96.78715136306499,0.9065758727778083,-1.7407099333339922,0.18644657398212544
2016-06-03,25.34000015258789,25.600000381469727,25.309999465942383,25.530000686645508,19.608457565307617,67.9834267631351,0.09806467641392214,1.0739908959743467,97.40741944280005,0.9427690966634878,-1.4842954435789621,0.19082839015711206
2016-06-06,25.600000381469727,25.670000076293945,25.43000030517578,25.469999313354492,19.562374114990234,66.71692019828069,0.06524473644059547,1.2558377464620296,92.77975704376159,0.8751183733459059,-1.4736526718230403,0.18053543661862104
2016-06-07,25.719999313354492,26.1200008392334,25.700000762939453,26.059999465942383,20.01552963256836,72.20117686486358,0.07375356092196328,1.5714951388249063,98.13660402035768,0.9572086923595947,-1.1934153372299081,0.19303298319324957
2016-06-08,26.510000228881836,26.579999923706055,26.290000915527344,26.329999923706055,20.22290802001953,74.28909085124263,0.07601195660403048,1.8833194846443497,92.91784840309563,0.95018071168103,-1.041815151519679,0.20303514819100135
2016-06-09,25.90999984741211,26.25,25.90999984741211,26.229999542236328,20.146095275878906,72.1281375480976,0.06539393938171312,2.0709413170755577,88.88887543316498,0.87869485934302,-1.0618706986921964,0.19234975407456345
2016-06-10,25.899999618530273,25.969999313354492,25.540000915527344,25.860000610351562,19.861915588378906,64.63702792126031,0.043162664877400836,2.075765588315966,69.62029289460575,0.7705557931751512,-1.1452769755954455,0.15558586683023393
2016-06-13,25.549999237060547,25.81999969482422,25.5,25.6299991607666,19.685264587402344,60.43519195627451,0.03346791474908173,1.9829377144323799,59.05168586621592,0.6996141919124494,-1.2555692294934124,0.11091132694151984
2016-06-14,25.540000915527344,25.709999084472656,25.389999389648438,25.56999969482422,19.639177322387695,59.35117382862025,0.034385018905386255,1.8685469685328546,50.97084996476959,0.6663560655479206,-1.2680929417740414,0.07169993969149929
2016-06-15,25.670000076293945,26.030000686645508,25.65999984741211,25.84000015258789,19.846553802490234,62.60175563167731,0.02336628202485347,1.8420118105422594,63.902436755087045,0.7206751552479944,-1.2117406420715464,0.05398032179984452
2016-06-16,25.510000228881836,25.90999984741211,25.3799991607666,25.860000610351562,19.861915588378906,62.838821733759076,0.027005564354990463,1.8059761457912518,64.87806920421664,0.7079978131712327,-1.2851396681430154,0.038283258951534394
2016-06-17,25.889999389648438,25.93000030517578,25.600000381469727,25.850000381469727,19.85423469543457,62.625064354237274,0.012534240865625046,1.753618294864236,64.39025297965185,0.695498189111823,-1.5171638231021731,0.023118975171386058
2016-06-20,26.31999969482422,26.639999389648438,26.280000686645508,26.3700008392334,20.253620147705078,68.60525762662789,0.03533548784271323,1.8538654967286978,85.93757605800724,0.8637883004800656,-2.0101392756785614,0.03500889415256303
2016-06-21,26.450000762939453,26.649999618530273,26.34000015258789,26.59000015258789,20.422597885131836,70.73855989548065,0.020337620839226522,1.977863814554727,96.20256526331673,0.9120046821938237,-1.987608085244938,0.04844869965914278
2016-06-22,26.600000381469727,26.920000076293945,26.520000457763672,26.540000915527344,20.384199142456055,69.5814852866445,0.007975664146662398,2.0353827549706662,76.3975766019353,0.8609416716640457,-2.1052508219481827,0.048810700323112965
2016-06-23,26.639999389648438,26.809999465942383,26.520000457763672,26.809999465942383,20.591567993164062,72.2238257603325,0.022112112108321202,2.1387161373644834,92.8571074703618,0.9256107436146732,-2.029880208898621,0.05652987379035046
2016-06-24,25.59000015258789,26.200000762939453,25.510000228881836,25.68000030517578,19.723657608032227,51.90239711480017,-0.0069609590138211,1.8481504838321043,19.480582211631354,0.44371856325335024,-2.393022722194201,-0.0002949229900559569
2016-06-27,24.639999389648438,24.959999084472656,24.360000610351562,24.899999618530273,19.842403411865234,53.81702221869104,0.007982560953915252,1.646999370040456,21.0937156574729,0.48765615369205234,-2.146686773801071,-0.03162901499131132
2016-06-28,25.219999313354492,25.3700008392334,25.09000015258789,25.260000228881836,20.129281997680664,58.15121037646122,0.02495545853309622,1.5853662388443144,35.156242433002504,0.6522455115994622,-2.03462480283897,-0.03454151191383331
2016-06-29,25.68000030517578,25.969999313354492,25.670000076293945,25.799999237060547,20.55959129333496,63.66024062034219,0.0359275216211723,1.6901555570051032,56.249958090475396,0.9158959717984786,-1.8665351991577863,-0.01025508584314161
2016-06-30,26.06999969482422,26.420000076293945,25.829999923706055,26.229999542236328,20.902257919311523,67.34659050689109,0.05237875099727618,1.8873168627410084,73.04684851550876,1.0665099763885892,-1.7326810204615337,0.024236186628402656
2016-07-01,26.6299991607666,26.649999618530273,26.489999771118164,26.530000686645508,21.141324996948242,69.6590608582534,0.06482699138283254,2.1118242138032253,84.76564566372393,1.0866369142596863,-1.639295423777937,0.05664884930677583
2016-07-05,26.15999984741211,26.299999237060547,26.1200008392334,26.260000228881836,20.92616081237793,65.1847270407578,0.033205948357289516,2.176677251999419,74.21875058207674,0.9096941000775417,-1.7233439509096045,0.056942462125704696
2016-07-06,25.799999237060547,26.200000762939453,25.75,26.149999618530273,20.83850860595703,63.398217382913494,0.02036522107346528,2.167139565925073,69.92185084381568,0.822616781268717,-1.7575831011856111,0.04509681823780093
2016-07-07,26.25,26.530000686645508,26.239999771118164,26.309999465942383,20.966005325317383,64.90491684558245,0.028542018197297958,2.1836520101544266,76.17184618720184,0.8506406917849684,-1.7077796847956717,0.03989100869446732
2016-07-08,26.5,26.799999237060547,26.40999984741211,26.729999542236328,21.30069923400879,68.5633425564219,0.034437942806499366,2.300051892720657,92.57810259004587,0.947151087349546,-1.577039849438636,0.052251736716555586
2016-07-11,27.15999984741211,27.3700008392334,27.1299991607666,27.200000762939453,21.675233840942383,72.07182530007296,0.09894595980592369,2.5067477025066807,94.35215736322063,1.0168678320862499,-1.2739490250027405,0.07739830838547107
2016-07-12,27.200000762939453,27.290000915527344,26.84000015258789,26.969999313354492,21.49195098876953,68.06830109437371,0.08313244835642797,2.5668660675504,86.71091377200659,0.8918397058995372,-1.3348403333867729,0.07346556083188782
2016-07-13,26.920000076293945,27.010000228881836,26.760000228881836,26.889999389648438,21.42819595336914,66.68073194340775,0.06452857860693384,2.5586833000117446,84.05310919981979,0.8325546759781779,-1.3560214066600045,0.05897316362893973
2016-07-14,27.0,27.229999542236328,26.639999389648438,27.110000610351562,21.603515625,68.57765270411473,0.05077553910341881,2.5883174454374913,91.36211929862804,0.861533552417885,-1.297775673005696,0.05374467552078249
2016-07-15,27.190000534057617,27.260000228881836,26.969999313354492,27.010000228881836,21.523828506469727,66.71838710461105,0.029737006861059623,2.5504388371952738,88.03984774162969,0.799670448644559,-1.324249796750157,0.03820027955512445
2016-07-18,27.309999465942383,27.649999618530273,27.149999618530273,27.639999389648438,22.025861740112305,71.88922240563122,0.04183922924848593,2.6793311758298337,99.60936597781067,0.9438377738609043,-1.0914649160795333,0.05404190302578571
2016-07-19,27.3799991607666,27.520000457763672,27.190000534057617,27.270000457763672,21.73101806640625,65.45706184141378,0.038461773339342864,2.6369894270884533,80.80811875656254,0.7963742119955907,-1.1810830810008883,0.03774723634572452
2016-07-20,27.399999618530273,27.59000015258789,27.280000686645508,27.549999237060547,21.95414161682129,67.80466316471625,0.05353708520893563,2.655891109289963,94.73682097120204,0.8406241297661169,-1.113264352223047,0.03513378352604213
2016-07-21,27.670000076293945,27.81999969482422,27.420000076293945,27.479999542236328,21.898359298706055,66.58627514207565,0.04446979569650367,2.61821976744859,83.57486943413473,0.78843892222587,-1.0934572147410526,0.023353254066091567
2016-07-22,27.530000686645508,27.790000915527344,27.479999542236328,27.739999771118164,22.105548858642578,68.82686579902216,0.03778512694779357,2.6344737635566986,96.13526881641168,0.8258076077932969,-1.0335758231920427,0.023173557501610653
2016-07-25,27.489999771118164,27.920000076293945,27.489999771118164,27.860000610351562,22.2011775970459,69.83237038925577,0.024264732734281313,2.6509154281468477,97.23504774963632,0.8428252074202641,-0.9884110497651983,0.023102090012471543
2016-07-26,27.969999313354492,28.40999984741211,27.959999084472656,28.329999923706055,22.575712203979492,73.44510739307749,0.050426376636363734,2.769256706429063,96.31336770076602,0.9625743324393067,-1.1393157167839798,0.0408486714733155
2016-07-27,28.489999771118164,28.489999771118164,27.940000534057617,28.100000381469727,22.392427444458008,69.08499225248289,0.04499825805154911,2.760983046733406,81.25002865608027,0.8712992760921292,-1.5442599243012476,0.03314112451348794
2016-07-28,28.290000915527344,28.389999389648438,28.0,28.139999389648438,22.424301147460938,69.4249253602742,0.037993145963294506,2.733219884834521,81.08106436217759,0.8572037957087206,-1.595758806695769,0.023538840438126707
2016-07-29,28.100000381469727,28.100000381469727,27.65999984741211,27.780000686645508,22.13742446899414,62.73833803716037,0.028507751877876908,2.5751815135329097,61.621679023190254,0.7029843848153186,-1.7004583331303007,-0.007143215020998461
2016-08-01,28.350000381469727,28.75,28.350000381469727,28.6200008392334,22.80681037902832,69.99919677709528,0.03545598570129016,2.6637760962820476,93.83890411553286,0.955018691771447,-1.3630632069905602,0.011613466472747525
2016-08-02,28.489999771118164,28.489999771118164,28.059999465942383,28.15999984741211,22.44024085998535,62.784133603568,0.03263642740583239,2.568827354851131,72.03791554877388,0.7660410519009249,-1.4852530466715497,-0.005764590478976261
2016-08-03,28.079999923706055,28.239999771118164,27.90999984741211,28.15999984741211,22.44024085998535,62.784133603568,0.022141573633268852,2.464580570196892,66.85393679820581,0.7499621907544733,-1.895848033721313,-0.02147346598097022
2016-08-04,28.219999313354492,28.43000030517578,28.1200008392334,28.399999618530273,22.63149070739746,64.96894717849338,0.03347882819397907,2.422930619257211,78.12498137355294,0.831366732056122,-1.9967473904374997,-0.023058584836262774
2016-08-05,28.649999618530273,28.850000381469727,28.6299991607666,28.790000915527344,22.94228172302246,68.23270911447099,0.03785171179103064,2.4728495339593746,96.38557400858078,0.951416430912841,-2.055174663862319,-0.00802671883386874
2016-08-08,28.760000228881836,29.139999389648438,28.709999084472656,29.09000015258789,23.18134880065918,70.50882008672183,0.044149514111526456,2.567066499571979,97.31186710077678,0.9929675165508054,-1.7654602355957025,0.012073396451656948
2016-08-09,29.18000030517578,29.43000030517578,29.139999389648438,29.399999618530273,23.428380966186523,72.6865695612096,0.037769296246464856,2.696651297803443,98.50742869506054,1.023993046945445,-1.5331173367679265,0.0347773065309771
2016-08-10,29.420000076293945,29.450000762939453,29.18000030517578,29.219999313354492,23.284942626953125,69.478366885142,0.039857902172906634,2.71438407025642,88.32480674794355,0.9126211803029005,-1.5759697946716442,0.03292486834052999
2016-08-11,29.139999389648438,29.3700008392334,28.799999237060547,29.139999389648438,23.221189498901367,68.04089754212488,0.035536819908015715,2.6734640709619657,84.18361140710682,0.8476538889846428,-1.8936159771118295,0.020788376244528006
2016-08-12,29.170000076293945,29.270000457763672,29.059999465942383,29.239999771118164,23.30087661743164,68.90683248385297,0.05255589466006039,2.6377067777180447,88.26810701605582,0.8548371140691061,-2.0555309069106515,0.011948893885809442
2016-08-15,29.3799991607666,29.450000762939453,29.309999465942383,29.389999389648438,23.42041015625,70.21071110323447,0.026904234613442712,2.620156951574648,96.6479696870245,0.8659023868090925,-2.0499601752397476,0.008154965136635384
2016-08-16,29.15999984741211,29.200000762939453,28.979999542236328,29.079999923706055,23.173376083374023,64.21727556291293,0.032670559463377824,2.4896895919263926,79.3295726262579,0.7318034509679051,-2.2744536676906586,-0.01568969976918122
2016-08-17,29.0,29.0,28.739999771118164,28.979999542236328,23.09368896484375,62.36779899760596,0.029119478214852945,2.331121190665105,73.74296199370043,0.6733684727113772,-2.51318701875872,-0.04013634924204568
2016-08-18,28.90999984741211,29.200000762939453,28.84000015258789,29.15999984741211,23.237125396728516,64.3576446278366,0.026760706891176822,2.229889048756442,81.16878291412974,0.727908756567195,-2.5357418865118593,-0.0493480746287519
2016-08-19,28.6299991607666,28.690000534057617,28.510000228881836,28.639999389648438,22.822744369506836,55.26599245536568,-0.005210351566543148,1.9812565482021463,47.402539496955676,0.4792823555360345,-2.7632515509364,-0.08401408371406849
2016-08-22,28.299999237060547,28.479999542236328,28.219999313354492,28.399999618530273,22.63149070739746,51.64002661219217,-0.023719849004044335,1.6975080667456919,31.818148039890808,0.34439974621116015,-3.191221546422072,-0.1183861429447931
2016-08-23,28.600000381469727,28.690000534057617,28.459999084472656,28.5,22.711185455322266,53.023129356908484,-0.030612252374560778,1.4836614458104227,28.571367110137203,0.3889814728255112,-3.1466993636491507,-0.1332109994490822
2016-08-24,28.56999969482422,28.600000381469727,28.34000015258789,28.389999389648438,22.62352752685547,51.28568565411536,-0.02840527076635546,1.2686830017426118,13.821128125605739,0.3205249106011103,-3.195670248360108,-0.1453833465292082
2016-08-25,28.6299991607666,28.84000015258789,28.520000457763672,28.600000381469727,22.79087257385254,54.36032560585005,-0.018531218009705586,1.1442785506230797,30.894359371971312,0.41463892363473087,-3.102181443105631,-0.1386500053267017
2016-08-26,28.600000381469727,28.899999618530273,28.43000030517578,28.639999389648438,22.822744369506836,54.94359947247736,-0.02051992531332958,1.0449271480643987,34.14630742391937,0.3999851204120999,-3.6854106841184833,-0.12874949284717074
2016-08-29,28.579999923706055,28.770000457763672,28.559999465942383,28.700000762939453,22.870561599731445,55.85513323435204,-0.02347732396017932,0.9718887393344531,39.02446210505912,0.434748521800202,-3.654360553081233,-0.11607181347312168
2016-08-30,28.59000015258789,28.690000534057617,28.530000686645508,28.6200008392334,22.80681037902832,54.278492247371055,-0.015818398796397237,0.881310692637675,32.520410932351226,0.3607750486947828,-3.6957574250313345,-0.10917353134605762
2016-08-31,28.760000228881836,28.979999542236328,28.670000076293945,28.739999771118164,22.902435302734375,56.27234546564944,-0.008281641897945669,0.8337126625387921,42.27641015700717,0.4142059548995394,-4.304981831427657,-0.09583944102991676
2016-09-01,28.690000534057617,29.030000686645508,28.6299991607666,28.959999084472656,23.077749252319336,59.738828678193855,-0.0068586859040498105,0.8480480600078751,60.162512114750925,0.5591843321717881,-4.562686179492149,-0.07386650093515956
2016-09-02,29.100000381469727,29.209999084472656,29.030000686645508,29.139999389648438,23.221189498901367,62.367493968208635,0.017458247918987757,0.89936343324359,92.92932212043272,0.6833799883135493,-4.446068230277185,-0.049496503555405136
2016-09-06,29.510000228881836,29.719999313354492,29.299999237060547,29.489999771118164,23.50009536743164,66.89366813701277,0.03838035555255148,1.025749890767565,84.66669718424478,0.9074754452598064,-3.5286026306152345,-0.01614368057623089
2016-09-07,30.350000381469727,30.549999237060547,29.780000686645508,29.81999969482422,23.763071060180664,70.4967979868737,0.046315750753199714,1.2030705602240401,68.66954651761515,1.063371236776066,-2.294844806485968,0.020111161479914985
2016-09-08,29.899999618530273,29.920000076293945,29.639999389648438,29.790000915527344,23.739160537719727,69.753449129868,0.049312955706838135,1.318738002160475,67.38204521808035,0.9766444897522328,-2.305106833629259,0.037930148701904365
2016-09-09,29.299999237060547,29.329999923706055,28.549999237060547,28.59000015258789,22.782899856567383,47.968679684443295,-0.0003498206248716551,1.0648367755432662,15.879864864754243,0.29718049214985964,-2.7155191565753185,-0.01632706094802855
2016-09-12,28.549999237060547,29.040000915527344,28.200000762939453,28.989999771118164,23.101659774780273,53.21403555521712,0.012220940687838189,0.9636590072844132,33.61700089929517,0.5342783224838475,-2.5515082121557433,-0.031509933218264896
2016-09-13,28.709999084472656,28.780000686645508,28.309999465942383,28.489999771118164,22.703216552734375,46.855487051946625,-0.007317050185555396,0.7358486993429278,12.34039133949529,0.26807203515016537,-2.721058629500128,-0.06710426794410138
2016-09-14,28.520000457763672,28.760000228881836,28.360000610351562,28.6200008392334,22.80681037902832,48.57596863170733,0.0,0.5846852843982165,17.872355276784873,0.3581414520266837,-2.676976121602888,-0.08143442228278436
2016-09-15,28.610000610351562,29.270000457763672,28.610000610351562,29.18000030517578,23.253067016601562,55.29065055089173,0.015309800430931775,0.6140972898385405,41.702135257889935,0.6770817519778672,-2.487079556780588,-0.05963184432663257
2016-09-16,29.1299991607666,29.219999313354492,28.770000457763672,28.90999984741211,23.03790855407715,51.78005908293467,-0.001726368451558713,0.5556262402506614,30.212746616280167,0.5288965295722069,-2.578636408792964,-0.05839895040539139
2016-09-19,29.90999984741211,30.1200008392334,29.8700008392334,29.93000030517578,23.850727081298828,61.678937325806274,0.027110479522474362,0.7839760081652221,73.61704959758976,1.0164362193669356,-2.232755959859619,-0.004387173308070091
2016-09-20,30.15999984741211,30.239999771118164,29.889999389648438,29.899999618530273,23.826824188232422,61.28053358793077,0.013903297654425328,0.9444484327688815,72.34042380502501,0.9360167729957093,-2.2429274103220904,0.026486391607881937
2016-09-21,30.09000015258789,30.559999465942383,30.049999237060547,30.5,24.304950714111328,66.01002479934165,0.022803435320221777,1.22151071275946,97.45764835099114,1.082499199034621,-2.0324458429879435,0.07321690694188557
2016-09-22,30.760000228881836,30.950000762939453,30.510000228881836,30.65999984741211,24.432449340820312,67.16191282177243,0.029204436357343155,1.4655398934039692,89.45451216264205,1.0396632734992113,-1.7520186989524147,0.10489343122992095
2016-09-23,30.649999618530273,30.670000076293945,30.020000457763672,30.1200008392334,24.002134323120117,59.796443147223464,0.053515332737648746,1.4927432377092003,69.81818459250711,0.8040238402645962,-1.9084968872070311,0.08963643284911821
2016-09-26,30.020000457763672,30.06999969482422,29.709999084472656,29.84000015258789,23.779006958007812,56.34587556170479,0.02932028217154281,1.4212970337994624,59.63634144176137,0.6815237282688501,-1.9896341108842328,0.058780141177006806
2016-09-27,29.799999237060547,30.43000030517578,29.649999618530273,30.399999618530273,24.225257873535156,61.171729760640616,0.06704077888106408,1.499162587494692,79.99995838512073,0.8467302781887487,-1.8273610506924713,0.062348238724456606
2016-09-28,30.469999313354492,30.5,30.1299991607666,30.329999923706055,24.16948127746582,60.274832908881756,0.05974842057223939,1.5235192996014617,77.45451493696733,0.7910107482647516,-1.847643449263139,0.05512550374394559
2016-09-29,30.309999465942383,30.649999618530273,30.170000076293945,30.399999618530273,24.225257873535156,60.89233482554264,0.04180914527272872,1.54331937054346,79.99995838512073,0.7858999332558653,-1.8273610506924713,0.04851133363067461
2016-09-30,30.290000915527344,30.68000030517578,30.229999542236328,30.59000015258789,24.37666893005371,62.5922394430172,0.05811119411443433,1.5911652617226713,86.3636199436321,0.8175445798156152,-1.7723024846857243,0.0486179266172172
2016-10-03,30.639999389648438,30.809999465942383,30.56999969482422,30.719999313354492,24.480260848999023,63.75311670904948,0.026394741156289925,1.6441800748660658,91.11963567433976,0.8246633784984027,-1.7346326959783378,0.04976886019655519
2016-10-04,30.81999969482422,30.920000076293945,30.360000610351562,30.389999389648438,24.2172908782959,58.76741651950976,0.01638769342396551,1.5789842606544906,76.06831894127485,0.6947759829732758,-1.8302581398703834,0.028007475645618063
2016-10-05,30.670000076293945,30.709999084472656,30.5,30.530000686645508,24.328855514526367,60.18982364296098,0.000983536263711171,1.5466780261109314,80.73394415143996,0.7245853448766895,-1.789689181241122,0.016863950644180947
2016-10-06,30.700000762939453,30.809999465942383,30.3799991607666,30.770000457763672,24.520109176635742,62.57341324907207,0.0035878447794004398,1.5666458766040021,86.1538348677695,0.7772039172332101,-1.7201423950195311,0.018006787409372227
2016-10-07,30.8799991607666,31.209999084472656,30.649999618530273,31.18000030517578,24.846832275390625,66.28696897042886,0.03519261832714804,1.671437900770044,98.07700066879491,0.8718067588542693,-1.4960100855075644,0.03539487016633347
2016-10-10,31.190000534057617,31.479999542236328,31.15999984741211,31.280000686645508,24.926523208618164,67.1433110321328,0.04825753458236459,1.7593764428224419,89.0711003317536,0.863179047882256,-1.4493426422373616,0.046207958597129284
2016-10-11,30.989999771118164,30.989999771118164,30.510000228881836,30.729999542236328,24.48823356628418,58.36275113537955,0.010855434196897162,1.6637708523807124,59.016391733988435,0.673277839610479,-1.6229514004956667,0.019171500479950254
2016-10-12,30.899999618530273,31.40999984741211,30.700000762939453,31.350000381469727,24.982297897338867,64.06724309487649,0.03362987440822196,1.7311563782299748,92.89622042697512,0.8880428759475175,-1.6460083843621278,0.02928593236939414
2016-10-13,30.93000030517578,30.93000030517578,29.520000457763672,30.530000686645508,24.328855514526367,53.60653336586116,0.004276430885979732,1.550351084699124,51.530647992806564,0.5348023842893531,-2.02079942568376,-0.011142339108201171
2016-10-14,31.059999465942383,31.270000457763672,30.56999969482422,30.65999984741211,24.432449340820312,54.864740988605725,0.0022882704329560966,1.4249118076969163,58.1632613341326,0.5714492900593234,-2.9776905578413477,-0.03279280315072175
2016-10-17,30.520000457763672,30.760000228881836,30.3799991607666,30.56999969482422,24.360733032226562,53.777404258044875,-0.004882620226546619,1.2869763419418812,53.57141466946411,0.4984095514598831,-3.0142805282968927,-0.05265188999912468
2016-10-18,30.90999984741211,30.979999542236328,30.690000534057617,30.860000610351562,24.591827392578125,56.751775103026894,0.015465665262248462,1.2397339218167465,68.36738665867396,0.6646135231111298,-2.8963751873289714,-0.0509024563999777
2016-10-19,30.950000762939453,31.040000915527344,30.65999984741211,30.979999542236328,24.687450408935547,57.95733501279744,0.014739488842583137,1.2196309736205284,74.48978400239781,0.7260015024394048,-2.8475879112965696,-0.04423037670428559
2016-10-20,30.93000030517578,31.149999618530273,30.799999237060547,31.059999465942383,24.751201629638672,58.78226181858936,0.009424609463938527,1.2105182110245876,78.57141466946412,0.7584262430418917,-2.8150617630916193,-0.03675581281045004
2016-10-21,30.920000076293945,31.139999389648438,30.760000228881836,31.079999923706055,24.76714324951172,58.99890710260483,-0.0032072106816543045,1.1945188589985671,79.59184666466848,0.7478230400211688,-2.806928279765357,-0.03213741945906934
2016-10-24,31.139999389648438,31.40999984741211,31.079999923706055,31.40999984741211,25.03011131286621,62.50035362604357,0.004155738182219926,1.2534155612519051,96.42858533053588,0.9533959077524942,-2.6727608378324725,-0.013713424077642311
2016-10-25,31.399999618530273,31.6200008392334,31.3799991607666,31.549999237060547,25.141677856445312,63.908577548290175,0.026684010849227002,1.320742148043144,96.66659097824261,0.9768041006715895,-2.466915145707785,0.002767003292061865
2016-10-26,31.190000534057617,31.43000030517578,31.06999969482422,31.209999084472656,24.8707332611084,58.19316336128012,-0.0044657475740993435,1.270420867352301,80.4761104627136,0.723630813817174,-2.595936358145513,-0.007251965180212705
2016-10-27,31.229999542236328,31.260000228881836,30.75,30.770000457763672,24.520109176635742,51.74411734312533,0.007861186153832023,1.1032314225453448,59.52379871117751,0.3954351836554725,-2.762900177565043,-0.03842346086001058
2016-10-28,30.940000534057617,31.100000381469727,30.760000228881836,30.770000457763672,24.520109176635742,51.74411734312533,0.0035878447794004398,0.9596983943602129,59.52379871117751,0.38651028496759443,-2.762900177565043,-0.058755304700128685
2016-10-31,30.93000030517578,31.1299991607666,30.84000015258789,31.100000381469727,24.7830810546875,55.98682527522075,0.01733724604683351,0.9213914450536124,75.23807793788403,0.62225278011143,-2.637675496478218,-0.054311069783813726
2016-11-01,31.1200008392334,31.200000762939453,30.479999542236328,30.709999084472656,24.4722900390625,50.35231534351557,-0.004860856885800291,0.7803258491821199,56.6665909782426,0.3013014987123384,-2.7856711913206573,-0.07106306437911708
2016-11-02,30.670000076293945,30.729999542236328,30.239999771118164,30.389999389648438,24.2172908782959,46.24037649393902,-0.019044474939764355,0.5782308095443625,10.869529161679461,0.06378349790955973,-2.9070993410565804,-0.0964998048196345
2016-11-03,30.350000381469727,30.5,30.18000030517578,30.280000686645508,24.129638671875,44.88355342257713,-0.025112435632998586,0.3846150894524256,6.944468359879466,0.04214233687257653,-2.9488384793892854,-0.11514690548990095
2016-11-04,30.209999084472656,30.450000762939453,30.020000457763672,30.239999771118164,24.097761154174805,44.373597286392844,-0.02702702078287167,0.21790451196262323,13.749953806411314,0.07810621369657728,-2.964018246965273,-0.12473902623560484
2016-11-07,30.719999313354492,31.3799991607666,30.68000030517578,31.350000381469727,24.982297897338867,58.472793937243395,-0.0019102358327414137,0.3729969958899971,83.1249754130899,0.8080665937112241,-2.5428103505433675,-0.06938510347853191
2016-11-08,31.200000762939453,31.5,31.010000228881836,31.34000015258789,24.974332809448242,58.32942322188892,-0.006656081107735967,0.48717824741218885,82.49996125699013,0.7732225281458622,-2.5466032488499146,-0.0330252420917197
2016-11-09,30.639999389648438,30.989999771118164,30.309999465942383,30.59000015258789,24.37666893005371,48.68357934930215,-0.01986529009288518,0.3769590602251693,35.624972432858364,0.31652254814475683,-2.831205044482087,-0.048034462434221104
2016-11-10,30.549999237060547,30.549999237060547,29.3700008392334,29.440000534057617,23.46025276184082,38.241105402784335,-0.04322396801580386,-0.012517498243132445,3.111097547743056,-0.19335556057392586,-3.0085547010633684,-0.11468656604091412
2016-11-11,29.059999465942383,30.079999923706055,28.760000228881836,29.93000030517578,23.850727081298828,43.775045213422025,-0.027299311373978008,-0.19110225371692513,40.909084846318414,0.10170667616500012,-2.0985287062577025,-0.12654932330885177
2016-11-14,29.280000686645508,29.600000381469727,28.809999465942383,28.850000381469727,22.990089416503906,36.09746771341371,-0.07234740645148574,-0.6132028852911701,3.2846773761284855,-0.17165213279995414,-2.399450902455811,-0.1830039269026154
2016-11-15,29.309999465942383,29.440000534057617,28.770000457763672,29.200000762939453,23.268999099731445,39.783355299249706,-0.04916952755178894,-0.8471426239871593,16.058414993153733,0.03668451673291073,-2.301930055006322,-0.1913080397508772
2016-11-16,29.09000015258789,29.899999618530273,29.09000015258789,29.860000610351562,23.794950485229492,46.0973059539192,-0.017439621764006596,-0.8468598410473437,40.146002677249434,0.27526386706691647,-2.118031008413673,-0.15279538848780705
2016-11-17,30.0,30.020000457763672,29.350000381469727,29.469999313354492,23.484163284301758,43.213871946326385,-0.026750313021702832,-0.9407611701165602,25.9123775102694,0.1859100441774455,-2.22669783869436,-0.1400082435036385
2016-11-18,29.43000030517578,29.56999969482422,29.190000534057617,29.469999313354492,23.484163284301758,43.213871946326385,-0.02546285797868586,-1.0041603324063204,25.9123775102694,0.21699330855893448,-2.22669783869436,-0.12386285052369743
2016-11-21,29.600000381469727,29.739999771118164,29.459999084472656,29.649999618530273,23.627601623535156,45.05356546252469,-0.05422624769629436,-0.994746996245558,32.48173226252638,0.29372917127106773,-2.1765445839313244,-0.09702273273609932
2016-11-22,29.969999313354492,30.149999618530273,29.770000457763672,29.90999984741211,23.834789276123047,47.68973562600823,-0.045628587639149454,-0.9067447005511188,41.970792503423134,0.3939917555167242,-2.179522395685772,-0.06059690527407824
2016-11-23,29.899999618530273,30.1299991607666,29.739999771118164,29.889999389648438,23.818849563598633,47.5009202986884,-0.022883330288304915,-0.8327946244373337,41.24084872844574,0.4050801279274758,-2.1853398095017993,-0.03417379733121778
2016-11-25,29.75,29.809999465942383,29.610000610351562,29.65999984741211,23.63556480407715,45.28089518253868,0.007472726062077273,-0.8267874721747044,32.84670415001507,0.34234749534065007,-2.2522320630900863,-0.02600702413261674
2016-11-28,29.709999084472656,29.940000534057617,29.540000915527344,29.65999984741211,23.63556480407715,45.28089518253868,-0.009021204112070302,-0.8127716934370419,32.84670415001507,0.3597241498653122,-2.2522320630900863,-0.017955003179036366
2016-11-29,29.579999923706055,29.75,29.139999389648438,29.549999237060547,23.547914505004883,44.136823200336806,0.024263719831403963,-0.8220662113663301,35.42597176439193,0.33922898419302727,-2.284221226007606,-0.015949721188778215
2016-11-30,29.549999237060547,29.81999969482422,29.399999618530273,29.690000534057617,23.659469604492188,46.006641464288414,0.016780717687390645,-0.7826130473483237,51.95535309944324,0.40907115351248846,-2.24350768264779,-0.005090362434602869
2016-12-01,29.5,29.520000457763672,28.34000015258789,28.549999237060547,22.75102424621582,35.56645205011074,-0.04387175504574725,-1.049225442190465,11.602162786458031,0.03935706754303768,-2.150663346914139,-0.05433314976867404
2016-12-02,28.520000457763672,28.8700008392334,28.389999389648438,28.860000610351562,22.998058319091797,39.58158480125919,-0.020699266962383223,-1.164167791912754,28.729315535622646,0.18723822643047633,-2.0724880036215483,-0.06480157549260385
2016-12-05,28.940000534057617,29.290000915527344,28.8700008392334,29.020000457763672,23.125560760498047,41.604211408220245,-0.015269972341038107,-1.198391950826213,37.569088719135976,0.26702377821508666,-2.0321391278104723,-0.05789874394295816
2016-12-06,29.309999465942383,29.610000610351562,29.200000762939453,29.510000228881836,23.516040802001953,47.41064248355063,-0.0047216312222768675,-1.0790113021759684,64.64090726594665,0.4613160645636196,-1.9085694884563151,-0.02355522368386967
2016-12-07,29.479999542236328,29.940000534057617,29.25,29.93000030517578,23.850727081298828,51.831575550380755,0.0006686782497273835,-0.8595128998568954,87.8453382172713,0.7113922540715698,-2.07606555378256,0.022680304121713846
2016-12-08,30.270000457763672,30.270000457763672,29.860000610351562,30.040000915527344,23.93838119506836,52.947206527959096,0.0050183629209532565,-0.6481917832316085,88.0829271570825,0.8205558013658788,-2.373683611294271,0.05812906041018667
2016-12-09,30.31999969482422,30.6299991607666,29.959999084472656,30.1200008392334,24.002134323120117,53.78560271714549,0.01550923458278164,-0.45389553533252674,77.729321291767,0.8311085870638185,-2.2762653747775112,0.08330080194687531
2016-12-12,29.969999313354492,29.969999313354492,29.6299991607666,29.899999618530273,23.826824188232422,51.08979888964465,0.008092016659668744,-0.3557484216470711,68.12227692548593,0.7068006666976742,-2.3528200519898492,0.08526524712724126
2016-12-13,30.059999465942383,30.639999389648438,30.030000686645508,30.360000610351562,24.193387985229492,56.050093086463306,0.027411067765148456,-0.15155425058597688,87.82613599234406,0.9224863213478864,-2.1848754534100916,0.10696762076005245
2016-12-14,30.260000228881836,30.389999389648438,29.850000381469727,29.8700008392334,23.802913665771484,50.208722640189016,0.006062860397008318,-0.12120101495751846,66.52179105071725,0.6278762620569656,-2.3546469529680842,0.09134746641420308
2016-12-15,30.15999984741211,30.290000915527344,30.030000686645508,30.15999984741211,24.034013748168945,53.310093634922566,0.056392604045794714,-0.01851899011730861,79.13044776267931,0.7784620233034406,-2.2541686229435873,0.09261233575237282
2016-12-16,30.049999237060547,30.079999923706055,29.389999389648438,29.479999542236328,23.49213218688965,46.06476240082924,0.021483286151496417,-0.11965887890168961,49.56520729569387,0.3967550222778969,-2.489769379912461,0.054853139357495
2016-12-19,29.489999771118164,29.540000915527344,29.170000076293945,29.270000457763672,23.324785232543945,44.072640135044146,0.008614903401010787,-0.25402149454808925,40.434809289951914,0.28775717678882207,-2.562528949415439,0.01839071628518603
2016-12-20,29.350000381469727,29.559999465942383,29.139999389648438,29.309999465942383,23.35666275024414,44.56443837716713,-0.00677741857567471,-0.3459741123030587,42.173897178947506,0.3218244050649752,-2.5486691545135347,-0.002675369703661029
2016-12-21,29.229999542236328,29.280000686645508,28.90999984741211,29.139999389648438,23.221189498901367,42.84031228813606,-0.02639490109679199,-0.4601114427864082,33.33333333333333,0.25451453858228446,-2.607570587679187,-0.02366084825730007
2016-12-22,28.989999771118164,29.0,28.5,28.739999771118164,22.902435302734375,39.01554269464199,-0.043275519923101746,-0.6528401904415033,11.21494577424116,0.09858593966059541,-2.746159414593046,-0.05513834403123469
2016-12-23,28.780000686645508,29.1299991607666,28.690000534057617,29.049999237060547,23.149471282958984,43.244647609874136,-0.035524467477869415,-0.71315393581963,25.700906258244384,0.2741470460021689,-2.638752431041031,-0.05530885188445586
2016-12-27,29.0,29.229999542236328,29.0,29.100000381469727,23.189311981201172,43.92008954421759,-0.026756071308324136,-0.7389711915824108,28.037408999836007,0.31483139415935085,-2.6214303825810914,-0.04894446671157862
2016-12-28,29.260000228881836,29.31999969482422,29.040000915527344,29.1200008392334,23.205249786376953,44.20614734963445,-0.04084331634146554,-0.7455074397042727,28.97201009647265,0.3368046394333552,-2.6145008997712837,-0.040231641233174464
2016-12-29,28.989999771118164,29.15999984741211,28.809999465942383,29.1299991607666,23.213218688964844,44.3589730222714,-0.02477406695192197,-0.7395300400205364,29.43922151632477,0.3555665634480222,-2.6110361583663804,-0.030920460274905526
2016-12-30,29.200000762939453,29.229999542236328,28.6200008392334,28.75,22.910398483276367,39.88780381757286,-0.04675104527549756,-0.8301550206415608,11.682246322559484,0.15922493305577065,-2.8173781806098095,-0.04148571003240076
2017-01-03,29.25,29.510000228881836,29.059999465942383,29.309999465942383,23.35666275024414,48.17768620457857,-0.005766587535256162,-0.7391335653190668,37.850453129122194,0.42081103018826244,-2.7854293068657445,-0.016055898269681346
2017-01-04,29.389999389648438,29.459999084472656,29.200000762939453,29.299999237060547,23.34868812561035,48.05016468650825,0.0010247851299851618,-0.662113438129674,42.32801563017205,0.4067862338794289,-2.789155768037819,0.0016499777231069601
2017-01-05,29.530000686645508,29.90999984741211,29.520000457763672,29.799999237060547,23.747133255004883,54.526624622965734,0.016717735274773382,-0.4580409923930161,72.62561855604193,0.657170412866627,-2.6029664021333794,0.03951946773414261
2017-01-06,29.739999771118164,29.850000381469727,29.459999084472656,29.6299991607666,23.611661911010742,52.146276840852316,0.01681534927949535,-0.3393185864619114,71.51893767919118,0.5791206020756348,-2.666270786540889,0.05387856426858467
2017-01-09,29.790000915527344,30.139999389648438,29.719999313354492,30.040000915527344,23.93838119506836,57.01948968927209,0.04523300158434673,-0.13140778287736904,93.90252979651838,0.7939499971904195,-2.513598180353234,0.08212220005049589
2017-01-10,30.040000915527344,30.299999237060547,29.899999618530273,30.06999969482422,23.962291717529297,57.36170423569601,0.03511183580113353,0.0406536696465101,87.22224223761759,0.8132248619835234,-2.502425035829644,0.09807609713226714
2017-01-11,29.780000686645508,30.200000762939453,29.719999313354492,30.170000076293945,24.041975021362305,58.546254848191495,0.0367696566785749,0.2015321535963626,92.77782134069712,0.8469548431439463,-2.465189836502742,0.1088264477886552
2017-01-12,29.31999969482422,29.860000610351562,28.979999542236328,29.290000915527344,23.340723037719727,46.3440297625871,0.00583804322685233,0.08820381385370304,43.888958354084586,0.41796745129117224,-3.1117770520655883,0.0656662620822378
2017-01-13,29.5,29.649999618530273,29.219999313354492,29.440000534057617,23.46025276184082,48.32117705429115,0.010641956903348904,0.03876160656229459,48.80955219271505,0.5143772422104157,-3.181860763490789,0.043209229257364874
2017-01-17,29.610000610351562,29.649999618530273,29.459999084472656,29.6200008392334,23.60369300842285,50.670318011503895,0.030261129052493896,0.04812409407924362,59.52386629019202,0.644465989184356,-3.1021717038352565,0.03633319745139879
2017-01-18,29.549999237060547,29.68000030517578,29.440000534057617,29.489999771118164,23.50009536743164,48.94000759482959,0.006140972223696695,0.019844507535652395,51.78570009411866,0.5631820316203556,-3.159725973225053,0.02373529661348681
2017-01-19,29.489999771118164,29.690000534057617,29.389999389648438,29.6299991607666,23.611661911010742,50.8851526200123,0.011262893400505236,0.035228582689015624,60.11900504426075,0.6382792277047185,-3.0977445338543936,0.021888619950711678
2017-01-20,29.6200008392334,30.260000228881836,29.56999969482422,30.06999969482422,23.962291717529297,56.49452981456586,0.009060397320972191,0.16538823962588678,86.30953800111944,0.8641204496320789,-2.9029501143350034,0.04208397851018608
2017-01-23,30.309999465942383,30.489999771118164,30.209999084472656,30.329999923706055,24.16948127746582,59.442206741824684,0.023624739696740837,0.33496722212715585,89.40398522120819,0.9431918823864109,-2.5581403118659147,0.06578624432081419
2017-01-24,30.530000686645508,30.899999618530273,30.510000228881836,30.81999969482422,24.55995750427246,64.34524106328601,0.02596567847002773,0.5943196949757584,95.83333747254461,1.0873352139728854,-2.1627217143392534,0.10199104644703624
2017-01-25,31.100000381469727,31.329999923706055,30.940000534057617,31.309999465942383,24.95042610168457,68.45232996597602,0.04123705678085954,0.9193320707218181,99.14891682906182,1.1371070588665548,-1.7360870764769643,0.1439013354527758
2017-01-26,31.260000228881836,31.450000762939453,31.010000228881836,31.110000610351562,24.79104995727539,65.15338210800093,0.031156963404524785,1.1084354870164081,86.23481843903282,0.9752609859084034,-1.734986213845464,0.15177291936059695
2017-01-27,31.170000076293945,31.350000381469727,31.0,31.25,24.902610778808594,66.37496524474608,0.06691685337102804,1.2793682984820884,91.9028071215884,0.9544241229416554,-1.6955654277886547,0.1548417039412791
2017-01-30,31.06999969482422,31.200000762939453,30.940000534057617,31.190000534057617,24.854799270629883,65.31814371374057,0.05944294475195755,1.381672289746635,89.47368014628661,0.8844261169541134,-1.7124599541023158,0.14421563086681835
2017-01-31,31.040000915527344,31.15999984741211,30.729999542236328,30.90999984741211,24.631671905517578,60.478602732406365,0.04355161273822272,1.3721465382999765,78.13762556062123,0.7698733518957063,-2.142455663046567,0.11404597762265001
2017-02-01,31.239999771118164,31.309999465942383,30.84000015258789,31.079999923706055,24.76714324951172,62.304751820285276,0.053916712348157425,1.3929892426581914,85.02021634110481,0.7977630266236062,-2.0876089921791023,0.0958333280372966
2017-02-02,30.709999084472656,30.889999389648438,30.6200008392334,30.780000686645508,24.528079986572266,57.27529204302647,0.038812095438914174,1.3150048648146637,69.95517305970168,0.6731471307418421,-2.184395690475308,0.06194948671281597
2017-02-03,30.959999084472656,31.079999923706055,30.799999237060547,30.969999313354492,24.679485321044922,59.50483750494973,0.02993009232881394,1.2882208841499372,76.69897429155009,0.719200753101748,-2.123098014505109,0.044797091230000696
2017-02-06,30.950000762939453,30.950000762939453,30.700000762939453,30.8700008392334,24.59980010986328,57.795405697919016,0.017804222914732826,1.2263946121060667,71.8446826673975,0.6641389564496041,-2.1553592176631207,0.02418103838652874
2017-02-07,30.90999984741211,30.969999313354492,30.5,30.520000457763672,24.320892333984375,52.14851911671671,-0.009733940714127809,1.0730247404494022,54.85438421383031,0.5273432357535138,-2.268277289743875,-0.01029427236849001
2017-02-08,30.690000534057617,30.700000762939453,30.290000915527344,30.329999923706055,24.16948127746582,49.33069038789915,-0.031299859210261016,0.8912245032761476,40.425521121845016,0.451973657451201,-2.329577282330702,-0.04348903922345326
2017-02-09,30.329999923706055,30.5,30.170000076293945,30.209999084472656,24.0738525390625,47.58193047082982,-0.0289296911364747,0.7073090495202481,3.1249208376236237,0.406433752323216,-2.368293351619161,-0.07048204389806562
2017-02-10,30.440000534057617,30.809999465942383,30.350000381469727,30.709999084472656,24.4722900390625,54.775482690566385,-0.017280145586674123,0.6855970809654615,42.18739988287694,0.5726104559032213,-2.51101622784847,-0.060482090336090144
2017-02-13,30.940000534057617,31.799999237060547,30.940000534057617,31.690000534057617,25.25324058532715,64.93338865239758,0.016030759707968745,0.9155021878623987,93.25160983817953,0.9296636920845335,-2.0984975378581026,-0.0032709414034421957
2017-02-14,31.469999313354492,31.469999313354492,31.110000610351562,31.329999923706055,24.966365814208984,59.63453873552642,0.013587949286399503,0.9907028872024474,71.16567145142285,0.7603875426085263,-2.2175327201325805,0.012393505207086764
2017-02-15,31.5,31.799999237060547,31.5,31.75,25.301048278808594,63.38823793526023,0.02155698878623813,1.1461071647046475,96.93256056420104,0.9194421235647047,-2.0786603193899014,0.04083421092705106
2017-02-16,31.719999313354492,32.4900016784668,31.6299991607666,32.31999969482422,25.75527572631836,67.76898899949741,0.05003227893980755,1.399746664126136,92.67233335169429,1.1022396013556295,-1.6884114304974387,0.08332793165349617
2017-02-17,32.099998474121094,32.380001068115234,32.02000045776367,32.34000015258789,25.77121353149414,67.9140606411411,0.044236263286992816,1.5853280330080242,93.53442145305337,1.0267631573494795,-2.2780273737225087,0.10424167661485328
2017-02-21,32.38999938964844,32.470001220703125,32.16999816894531,32.33000183105469,25.763246536254883,67.7499003984009,0.047294954479126794,1.7082929435493597,93.10345961562018,0.9552849004281946,-2.281461421023078,0.1087700413876137
2017-02-22,32.20000076293945,32.20000076293945,31.90999984741211,32.06999969482422,25.55605697631836,63.454267902748335,0.050786156419435624,1.718110335367084,81.89647872444505,0.814793765096126,-2.370767204149467,0.08982915534659142
2017-02-23,32.150001525878906,32.150001525878906,31.729999542236328,31.75,25.301048278808594,58.53494342622755,0.04681800938763958,1.6248827041749527,68.10339795568542,0.6803185807357304,-2.4806846702714433,0.05391466565373182
2017-02-24,31.610000610351562,31.920000076293945,31.469999313354492,31.920000076293945,25.436521530151367,60.2959566305741,0.05660369435584878,1.576077326908666,75.43098239074476,0.7247308316138168,-2.4222910677774223,0.03404091023072042
2017-02-27,31.81999969482422,31.81999969482422,31.479999542236328,31.530000686645508,25.12574577331543,54.57042344667473,0.02670186293190735,1.4213454884720758,58.62067548047476,0.5742551626971917,-2.5562460428709195,-0.003293163916607833
2017-02-28,31.59000015258789,31.68000030517578,31.399999618530273,31.469999313354492,25.077926635742188,53.72505907985527,-0.0069422357496100595,1.2688106582488872,56.034411176397555,0.546789598915593,-2.576857725866507,-0.032825130805885505
2017-03-01,31.420000076293945,31.600000381469727,31.260000228881836,31.579999923706055,25.16558074951172,55.09817086376238,0.00797933254624339,1.1626625230769054,60.775813520626066,0.5758827052173535,-2.5390758063680736,-0.047198371990722465
2017-03-02,31.190000534057617,31.239999771118164,30.790000915527344,30.8700008392334,24.59980010986328,45.67676304578921,-0.02771617054035891,0.8866662918881545,24.299072084365367,0.3155683123604278,-2.78294660331862,-0.09291005330716329
2017-03-03,30.8700008392334,30.920000076293945,30.540000915527344,30.850000381469727,24.583858489990234,45.440989296461716,-0.045482612913015585,0.6549687075594155,15.897402289991216,0.30597175816553374,-2.789817986449613,-0.12056657737891951
2017-03-06,30.799999237060547,30.940000534057617,30.709999084472656,30.850000381469727,24.583858489990234,45.44098929646172,-0.046072919307927784,0.46574049995811684,15.897402289991216,0.30942880416288293,-2.789817986449613,-0.13416452542842275
2017-03-07,31.010000228881836,31.399999618530273,30.959999084472656,31.309999465942383,24.95042610168457,52.04255801004545,-0.03154961209669305,0.4293321376913531,39.487089700125786,0.4712445035575379,-2.631814814662568,-0.11453872677906107
2017-03-08,31.469999313354492,31.520000457763672,31.200000762939453,31.219999313354492,24.878705978393555,50.7487273518191,-0.02650451900903472,0.37297588398870163,34.871699065497346,0.42064567685927684,-2.6627286395598633,-0.10282718654464534
2017-03-09,30.889999389648438,31.059999465942383,30.719999313354492,30.979999542236328,24.687450408935547,47.36689941930672,-0.024251875381265497,0.2633359762219845,22.797852701319137,0.2995323608826892,-2.7451663280851135,-0.10408419741138555
2017-03-10,30.8700008392334,31.079999923706055,30.81999969482422,31.059999465942383,24.751201629638672,48.596538932531125,-0.026942359225507584,0.19481780549513258,26.942925813044287,0.2916193391189988,-2.9982595133411825,-0.09689258373330764
2017-03-13,31.270000457763672,31.56999969482422,31.239999771118164,31.5,25.101831436157227,54.84495758960547,-0.0009517861628449698,0.25129777456780855,57.8312754648301,0.48162998627760295,-3.170803770093176,-0.0662537731964365
2017-03-14,31.3799991607666,31.469999313354492,31.200000762939453,31.209999084472656,24.8707332611084,50.48878529788273,-0.008261981847354494,0.21861555817423206,41.6147773260167,0.3470854839357728,-3.2893156083657256,-0.05949836600285904
2017-03-15,31.3799991607666,32.029998779296875,31.34000015258789,31.90999984741211,25.42855453491211,58.96183116983275,0.010449740382227901,0.3689408535851935,91.94636886383304,0.6846875110588431,-3.00325352859359,-0.01758413795682781
2017-03-16,32.25,32.470001220703125,32.20000076293945,32.40999984741211,25.82699203491211,63.73564764341513,0.04988625596826646,0.6087870417666256,96.89112104645233,0.8909471514022099,-2.798926685459749,0.034038322478542465
2017-03-17,32.599998474121094,32.7599983215332,32.439998626708984,32.59000015258789,25.970436096191406,65.30061944490188,0.05640195198673714,0.8339091564015979,92.34241587465783,0.9496723073477069,-2.4403649363614957,0.07268891444757211
2017-03-20,32.79999923706055,33.11000061035156,32.709999084472656,32.849998474121094,26.17762565612793,67.48336053957587,0.06482982184373642,1.0646252909708473,89.8831841593564,1.0125472131266318,-2.0794224814831304,0.10508527873438206
2017-03-21,33.2400016784668,33.529998779296875,32.439998626708984,32.47999954223633,25.88277816772461,61.54972498995985,0.03736818209998782,1.1392774665605412,64.88294357050816,0.8501950943000086,-1.9396006940457509,0.09958500114436214
2017-03-22,32.56999969482422,32.849998474121094,32.47999954223633,32.689998626708984,26.05012321472168,63.51077607293985,0.047085135269714806,1.2364958720049901,71.90632934001863,0.8982256895362328,-1.8836324109159106,0.09988924972757895
2017-03-23,32.470001220703125,32.65999984741211,32.369998931884766,32.560001373291016,25.9465274810791,61.42230131164182,0.05100069271178498,1.2655088682174367,65.60292514264535,0.8177975840250893,-1.9182798382261006,0.08629723819134705
2017-03-24,32.72999954223633,33.099998474121094,32.61000061035156,32.810001373291016,26.145751953125,63.88204821862286,0.05634273213694829,1.3353140630969536,74.377311642499,0.8696153985154971,-1.8516495324121915,0.08383642495384813
2017-03-27,32.849998474121094,33.2599983215332,32.779998779296875,33.16999816894531,26.432632446289062,67.13195563208376,0.05301609221289416,1.4629039543538647,87.18858794406104,0.9270265928217791,-1.7557028106301271,0.09388435337554046
2017-03-28,33.36000061035156,33.43000030517578,33.130001068115234,33.349998474121094,26.576068878173828,68.65081400954513,0.06856796698198475,1.5891827389154518,93.59429397203053,0.9195269073632313,-1.70773072555849,0.1018775434117749
2017-03-29,32.95000076293945,32.970001220703125,32.77000045776367,32.93000030517578,26.24138069152832,61.50842328679134,0.031965094811041705,1.5659209902464821,77.85982742360046,0.7693190365942857,-1.8196666539084727,0.07741885130762732
2017-03-30,32.84000015258789,33.150001525878906,32.779998779296875,33.06999969482422,26.352941513061523,62.89420755847102,0.020364333463163353,1.56371921989444,80.25753321490843,0.7805510950413108,-1.7823553157015093,0.062204229192053984
2017-03-31,32.70000076293945,32.939998626708984,32.56999969482422,32.84000015258789,26.16965675354004,59.12785162650577,0.007671055526782267,1.4875861894113738,70.38629982236266,0.6942519014709017,-1.9920506461989649,0.03462305449937075
2017-04-03,32.939998626708984,33.0,32.709999084472656,32.88999938964844,26.20949363708496,59.69283625893842,0.001217374767889634,1.423056679984693,70.77626525226661,0.6898192024184744,-1.987162467444404,0.014896804047339618
2017-04-04,32.79999923706055,32.95000076293945,32.77000045776367,32.86000061035156,26.18560028076172,59.16457663575175,0.011699753058762585,1.3488336149787978,49.62412269002527,0.660999917505874,-1.9956654428409595,-0.002973117273705528
2017-04-05,33.060001373291016,33.33000183105469,32.869998931884766,32.900001525878906,26.217470169067383,59.67715985203392,0.0064240369600683245,1.284964583144701,45.68988480270449,0.655083742801677,-1.9843238434236172,-0.015177300319451581
2017-04-06,32.880001068115234,32.939998626708984,32.72999954223633,32.86000061035156,26.18560028076172,58.88120453456081,0.009214057636689699,1.2104453333371685,42.24152956226343,0.6230434822981921,-2.0921110626258077,-0.02722367643423035
2017-04-07,32.86000061035156,33.040000915527344,32.77000045776367,32.869998931884766,26.19356346130371,59.02825139143008,0.0018286530165370074,1.140644846702185,43.10345394574579,0.608888008393462,-2.530687366465016,-0.03593554961835094
2017-04-10,32.869998931884766,32.869998931884766,32.41999816894531,32.52000045776367,25.914655685424805,52.01239120192393,-0.019596109540613638,0.9876858630957376,14.151069013542159,0.4091170855955735,-2.650390376476558,-0.060326260046920654
2017-04-11,32.689998626708984,32.689998626708984,31.979999542236328,32.400001525878906,25.819028854370117,49.825744451955735,-0.02848577896430149,0.8273301025258859,28.965638803606335,0.22548361334243486,-2.902993041221399,-0.0814315030959818
2017-04-12,32.470001220703125,32.63999938964844,32.02000045776367,32.279998779296875,25.723398208618164,47.667521116674834,-0.019739147455658856,0.6629185072822281,20.689591669757885,0.05483157987196507,-4.4185189762824155,-0.09918575170387439
2017-04-13,32.099998474121094,32.45000076293945,31.81999969482422,31.829999923706055,25.364805221557617,40.57096957655251,-0.03749624272547136,0.41616541996225076,0.6211319932141063,-0.17422360409394919,-4.156969549330085,-0.13046453276904785
2017-04-17,32.040000915527344,32.06999969482422,31.770000457763672,32.029998779296875,25.524181365966797,44.52405084546759,-0.024665030712943015,0.26688470332799985,15.662550929660194,0.04205686292036687,-3.9307642319771627,-0.13522760841502862
2017-04-18,31.760000228881836,31.860000610351562,31.6299991607666,31.790000915527344,25.332931518554688,40.99969173601232,-0.03344445072719704,0.08756009331046764,9.411853143361707,-0.01329255180543407,-3.696246792893016,-0.14518938590134922
2017-04-19,31.920000076293945,31.950000762939453,31.489999771118164,31.610000610351562,25.18949317932129,38.535922234273336,-0.038040262234211975,-0.09880330724528143,6.52177743961538,-0.02045865761115078,-3.629682916158287,-0.15450526141388457
2017-04-20,31.770000457763672,31.8700008392334,31.639999389648438,31.790000915527344,25.332931518554688,42.27179616176937,-0.033738520338103206,-0.19950009547316408,16.304391768970582,0.12240006756767816,-3.5557456482476493,-0.144267996326846
2017-04-21,32.09000015258789,32.13999938964844,31.950000762939453,32.08000183105469,25.564029693603516,47.77900947566061,-0.023737114310679486,-0.2043106505880565,32.06529344629524,0.27969631791443217,-3.436622910396916,-0.11638879399298782
2017-04-24,32.58000183105469,32.79999923706055,32.4900016784668,32.70000076293945,26.0580997467041,57.18343683009069,-0.005171641300342089,-0.05210211868194095,65.7608498472568,0.5770270641025412,-3.181947695402407,-0.06186591651693785
2017-04-25,32.7599983215332,33.18000030517578,32.75,33.06999969482422,26.352941513061523,61.62486207693141,0.016912662585875093,0.15878821692339917,85.86946493747739,0.7587839867873394,-3.029967445303844,-0.006074757856019547
2017-04-26,33.060001373291016,33.11000061035156,32.81999969482422,33.0,26.297161102294922,60.349419136485835,0.018518599232436816,0.304364885705026,89.3490977340931,0.7446238634763532,-3.204191769177904,0.025224627528598442
2017-04-27,33.11000061035156,33.29999923706055,33.0099983215332,33.02000045776367,26.313098907470703,60.6003355585309,0.0229246810265904,0.41944593662965696,84.53044961805595,0.7502547578711463,-3.1955299282360894,0.0440516753725439
2017-04-28,33.150001525878906,33.25,33.040000915527344,33.06999969482422,26.352941513061523,61.260328615016554,0.038956983224301966,0.516714863438457,87.29283922100065,0.7753042050522554,-3.1738763624829103,0.05549950455472347
2017-05-01,33.15999984741211,33.40999984741211,33.13999938964844,33.400001525878906,26.61591339111328,65.3821841463677,0.04277245994663592,0.6671991148626949,99.47925410750493,0.8997992520395356,-2.9205865553781782,0.07583516261707568
2017-05-02,33.56999969482422,33.9900016784668,33.56999969482422,33.93000030517578,27.03826332092285,70.76267890446192,0.06731679675994551,0.9054517749140968,97.59994689945457,1.0427855181199464,-2.1626932215170114,0.11067380208846825
2017-05-03,33.880001068115234,34.290000915527344,33.84000015258789,34.290000915527344,27.32513999938965,73.747391462113,0.08478323898241702,1.167074458923723,100.0,1.0629575837770735,-1.86944931052781,0.14387849589594837
2017-05-04,34.189998626708984,34.189998626708984,33.970001220703125,34.13999938964844,27.20560073852539,70.5169742869372,0.07392232591001546,1.3207386235248342,94.64280483676167,0.9453556192490881,-1.9121418862444108,0.1480539753163847
2017-05-05,34.15999984741211,34.439998626708984,34.029998779296875,34.41999816894531,27.428730010986328,72.90294297064246,0.07294234671654243,1.4916600293080051,99.32201811787937,0.9595279845618702,-1.7587021476753946,0.1553464803201462
2017-05-08,34.70000076293945,35.099998474121094,34.630001068115234,34.97999954223633,27.8749942779541,76.92505063997784,0.06972475157095093,1.739846187411607,96.67592867041903,1.0154262743741858,-1.3833869229805997,0.17809627942350947
2017-05-09,35.130001068115234,35.459999084472656,35.130001068115234,35.40999984741211,28.217655181884766,79.44765982340907,0.07075922313640093,2.01297426729098,98.69111934411168,1.0153382101409765,-1.2062683010613409,0.2023241869110302
2017-05-10,35.27000045776367,35.630001068115234,35.08000183105469,35.40999984741211,28.217655181884766,79.44765982340907,0.07303047169689525,2.2005897808683934,94.02170645492335,0.9425972381397182,-1.172421150739005,0.20387952103435691
2017-05-11,35.619998931884766,35.79999923706055,35.369998931884766,35.560001373291016,28.337182998657227,80.3181213166182,0.0769230601953863,2.354664673079807,92.74930390367133,0.9118575927711876,-1.1135121028145127,0.19830589558755296
2017-05-12,35.5,35.52000045776367,35.25,35.369998931884766,28.18577766418457,75.93114675144786,0.06954958520340604,2.402120888784663,85.9016258118741,0.8378305946498004,-1.1486409550728625,0.17081385503656532
2017-05-15,35.36000061035156,35.38999938964844,34.880001068115234,35.060001373291016,27.93874740600586,69.28200375013742,0.04970086862900058,2.3389726526857824,75.16785310597052,0.7538971118454731,-1.205956567320786,0.1245330761612865
2017-05-16,35.0099983215332,35.029998779296875,34.79999923706055,35.029998779296875,27.914825439453125,68.65502981794268,0.03241932028422734,2.2553147757117546,72.40142634081779,0.7262177363035712,-1.2115069082759915,0.08285640888558832
2017-05-17,34.79999923706055,34.810001373291016,34.38999938964844,34.41999816894531,27.428730010986328,57.30644181446207,0.0037910148529520793,2.0232098310530247,49.99993089312345,0.5878135285001488,-1.394324407002537,0.016566592196206043
2017-05-18,34.439998626708984,34.9900016784668,34.40999984741211,34.900001525878906,27.811246871948242,62.55221314981148,0.022261818044150283,1.9290230630872314,66.16549763875962,0.672814478677304,-1.4570014367047353,-0.006280199520179441
2017-05-19,35.08000183105469,35.22999954223633,34.939998626708984,35.20000076293945,28.050296783447266,65.41237392776421,0.022661157560411205,1.9019676488299608,73.09423330556416,0.7272443694813707,-1.7233015618373249,-0.009841489945147774
2017-05-22,35.38999938964844,35.5099983215332,35.2599983215332,35.400001525878906,28.209688186645508,67.21065676182343,0.012006958830341752,1.9043978192148228,79.59194397841969,0.757473433272361,-1.870627196421938,-0.0061895022107155695
2017-05-23,35.38999938964844,35.4900016784668,35.29999923706055,35.400001525878906,28.209688186645508,67.21065676182343,-0.0002823407964943625,1.8838922746475675,78.1421778818193,0.7354528626470084,-1.9290846363684087,-0.008365694559238745
2017-05-24,35.41999816894531,35.59000015258789,35.34000015258789,35.52000045776367,28.305309295654297,68.35536697139682,0.003106357108857205,1.873158047857764,84.18086401793123,0.75027620989429,-2.068267914714883,-0.00795941477554496
2017-05-25,35.65999984741211,35.790000915527344,35.4900016784668,35.56999969482422,28.34515380859375,68.84346983214283,0.00028128448536679507,1.8541667929647125,83.68797396265924,0.7510721164433222,-2.0830325949493944,-0.009497180288340679
2017-05-26,35.54999923706055,35.58000183105469,35.33000183105469,35.5099983215332,28.297334671020508,67.49785987324967,0.003957918357444967,1.8039910631701461,79.43255695668289,0.7232303265148574,-2.2025507505345585,-0.01774566690382251
2017-05-30,35.68000030517578,35.810001373291016,35.47999954223633,35.779998779296875,28.512500762939453,70.30991989688044,0.02053611597527305,1.8049287583839568,97.88714421953284,0.8291847485846198,-2.6398103313504873,-0.012944355270643415
2017-05-31,35.31999969482422,35.36000061035156,35.099998474121094,35.36000061035156,28.177812576293945,61.409698171899926,0.009421056112682402,1.689506585588609,68.3098496957649,0.6174704118697403,-3.2562051105293333,-0.03527628829550289
2017-06-01,35.70000076293945,35.91999816894531,35.529998779296875,35.88999938964844,28.600154876708984,67.07384076476038,0.042707951307021874,1.6995061671701717,98.03929390645257,0.8659543947663317,-3.13577166555812,-0.025051817663148956
2017-06-02,35.90999984741211,36.22999954223633,35.849998474121094,36.18000030517578,28.831239700317383,69.69482453753872,0.036675551911264925,1.7526320886177191,97.2826503850978,0.9959219379117608,-2.7450714891359183,-0.007106114784038109
2017-06-05,36.560001373291016,36.66999816894531,36.29999923706055,36.38999938964844,28.998598098754883,71.46632679901228,0.033807175825220526,1.8204414106199291,87.71934521021001,1.0489884869792578,-2.7466509550133176,0.010687688178585453
2017-06-06,36.380001068115234,36.58000183105469,36.2400016784668,36.43000030517578,29.03046989440918,71.80435324068763,0.029095738397854065,1.8606698488377913,89.47377226914377,0.9852804895601762,-2.7326720897859746,0.018782704790703764
2017-06-07,36.59000015258789,36.709999084472656,36.380001068115234,36.459999084472656,29.05437660217285,72.07161494784127,0.02994320284359686,1.876742117735647,89.13043117703351,0.9328714627966496,-2.6818377109182574,0.019823232982996153
2017-06-08,36.75,36.900001525878906,36.540000915527344,36.83000183105469,29.349220275878906,75.19452163890904,0.03688039474576166,1.9492762321694586,96.42859228147753,1.0055534563869704,-2.390276822162308,0.03363298134516346
2017-06-09,36.58000183105469,36.70000076293945,35.20000076293945,35.790000915527344,28.520469665527344,56.17914143825303,0.006185038123887043,1.7523503444755335,38.33340397575552,0.5686234876223006,-2.720456067187248,-0.017059518954949282
2017-06-12,35.790000915527344,35.790000915527344,35.0099983215332,35.2400016784668,28.082185745239258,49.10660658606668,-0.007603151614190229,1.4558688557375445,12.169469152472585,0.3441961428524355,-2.895071026259077,-0.0805658404162965
2017-06-13,35.459999084472656,35.59000015258789,35.25,35.560001373291016,28.337182998657227,52.8275501126139,-0.006148803492891264,1.2782936153801252,29.100641231357972,0.46497615586123137,-2.793478581480952,-0.10434729970451856
2017-06-14,35.470001220703125,35.77000045776367,35.369998931884766,35.650001525878906,28.408903121948242,53.84956604629185,0.00820115276970479,1.1447196259330736,33.862545993262735,0.48955882870386525,-2.764904851500497,-0.11344181126080233
2017-06-15,35.11000061035156,35.470001220703125,35.0099983215332,35.439998626708984,28.241559982299805,51.06933428562296,-0.012538215123485519,0.980171381040988,22.75130032515698,0.356810031118259,-2.859283416495721,-0.12785198129906516
2017-06-16,35.869998931884766,35.95000076293945,35.720001220703125,35.869998931884766,28.584213256835938,56.0706598834279,-0.008568013240121797,0.9361606197454961,45.50260065031396,0.5525922400516222,-3.624742841127824,-0.11200031793150234
2017-06-19,36.130001068115234,36.36000061035156,36.06999969482422,36.209999084472656,28.85515785217285,59.58807653799091,-0.004946454518026888,0.9667553797864787,63.49199621356617,0.715547349002056,-3.638523827689004,-0.08233310304371372
2017-06-20,36.52000045776367,36.7400016784668,36.119998931884766,36.130001068115234,28.791410446166992,58.40320163726064,-0.008234777084618505,0.9616294466115269,59.25930411159081,0.6527737203445261,-3.672252556751095,-0.06673338036996301
2017-06-21,36.209999084472656,36.779998779296875,36.209999084472656,36.709999084472656,29.25358772277832,63.99338644782683,0.006856492683810389,1.075240451534325,89.94697781626108,0.9209377770018798,-3.4277147297523682,-0.02705326906192823
2017-06-22,36.720001220703125,36.91999816894531,36.630001068115234,36.709999084472656,29.25358772277832,63.99338644782683,-0.003258435903974677,1.1512336114786788,89.00528265710662,0.8722436984558721,-3.395827779386653,-0.0037935478660539035
2017-06-23,36.720001220703125,36.779998779296875,36.540000915527344,36.72999954223633,29.269542694091797,64.18608341696026,0.026264400178158898,1.2014662524660555,90.05242712629446,0.8410148568518452,-3.3874743905970703,0.008981733161831207
2017-06-26,36.439998626708984,36.52000045776367,35.91999816894531,36.130001068115234,29.729509353637695,69.28882976428827,0.05866080451653266,1.3534635796563494,58.638891940203116,1.0238206814820847,-3.1466541307582463,0.04283118633218169
2017-06-27,35.790000915527344,35.790000915527344,34.970001220703125,35.09000015258789,28.873743057250977,53.901410117635166,0.01893484114561339,1.220546891270408,6.153801009429164,0.5348607621969835,-3.508291130325912,0.004050453665074671
2017-06-28,35.27000045776367,35.38999938964844,34.75,35.349998474121094,29.08768653869629,56.50216135263594,0.023893334207037098,1.1614770809624866,27.649722599199794,0.6371781885115516,-2.991363243866594,-0.009963375134971475
2017-06-29,35.22999954223633,35.22999954223633,34.529998779296875,34.810001373291016,28.643356323242188,50.17136217960481,0.01422712984672958,0.9794514285843903,11.715592698763336,0.370535793640268,-2.8450309453428755,-0.04970594128477507
2017-06-30,34.84000015258789,35.09000015258789,34.70000076293945,34.959999084472656,28.76677131652832,51.787217356179575,0.006386674282480964,0.8597568259323399,17.991649162681718,0.446345259893387,-2.7933928596510262,-0.06714594780774319
2017-07-03,35.040000915527344,35.16999816894531,34.83000183105469,34.880001068115234,28.700952529907227,50.8403297996498,-0.0053441163987260065,0.73801297778305,14.644450970752917,0.4159081151799343,-2.820932107947979,-0.0816163266205917
2017-07-05,35.08000183105469,35.08000183105469,34.630001068115234,34.81999969482422,28.651580810546875,50.10033355808992,-0.004856644167591795,0.6205687628399786,12.133932618702556,0.3976254121986337,-2.8415897363867937,-0.09223120562056791
2017-07-06,34.5,34.63999938964844,34.310001373291016,34.5,28.388259887695312,46.23502595726865,-0.029580229381889422,0.44850058531916176,7.279649807437938,0.26403607715044597,-2.65086925511002,-0.11331660730223542
2017-07-07,34.54999923706055,34.66999816894531,34.47999954223633,34.630001068115234,28.4952335357666,47.990530622165934,-0.02592345917356409,0.3381523914353949,12.26053975840221,0.3460478942608378,-2.6098831327326275,-0.11596979224463347
2017-07-10,34.61000061035156,35.15999984741211,34.54999923706055,35.0,28.799692153930664,52.722017417637275,-0.016052541205434534,0.3323873906419717,26.436761449586744,0.5240631889610101,-2.493232177960962,-0.09406358844215054
2017-07-11,35.43000030517578,35.43000030517578,35.04999923706055,35.380001068115234,29.112369537353516,57.04408057619093,-0.020758493150465185,0.410775490432854,40.99620722162541,0.6980586256473762,-2.373432267116831,-0.05717350262696658
2017-07-12,35.650001525878906,35.79999923706055,35.5,35.689998626708984,29.367460250854492,60.23772295425171,0.017099175282697887,0.5378207916082175,52.87352289917349,0.8306026670695885,-2.275696241568559,-0.016370385872616716
2017-07-13,35.459999084472656,36.15999984741211,35.459999084472656,36.150001525878906,29.7459716796875,64.46002600596506,0.02263105868235593,0.7349701353244422,74.49401153676862,0.9937162280294086,-2.1306725275688954,0.03266010920216261
2017-07-14,36.130001068115234,36.349998474121094,35.97999954223633,36.25,29.8282527923584,65.3220849743993,0.04136723559015132,0.9025696040276692,87.78277965539978,0.9805143644712869,-2.099147158339363,0.06529794032174777
2017-07-17,36.029998779296875,36.060001373291016,35.63999938964844,35.90999984741211,29.548486709594727,59.99359283520121,0.027174248526711242,0.9462140623433384,78.43140921475094,0.7853585899869557,-2.2063373599631686,0.06269640479536279
2017-07-18,35.880001068115234,36.040000915527344,35.720001220703125,35.869998931884766,29.515562057495117,59.37969924223994,0.02838266523520594,0.9603173181775599,76.47057723557472,0.7419880203909215,-2.2189521846841913,0.05375383939607614
2017-07-19,36.060001373291016,36.41999816894531,36.060001373291016,36.40999984741211,29.95990753173828,64.63867331637303,0.04566333459373384,1.081143218993799,99.526145179282,0.9283683373598705,-2.048704667528994,0.07164137197362341
2017-07-20,36.40999984741211,36.40999984741211,36.08000183105469,36.099998474121094,29.704814910888672,59.84827781381575,0.04637674265353664,1.093489318290408,84.83411465442587,0.772529285005395,-2.1464414238630805,0.060608005770029894
2017-07-21,36.060001373291016,36.060001373291016,35.70000076293945,35.849998474121094,29.499109268188477,56.229388580285516,0.03522960186172308,1.0346593237872455,72.98575542872018,0.6593065633361015,-2.3297316427153874,0.03503959145312607
2017-07-24,36.11000061035156,36.220001220703125,36.0099983215332,36.220001220703125,29.803565979003906,60.077158594658435,0.03485710262830821,1.059215525395565,90.52145725272679,0.788847442673503,-2.421111882873211,0.03417873635014973
2017-07-25,36.0099983215332,36.25,35.970001220703125,36.099998474121094,29.704814910888672,58.28736939937652,0.02035029724306714,1.039383453593695,84.83411465442587,0.7419103586231753,-2.564556140315987,0.02303954940623798
2017-07-26,36.099998474121094,36.25,35.939998626708984,36.220001220703125,29.803565979003906,59.58404120364014,0.014849964022228379,1.0385279043300202,89.69087165894223,0.762325295111279,-2.5177546151579295,0.01859365091474907
2017-07-27,36.540000915527344,36.61000061035156,35.959999084472656,36.18000030517578,29.770641326904297,58.92632892471105,0.0008293441371640675,1.0169411397661525,79.1262126933041,0.725574749775038,-2.355635457456991,0.010130421762952035
2017-07-28,36.04999923706055,36.06999969482422,35.70000076293945,35.86000061035156,29.507339477539062,53.81077529437076,-0.010758703067634934,0.9173097195605628,51.923119245864356,0.5848630174946092,-2.4701145603725814,-0.015132359767861092
2017-07-31,36.029998779296875,36.400001525878906,35.849998474121094,35.959999084472656,29.589630126953125,55.12206128430503,0.0013924035353403141,0.8510198360278535,43.478203180458166,0.6081759968185709,-2.4343360052808714,-0.027511062901942218
2017-08-01,35.95000076293945,35.9900016784668,35.709999084472656,35.84000015258789,29.490888595581055,53.171456186248996,-0.0008359475542427663,0.762730891105091,33.04352729661056,0.5406510886401815,-2.477267120118224,-0.04265571080622005
2017-08-02,36.400001525878906,36.470001220703125,35.86000061035156,36.06999969482422,29.680137634277344,56.35900645052209,-0.00933814288861079,0.7359555364188823,44.32987258140632,0.6223513246538019,-2.394984902086642,-0.04026398546214488
2017-08-03,36.11000061035156,36.11000061035156,35.650001525878906,35.790000915527344,29.449743270874023,51.74149273870582,-0.008586878618157878,0.644387383984164,15.464055372030833,0.4516604308894058,-2.7436214783466792,-0.05369507108774607
2017-08-04,35.93000030517578,36.08000183105469,35.7599983215332,36.029998779296875,29.647226333618164,55.134610956737966,0.005021069079852447,0.6186237426959154,39.58308498040992,0.5668696397023278,-2.7619852597233066,-0.04891098872258326
2017-08-07,36.2599983215332,36.81999969482422,36.2599983215332,36.790000915527344,30.27259063720703,63.81181525339247,0.015737199318146766,0.7597631392243587,97.43599775682408,1.145970385459395,-3.081100205821183,-0.005542922231075775
2017-08-08,36.709999084472656,36.959999084472656,36.63999938964844,36.70000076293945,30.198530197143555,62.275696255390564,0.016620715790890417,0.8411384013577916,80.15276289428319,1.0241415181987346,-3.889645924886068,0.01511239259183969
2017-08-09,36.20000076293945,36.470001220703125,36.029998779296875,36.459999084472656,30.00104331970215,58.24899997917662,0.006625963511794675,0.8420085404032215,61.831989936169215,0.7873295513327867,-4.0213038431803385,0.012537777867266758
2017-08-10,36.0,36.029998779296875,35.34000015258789,35.34000015258789,29.07945442199707,43.963232593391496,-0.023217064668425103,0.5858115283036159,0.0,-0.07028477145351057,-4.24653694960593,-0.05070101653171466
2017-08-11,35.52000045776367,36.20000076293945,35.43000030517578,36.13999938964844,29.73774528503418,52.85720373378221,0.0078084236523765505,0.5552346398503956,49.38270151387067,0.5363363542030496,-3.8401842970944684,-0.047708068074794496
2017-08-14,36.029998779296875,36.099998474121094,35.849998474121094,36.04999923706055,29.663679122924805,51.859869427341586,0.002502531990226764,0.5050335884013352,43.82713287635428,0.4626213431943265,-3.885904180392912,-0.04998781970941246
2017-08-15,36.189998626708984,36.4900016784668,36.09000015258789,36.41999816894531,29.968137741088867,55.570921068307285,0.016182935416171995,0.5417232051848099,66.66658817490163,0.7219682207341078,-3.697966637860187,-0.031182389737672178
2017-08-16,36.20000076293945,36.439998626708984,36.13999938964844,36.34000015258789,29.902315139770508,54.59110829162896,0.007485730296498794,0.5465127204254749,61.72843576116212,0.6655204470974789,-3.7385979000313165,-0.02370639954569892
2017-08-17,36.29999923706055,36.34000015258789,35.77000045776367,35.790000915527344,29.449743270874023,48.28700950542491,0.0,0.4225675138772907,27.777843187581976,0.2638635498972707,-4.017963435396173,-0.04835078953946412
2017-08-18,36.0,36.099998474121094,35.61000061035156,35.86000061035156,29.507339477539062,49.092707180494855,-0.00471837920029905,0.3360807891217503,32.098814852839716,0.31533321696103,-3.9824101979640787,-0.05916777594566863
2017-08-21,35.90999984741211,36.0099983215332,35.630001068115234,35.97999954223633,29.6060791015625,50.51608049769881,-0.02201699694724324,0.2910334255114039,39.50616121109653,0.41364078733657866,-3.921459772577958,-0.05799043725580302
2017-08-22,36.470001220703125,36.66999816894531,36.34000015258789,36.52000045776367,30.050418853759766,56.42112548013776,-0.004904587819899886,0.371822435244593,72.8395730361949,0.7887180933749807,-3.647175794081562,-0.027169441272090228
2017-08-23,36.470001220703125,36.599998474121094,36.369998931884766,36.58000183105469,30.09979248046875,57.034664056788884,0.0032915242218176655,0.4439109116441646,76.54336395297088,0.8060296484185852,-3.6166982266355507,-0.004527953491720305
2017-08-24,36.779998779296875,36.93000030517578,36.58000183105469,36.83000183105469,30.305498123168945,59.58746978711008,0.042161853636581315,0.5501241802788495,91.9754728932614,0.9188552801196505,-3.489719351124275,0.021786936969852178
2017-08-25,36.93000030517578,37.060001373291016,36.75,36.849998474121094,30.321958541870117,59.79333216867026,0.01964551284020688,0.6310808252319969,87.7905377832189,0.880121514452183,-3.2994639821862637,0.0368979301044097
2017-08-28,36.59000015258789,36.869998931884766,36.56999969482422,36.77000045776367,30.256128311157227,58.50964964004042,0.019972208631887645,0.6694814740833562,83.13949362147585,0.7985211036665766,-3.3377373449725876,0.03885869937407202
2017-08-29,36.52000045776367,36.970001220703125,36.5,36.880001068115234,30.346649169921875,59.78805312426436,0.012630462129584963,0.715807601554316,89.53487340536897,0.8250043872400942,-3.2851089760650094,0.042363770751885854
2017-08-30,36.880001068115234,37.08000183105469,36.79999923706055,36.93000030517578,30.38779067993164,60.38548912200061,0.0162353830428148,0.7546289998859875,90.9090068387055,0.8166540133307729,-3.2280946526326852,0.043405208858267874
2017-08-31,36.95000076293945,36.97999954223633,36.70000076293945,36.970001220703125,30.42068862915039,60.88591839488884,0.032969569525471476,0.784936279172473,92.5169714961905,0.8064095938681132,-3.209187803503817,0.04222288141001826
2017-09-01,37.0,37.2400016784668,36.90999984741211,37.220001220703125,30.626415252685547,63.9526001391398,0.03792533637261064,0.8538982256148933,98.77297885535754,0.8898929847062087,-2.8628321655015103,0.050642008100191094
2017-09-05,37.25,37.400001525878906,36.650001525878906,36.849998474121094,30.321958541870117,56.84900539181313,0.02418015022697939,0.8175024241172285,69.27358824306641,0.6948016843162719,-2.8179409055640856,0.03196366380296392
2017-09-06,37.060001373291016,37.369998931884766,37.0,37.27000045776367,30.667558670043945,62.007791671274006,0.02053681245800565,0.8707365548144691,92.73737421095478,0.8743956245372418,-2.6501739648936993,0.03869255648624376
2017-09-07,37.2400016784668,37.540000915527344,37.18000030517578,37.540000915527344,30.889726638793945,64.91187528600906,0.02624384067889407,0.9605771370395252,100.0,0.9372961418652632,-2.404850895673267,0.05302813319817176
2017-09-08,37.56999969482422,37.68000030517578,37.349998474121094,37.5,30.8568115234375,64.1297563712424,0.01819186069893597,1.0108465933632835,91.21949404069632,0.8998933550737146,-2.414528347439235,0.05498026912451892
2017-09-11,37.38999938964844,37.880001068115234,37.349998474121094,37.84000015258789,31.13658332824707,67.69294822715571,0.02686583669231246,1.1114385990239608,97.40253949695568,0.9793486134327207,-2.352668008812454,0.06889800767920223
2017-09-12,37.849998474121094,37.939998626708984,37.650001525878906,37.86000061035156,31.153030395507812,67.89485400041553,0.029643650209529415,1.1811532468734702,94.90458395494282,0.9285839178166911,-2.2948643816665157,0.07262416122416948
2017-09-13,37.66999816894531,37.790000915527344,37.4900016784668,37.529998779296875,30.881502151489258,61.10529621015641,0.01762477888654357,1.15114818557374,71.52776122091622,0.7620117272390232,-2.4114002079257353,0.05122365884606106
2017-09-14,37.5,37.72999954223633,37.369998931884766,37.380001068115234,30.758068084716797,58.25341938810225,0.01218507158632276,1.0822866878459882,61.111243566003594,0.6802581961642252,-2.464376247349765,0.024530380353757042
2017-09-15,37.52000045776367,37.66999816894531,37.400001525878906,37.650001525878906,30.980239868164062,61.71678879230799,0.018393772929830687,1.0736778176249355,79.86129323658828,0.7753885159579319,-2.3690234694128134,0.0179188463622304
2017-09-18,37.869998931884766,38.119998931884766,37.83000183105469,38.06999969482422,31.32582664489746,66.38795898126308,0.022836867666077287,1.1440531581790414,96.91362530700091,0.937526816619459,-2.1105855887048084,0.032075964188750916
2017-09-19,38.18000030517578,38.43000030517578,38.130001068115234,38.29999923706055,31.51508331298828,68.64433804617336,0.039348539094881785,1.2344431175391037,92.69656419839868,1.0075567463846282,-2.690572481980575,0.048458601180563166
2017-09-20,38.36000061035156,38.38999938964844,37.439998626708984,37.81999969482422,31.1201171875,59.64546817556749,0.01475691372519039,1.1887270621799035,65.73027928746549,0.7484276403989342,-2.9304845847445558,0.027983164778072445
2017-09-21,37.790000915527344,38.33000183105469,37.66999816894531,38.2400016784668,31.465713500976562,64.0824158138556,0.018646550968801412,1.2281916126635797,89.32591252764585,0.9145415691661932,-2.9904381880783806,0.03267634371475303
2017-09-22,37.70000076293945,37.83000183105469,37.59000015258789,37.77000045776367,31.078975677490234,56.58478744543722,0.007199841561205567,1.1453151518102078,62.9213314588441,0.6592317927801006,-3.1908204483553315,0.006088369201979971
2017-09-25,37.5,37.5,36.86000061035156,37.06999969482422,30.50298500061035,47.643983208386125,-0.02034899979092819,0.919038823430638,13.375740464469853,0.28621047816004186,-3.489261166387976,-0.05080379231712251
2017-09-26,37.09000015258789,37.31999969482422,36.93000030517578,37.13999938964844,30.560590744018555,48.52007540933972,-0.019017079364923917,0.7460595895834271,17.83432061929314,0.304265851577941,-3.459413635662867,-0.08315721458019731
2017-09-27,37.290000915527344,37.36000061035156,37.0099983215332,37.25,30.651098251342773,49.93749774087381,-0.007460903262290763,0.6253919570698756,24.84073028384269,0.3487055527678,-3.7521726901777925,-0.09614496479384532
2017-09-28,36.959999084472656,37.099998474121094,36.790000915527344,37.04999923706055,30.486526489257812,47.38281136260236,-0.008828304648753615,0.48110663527602926,15.85356209119921,0.22384547331445775,-3.844628799698255,-0.112373276854005
2017-09-29,37.2599983215332,37.599998474121094,37.2599983215332,37.54999923706055,30.897953033447266,53.752532804069496,-0.0026561070884850713,0.46914021369887154,46.34137831576401,0.5031113153840364,-3.613490133214465,-0.09276700766714091
2017-10-02,37.83000183105469,38.18000030517578,37.77000045776367,38.130001068115234,31.37520980834961,59.827769756137755,0.0015764360829786384,0.5777698087391261,81.7073567859768,0.8254720987257848,-3.345368165686562,-0.047315543906460505
2017-10-03,38.36000061035156,38.470001220703125,38.25,38.439998626708984,31.630287170410156,62.651679691166244,0.0036555149252737174,0.7215640285203797,98.2141316342796,0.9612202862204439,-3.453257623716512,-0.002118583107284161
2017-10-04,38.25,38.34000015258789,38.130001068115234,38.27000045776367,31.490407943725586,60.1544491294557,0.011898758413876331,0.7894271010116929,88.09519484471005,0.8222253109531821,-3.5365190530469874,0.015349182672970862
2017-10-05,38.65999984741211,38.849998474121094,38.38999938964844,38.459999084472656,31.64674949645996,61.97859660663167,0.0057534368473093345,0.8732972948041786,81.06796835649314,0.8813609539640425,-2.878726948831145,0.03339027129746078
2017-10-06,38.40999984741211,38.47999954223633,38.209999084472656,38.459999084472656,31.64674949645996,61.97859660663167,0.01826874298759318,0.9285925125427162,81.06796835649314,0.8395832743697871,-2.878726948831145,0.04079150806084969
2017-10-09,38.599998474121094,38.810001373291016,38.5,38.77000045776367,31.901830673217773,65.0097024694548,0.045859304346097085,1.0259589331706094,96.11659654528755,0.9359944843446885,-2.75490098811887,0.05732161943118452
2017-10-10,39.11000061035156,39.15999984741211,38.81999969482422,38.970001220703125,32.06639862060547,66.84606958523437,0.04927286547566623,1.1316938073196705,91.98317669460357,0.9562678749788686,-2.3750820353431057,0.07280000638806639
2017-10-11,39.79999923706055,40.38999938964844,39.68000030517578,40.349998474121094,33.2019157409668,76.14794920609727,0.08322107967248038,1.4873978205815381,98.88886298661252,1.230054210137159,-1.3786907487194273,0.14860557220116727
2017-10-12,40.4900016784668,40.65999984741211,40.31999969482422,40.439998626708984,33.27598571777344,76.60896763730668,0.09149809931605413,1.7640173841712699,94.31521236632538,1.098850068717764,-1.2900145135963934,0.19017141284053668
2017-10-13,40.70000076293945,40.86000061035156,40.630001068115234,40.81999969482422,33.588653564453125,78.49823079831957,0.08708345591998135,2.035129055452604,99.01717644897585,1.0636568566639342,-1.1685718897093151,0.2228908265536933
2017-10-16,40.880001068115234,40.91999816894531,40.650001525878906,40.88999938964844,33.646270751953125,78.83743781663911,0.07238392850520925,2.2350899169886245,99.27363682210569,0.987340135894965,-1.1431942504253434,0.23156551501626466
2017-10-17,40.83000183105469,41.25,40.540000915527344,41.25,33.94248962402344,80.5373912972212,0.07310089981656342,2.4358794684735807,100.0,0.9751494720743465,-1.0204555775846287,0.2394139114546736
2017-10-18,41.400001525878906,41.720001220703125,40.93000030517578,41.5,34.14821243286133,81.6404178982888,0.08440044644341627,2.612209527789304,95.06724041044747,0.9467339022403278,-0.9178596996216253,0.24001205807727022
2017-10-19,41.02000045776367,41.290000915527344,40.5,41.06999969482422,33.794376373291016,73.88434809926595,0.06786247911720888,2.63193721372999,83.5442683460345,0.8343948054556064,-0.9896317153756276,0.19977775696157274
2017-10-20,41.02000045776367,41.119998931884766,40.83000183105469,41.119998931884766,33.835514068603516,74.19133830867854,0.06916238182339685,2.6258093269685703,83.28684503297748,0.8072598886248966,-0.9812873557882029,0.1608105855949128
2017-10-23,41.369998931884766,41.47999954223633,41.11000061035156,41.209999084472656,33.909568786621094,74.7663817327376,0.06293488715332107,2.607594054113884,85.79381296508224,0.7918341271857114,-0.9662661157408481,0.12641451775546397
2017-10-24,41.2599983215332,41.380001068115234,40.970001220703125,41.31999969482422,34.000091552734375,75.48541578024437,0.06030277846313359,2.584114465388159,88.60395206743425,0.7820027731460779,-0.9479045010329858,0.0974494558629374
2017-10-25,41.29999923706055,41.40999984741211,40.70000076293945,41.15999984741211,33.868431091308594,72.26025296314931,0.020074605198741713,2.5037616369897067,84.04555463056147,0.7341749589914897,-0.9746104753282727,0.059005518145859304
2017-10-26,41.18000030517578,41.34000015258789,41.06999969482422,41.20000076293945,33.90134048461914,72.57566185635504,0.01879297497449306,2.419487751653675,83.85092358287605,0.7229304032937961,-1.1350618057533473,0.027003677591659225
2017-10-27,41.47999954223633,42.18000030517578,41.41999816894531,42.150001525878906,34.68305206298828,78.75497315160813,0.03258238668111901,2.510907278359369,99.10717934977589,0.8643190302209268,-1.0819883223549052,0.048442467365857556
2017-10-30,42.36000061035156,42.65999984741211,42.08000183105469,42.130001068115234,34.66659164428711,78.35461606257037,0.030324932586318187,2.5479840141991206,82.21480333184415,0.8298505606812858,-1.1465497477078133,0.051205069767216393
2017-10-31,42.18000030517578,42.52000045776367,42.099998474121094,42.33000183105469,34.83116149902344,79.47788988946688,0.026181693943010842,2.585099281724901,85.89752158808771,0.8353664637311257,-1.1102208516629732,0.05355320197762903
2017-11-01,42.47999954223633,42.5,41.86000061035156,42.099998474121094,34.641910552978516,74.67847552968252,0.014457509923479828,2.538804725965408,74.0740086643084,0.7709295507501457,-1.1838175100575123,0.03281638383545038
2017-11-02,42.09000015258789,42.2400016784668,41.95000076293945,42.150001525878906,34.68305206298828,75.03146506479577,0.026296555375989072,2.482333087495916,76.38896492774151,0.7639566580732713,-1.1745722284943267,0.013325737444840002
2017-11-03,41.900001525878906,42.22999954223633,41.59000015258789,42.189998626708984,34.71595764160156,75.32771303077548,0.026021285540775096,2.416704568496934,78.24068268957369,0.7637672365564822,-1.291625600287569,-0.0049180706959230935
2017-11-06,42.189998626708984,42.47999954223633,42.08000183105469,42.43000030517578,34.9134521484375,77.08503631099984,0.02960472214003751,2.383000346966986,89.35187229240363,0.8234710432961018,-1.3993300497798105,-0.01090912404039368
2017-11-07,42.63999938964844,42.709999084472656,42.2599983215332,42.5099983215332,34.97927474975586,77.65625566339868,0.028799428245737557,2.343852066195089,90.95018797316938,0.8684793338921014,-1.9333951977600299,-0.01728445643795873
2017-11-08,42.41999816894531,42.540000915527344,42.209999084472656,42.43000030517578,34.9134521484375,75.62605088749419,0.030855313442525567,2.2704768115192646,86.06970084018303,0.8140281707526191,-2.6441543628017437,-0.031928336554838066
2017-11-09,42.13999938964844,42.220001220703125,41.290000915527344,41.63999938964844,34.263397216796875,59.17299274109443,0.0106797172914741,2.0363126370042877,46.76613988373704,0.4828185499352875,-3.203993378649425,-0.08819869711067285
2017-11-10,41.790000915527344,41.81999969482422,41.59000015258789,41.720001220703125,34.32923126220703,60.11928080100967,-0.010201547434137925,1.8449915104569434,50.746333807165946,0.49771170545731275,-3.1742042054897146,-0.12172255914433339
2017-11-13,41.720001220703125,42.0099983215332,41.5099983215332,42.0099983215332,34.56785202026367,63.42804873568871,-0.002848264549241031,1.7294073103574619,65.17406231436547,0.6118289797254463,-3.066230967069311,-0.12792770565977973
2017-11-14,41.779998779296875,41.88999938964844,41.5099983215332,41.86000061035156,34.444435119628906,60.62638445009899,-0.011102884967111204,1.5904821583157622,48.17080545967119,0.5244226223856001,-3.1220757416223353,-0.13949755097939986
2017-11-15,41.38999938964844,41.650001525878906,41.279998779296875,41.540000915527344,34.181121826171875,55.0404066033828,-0.013301481340122656,1.402491279282309,18.181963688357975,0.3619680012993524,-3.2412220776127243,-0.1624332929983784
2017-11-16,41.75,42.2400016784668,41.75,42.099998474121094,34.641910552978516,61.69219664986075,-0.0011862136566023196,1.3461246334944124,57.34262376422509,0.6258886604587061,-3.3959777456828406,-0.14470991174785497
2017-11-17,42.2400016784668,42.41999816894531,41.970001220703125,42.06999969482422,34.617218017578125,61.16991763456524,-0.0028442143248013085,1.2807683632657698,55.244807477872094,0.5907064792400825,-3.4082625994241886,-0.1330837254823921
2017-11-20,42.06999969482422,42.279998779296875,41.959999084472656,42.209999084472656,34.73241424560547,62.7541101392425,-0.005185333780868606,1.24151757587086,65.03497249683888,0.6525641808015393,-3.35095099533316,-0.11665790799993281
2017-11-21,42.619998931884766,42.869998931884766,42.54999923706055,42.58000183105469,35.0368766784668,66.62923693828745,0.0016467445115151413,1.266750115663042,81.76119037736709,0.8480495754650418,-2.991736803245835,-0.08574042914782742
2017-11-22,42.59000015258789,42.7400016784668,42.290000915527344,42.40999984741211,34.8969841003418,63.36699390755202,-0.0004716820332084648,1.2394463731680263,71.06924274667773,0.7296384677830188,-3.8114545616381172,-0.07552288195478918
2017-11-24,42.66999816894531,43.02000045776367,42.61000061035156,42.9900016784668,35.374244689941406,68.9520766634212,0.03242082114963085,1.313463347197956,98.27593388741393,1.0969991659943628,-3.7761082715272574,-0.039257866302352507
2017-11-27,41.66999816894531,41.68000030517578,41.060001373291016,41.09000015258789,33.810829162597656,44.83669362944847,-0.015100894501534734,0.9964663095960643,1.530550679055356,-0.11820802609987893,-4.08055897797206,-0.11870957986195874
2017-11-28,41.029998779296875,41.220001220703125,40.810001373291016,40.93000030517578,33.67918014526367,43.45837944506465,-0.025708044413030318,0.705904926211544,5.429818171775371,-0.071470084152138,-3.608617276960946,-0.17488275042739077
2017-11-29,40.880001068115234,40.90999984741211,39.2400016784668,39.40999984741211,32.42844772338867,33.060304100968864,-0.05852868218736962,0.1784149503488988,4.497307509102799,-0.31573322878596705,-2.183998982747067,-0.28453938613314816
2017-11-30,39.599998474121094,39.7400016784668,39.16999816894531,39.599998474121094,32.58478927612305,35.14907264993545,-0.046702169641095415,-0.2031450824810097,11.168832455623207,-0.09278748135582772,-2.092442851410199,-0.33152534290366087
2017-12-01,39.95000076293945,39.9900016784668,39.0,39.70000076293945,32.66707229614258,36.276087153744925,-0.05700719808209709,-0.48230244906145037,17.412952319136398,0.02228907145874666,-1.9573549708251599,-0.3407380799823107
2017-12-04,40.04999923706055,40.130001068115234,39.29999923706055,39.38999938964844,32.4119873046875,34.28679066066492,-0.06370329099729621,-0.7575524298164779,9.701476249716508,0.03109248704187964,-2.020808941573457,-0.34654577517660684
2017-12-05,39.20000076293945,39.52000045776367,38.93000030517578,39.20000076293945,32.255645751953125,33.089117113343335,-0.07131000097310303,-1.003621445494184,6.601477938645867,0.05992642688435493,-2.0138714680241643,-0.34282338360845765
2017-12-06,38.959999084472656,39.09000015258789,38.52000045776367,38.68000030517578,31.82776641845703,30.00045090334443,-0.09159236108457247,-1.2895897343448501,3.5555521647135415,0.03356743171381173,-1.8691631198459204,-0.3498703951721919
2017-12-07,38.75,39.029998779296875,38.61000061035156,39.0099983215332,32.09931182861328,34.19831751766918,-0.08016945715664625,-1.4356769374423322,10.888841417100695,0.1403267676112513,-1.8088196953667537,-0.31786496543191084
2017-12-08,39.380001068115234,39.54999923706055,38.95000076293945,39.0,32.09108352661133,34.13152289531976,-0.09281219124556006,-1.5370710689032874,10.666656494140625,0.17647775107029595,-1.8106482069227434,-0.28019002572107915
2017-12-11,39.189998626708984,39.58000183105469,39.18000030517578,39.369998931884766,32.39554214477539,38.88780264103002,-0.04185898580055791,-1.5259312095104423,18.88885498046875,0.2643312559988445,-1.7429907362196184,-0.22034297109531975
2017-12-12,39.220001220703125,39.380001068115234,39.08000183105469,39.29999923706055,32.33792495727539,38.32381835055079,-0.03982446075596957,-1.5142384059478158,17.33330620659722,0.27596508421756405,-1.7557945556640628,-0.17234077172264473
2017-12-13,39.470001220703125,39.4900016784668,39.220001220703125,39.290000915527344,32.3297119140625,38.23868625919056,-0.003044728201867075,-1.4901997888439722,17.111121283637154,0.2958307889834483,-1.7576196763780385,-0.1307333962095808
2017-12-14,39.5,39.650001525878906,39.31999969482422,39.400001525878906,32.42021942138672,39.82505951085288,-0.0050505115543870716,-1.4325652588877877,27.848136411649314,0.33238208323833546,-1.7375068969726566,-0.08871721702004354
2017-12-15,39.400001525878906,39.619998931884766,39.25,39.5,32.502506256103516,41.30126902960163,-0.00503767336562011,-1.3511184412533483,36.29626908584338,0.36738867271076664,-1.7192209337022573,-0.04896978478506908
2017-12-18,39.380001068115234,39.470001220703125,39.20000076293945,39.400001525878906,32.42021942138672,40.238214084089705,0.00025398370738072273,-1.2921162302893021,36.820137776046884,0.3681981674890851,-1.7375068969726566,-0.023119080329619124
2017-12-19,39.209999084472656,39.40999984741211,39.119998931884766,39.34000015258789,32.370849609375,39.57997505062642,0.0035715873837340872,-1.2433691762937231,50.93163875541402,0.3759888118091574,-1.748477966308594,-0.005180331716386821
2017-12-20,39.380001068115234,39.61000061035156,39.16999816894531,39.439998626708984,32.453125,41.30324066582103,0.019648208212949658,-1.170964355254201,57.14272174992655,0.4159827785561458,-1.730194546169705,0.015272073719258261
2017-12-21,39.560001373291016,39.65999984741211,39.20000076293945,39.22999954223633,32.28034210205078,38.8004551842423,0.005639693287010861,-1.1433205752442297,44.099305298873126,0.38792102324611516,-1.768590745713976,0.01991580940525539
2017-12-22,39.599998474121094,39.630001068115234,39.29999923706055,39.630001068115234,32.60948181152344,45.56698639325645,0.016153966396373898,-1.0280073047329148,97.36852672297253,0.5591764305804262,-2.2524173834314167,0.046393680923677405
2017-12-26,39.310001373291016,39.310001373291016,38.810001373291016,38.95000076293945,32.0499382019043,37.89602352349235,-0.010668256185576208,-1.0632648165565204,37.71934521021001,0.2502766953096148,-2.77831867689382,0.028349318125292844
2017-12-27,39.0,39.11000061035156,38.880001068115234,39.08000183105469,32.15690994262695,39.97639761369252,-0.005597607604309607,-1.0527862709287987,44.76205354385633,0.2859557213431903,-3.0443816485880824,0.02581603543787253
2017-12-28,39.5099983215332,39.88999938964844,39.400001525878906,39.7400016784668,32.699989318847656,49.26786122225278,0.011453161283014657,-0.8991251431289041,86.11129752927256,0.895423946199539,-3.9969123804649667,0.060910126632696404
2017-12-29,39.849998474121094,40.220001220703125,39.650001525878906,39.650001525878906,32.62593460083008,48.172800816172696,0.006345274125678868,-0.7866618696296209,59.57448535399583,0.8064490298194977,-3.8490960069113322,0.07822575390690456
2018-01-02,40.5099983215332,41.04999923706055,40.41999816894531,41.02000045776367,33.75324249267578,62.013969882116704,0.03848122439288493,-0.41364172149862605,98.66076750419788,1.3830659490558275,-2.266094966406523,0.15998033347009222
2018-01-03,41.59000015258789,41.810001373291016,41.439998626708984,41.709999084472656,34.32099914550781,66.82008985186098,0.058629452793499626,0.019906397900519384,96.66659037272134,1.293093670014133,-1.6582918370139155,0.24176440938350421
2018-01-04,41.91999816894531,42.0,41.45000076293945,41.4900016784668,34.13997268676758,64.03798886234556,0.054651734469157054,0.3135017271709374,84.01258491890476,1.0706646455727171,-1.6406288353881175,0.2709430977570871
2018-01-05,41.88999938964844,42.56999969482422,41.790000915527344,42.459999084472656,34.938133239746094,69.9740170752073,0.07657223271244584,0.7297504352346228,97.07445054638461,1.157996023356856,-1.3092394493733692,0.32749204669892457
2018-01-08,42.400001525878906,42.47999954223633,42.189998626708984,42.439998626708984,34.92168045043945,69.71855037807921,0.08182498004631955,1.040529964586808,96.5425232407491,1.0362486652999128,-1.4161283666493858,0.34549861433003703
2018-01-09,42.4900016784668,42.5,42.130001068115234,42.18000030517578,34.707733154296875,66.32743446293333,0.06434482322966462,1.2192535492302974,89.6276711770071,0.9176781664686003,-1.4730292686836552,0.3250125307436096
2018-01-10,41.349998474121094,41.45000076293945,40.720001220703125,41.29999923706055,33.9836311340332,56.33931966617017,0.060333749161925354,1.1733833628512138,66.22337700284378,0.7163601810646153,-1.6656096791899044,0.24817626147405142
2018-01-11,41.220001220703125,41.400001525878906,40.95000076293945,41.029998779296875,33.761451721191406,53.66876972024481,0.04989726256121041,1.071531998267743,59.04251055890413,0.6453535749936009,-1.7246999749406746,0.17151455602598928
2018-01-12,41.040000915527344,41.29999923706055,40.7599983215332,41.189998626708984,33.893131256103516,55.02932948026914,0.036487532935313594,1.0106161332707164,63.29782754922838,0.6598408167893106,-1.6896788064050423,0.12117253207604176
2018-01-16,42.0099983215332,42.349998474121094,41.810001373291016,42.22999954223633,34.748878479003906,62.696062824430854,0.06506921270294641,1.1528310411018137,90.95743871371597,0.8327668836741154,-1.4620863582915427,0.13589831825584342
2018-01-17,42.65999984741211,43.27000045776367,42.5,43.130001068115234,35.489444732666016,67.81050488812849,0.05143808747758016,1.423255779081086,96.81094740061799,0.9408209097814698,-1.1265195789805003,0.18297507707750593
2018-01-18,43.86000061035156,44.849998474121094,43.5,44.56999969482422,36.67435836791992,73.96174787062,0.06856907668785439,1.890741022332418,94.86240484249842,1.0704307278488547,-0.7355834487532439,0.2758011319244857
2018-01-19,45.06999969482422,45.540000915527344,44.58000183105469,44.66999816894531,36.75663757324219,74.32859608744602,0.07664519566205774,2.2481622067760054,85.22915387544785,0.9963206633876287,-0.687106083167208,0.32143970409447087
2018-01-22,46.0,46.400001525878906,45.939998626708984,46.380001068115234,38.16370391845703,79.6172633885898,0.09232235324586502,2.815796725318596,99.66554437230404,1.0943093503960089,-0.4671511781081611,0.4189218211460892
2018-01-23,46.47999954223633,46.56999969482422,46.060001373291016,46.279998779296875,38.081417083740234,78.59748514471744,0.09048065821990026,3.1995729584571393,95.04271809966731,0.9954352679141888,-0.4758897483429905,0.44778644598352757
2018-01-24,45.63999938964844,45.66999816894531,45.25,45.33000183105469,37.299713134765625,69.49150226832062,0.07468018637073848,3.283168436896524,78.80344979139795,0.8457106313387099,-0.5766248151026651,0.3864740625580305
2018-01-25,45.709999084472656,45.779998779296875,45.040000915527344,45.099998474121094,37.110450744628906,67.45384295424643,0.09200957950206567,3.26646836278715,74.87176745077736,0.7926626516374246,-0.6121106163192682,0.30878195749466
2018-01-26,45.5,45.7400016784668,45.029998779296875,45.720001220703125,37.62062072753906,70.00687819770383,0.11430696281123875,3.326259194558454,85.47010776359565,0.8335278412774128,-0.630170328138534,0.26882847226914963
2018-01-29,45.470001220703125,45.689998626708984,45.20000076293945,45.400001525878906,37.3573112487793,67.08205429912253,0.10220890971978136,3.274900626688187,80.00002608340691,0.7708740105141441,-0.7133137115250195,0.2046488838335453
2018-01-30,44.56999969482422,45.029998779296875,44.400001525878906,44.880001068115234,36.92942810058594,62.511564423341255,0.06275165464403609,3.1025648532656493,71.1111270509709,0.689246289876229,-0.9495722280183547,0.11768010000937146
2018-01-31,45.43000030517578,45.79999923706055,45.119998931884766,45.310001373291016,37.283260345458984,64.65607449043475,0.050545045894782925,3.0087227911180987,78.31328702734041,0.7223445518241443,-0.9694772259253414,0.07060557077654006
2018-02-01,45.33000183105469,45.93000030517578,45.29999923706055,45.45000076293945,37.3984489440918,65.35096861660381,0.019743783078840726,2.9249699539339304,80.72291450681097,0.7179613198753297,-0.9497868620487732,0.035613107684955514
2018-02-02,45.0099983215332,45.31999969482422,44.45000076293945,44.5099983215332,36.624977111816406,57.21624337674681,-0.003581950638532505,2.657480613741081,56.722644964557766,0.5746003117810715,-1.08200430376214,-0.04676558978420953
2018-02-05,44.04999923706055,44.810001373291016,42.810001373291016,42.95000076293945,35.34134292602539,46.803784751932646,-0.07395406374764024,2.1381892377648346,11.056530630990341,0.35085045645739416,-1.301429008139327,-0.18697741482191788
2018-02-06,42.27000045776367,43.70000076293945,42.099998474121094,43.59000015258789,35.867950439453125,50.76255178881849,-0.05812458710293644,1.821880640175674,33.33336177998675,0.43203798607725163,-1.2114106062957517,-0.24013623270871565
2018-02-07,42.9900016784668,42.9900016784668,41.880001068115234,41.880001068115234,34.46086883544922,41.80949990945808,-0.07610901159104166,1.2435710036193484,0.0,0.19023446481633377,-1.4519374389485256,-0.35880144211112797
2018-02-08,42.11000061035156,42.119998931884766,40.36000061035156,40.36000061035156,33.21015548706055,35.770371200518625,-0.105099646576857,0.4955116144438452,0.0,0.004480289926282756,-1.5333439899159294,-0.5015073244507605
2018-02-09,40.7400016784668,41.68000030517578,39.959999084472656,41.470001220703125,34.12351608276367,42.32239817872923,-0.09295712237452369,0.10407195950430027,22.844205700461455,0.14589180421119774,-1.2649776796947314,-0.5125513766021391
2018-02-12,42.029998779296875,42.790000915527344,41.959999084472656,42.529998779296875,34.995723724365234,47.7986601367571,-0.06321620709496945,-0.008535168729825206,43.04856230031949,0.27266088166840624,-1.133024947309859,-0.4419514739660252
2018-02-13,42.540000915527344,42.65999984741211,41.880001068115234,42.380001068115234,34.8723030090332,47.11693871520318,-0.05570422282060994,-0.12468972946112045,40.536038338658145,0.2484529946051564,-1.151696763336434,-0.38641106469570174
2018-02-14,42.16999816894531,43.09000015258789,41.91999816894531,43.04999923706055,35.423614501953125,50.51227194902015,-0.04987884177174329,-0.08985695781065096,51.75878594249201,0.34756220525352355,-1.068291098886639,-0.29928063193379
2018-02-15,43.52000045776367,43.75,42.75,43.52000045776367,35.81035232543945,52.80154645601568,-0.042464237514941994,0.02566858601756036,59.63150159744409,0.42413824357847485,-1.0097831128388497,-0.20673829172012562
2018-02-16,43.349998474121094,43.959999084472656,43.310001373291016,43.47999954223633,35.777442932128906,52.57865279332368,-0.02314087943590981,0.10831644737939171,58.9614696485623,0.42688990981207464,-1.0147618405652903,-0.141964801772608
2018-02-20,43.08000183105469,44.15999984741211,43.0,43.7400016784668,35.991390228271484,53.939932158245085,0.018393395621856712,0.219771734092364,63.31661341853035,0.48344756175431536,-0.9823946277986944,-0.08191443885762548
2018-02-21,43.65999984741211,43.81999969482422,42.869998931884766,42.88999938964844,35.29196548461914,48.98896017983795,-0.016058485298909853,0.1474143366471309,49.07872204472844,0.37007114315189077,-1.163915015974441,-0.08607494991732265
2018-02-22,42.66999816894531,42.7400016784668,42.18000030517578,42.38999938964844,34.88052749633789,46.29692753760403,0.01217783169926867,-0.0036043415720991845,45.335821426639676,0.30844509272143894,-1.2328325878594248,-0.111688667788085
2018-02-23,43.38999938964844,43.900001525878906,43.11000061035156,43.900001525878906,36.12303924560547,54.439336952058305,0.08771063296225301,0.1576693949456123,81.23712540280431,0.574407141797394,-1.0247067092651758,-0.043600357266511264
2018-02-26,44.11000061035156,44.40999984741211,43.79999923706055,44.40999984741211,36.542686462402344,56.820556138499995,0.07089452252725592,0.3757750690545069,100.0,0.6841737193425063,-0.9544140575079872,0.027235349526252034
2018-02-27,44.04999923706055,44.29999923706055,43.61000061035156,43.619998931884766,35.89263916015625,52.263801641721116,0.025629286676719154,0.3964603873704897,82.24717348125785,0.5593098427564309,-1.063299680511182,0.027752266200753772
2018-02-28,43.66999816894531,43.90999984741211,43.290000915527344,43.349998474121094,35.67047119140625,50.76536350256005,0.02288831288734472,0.3584587330342668,76.17974850433889,0.5225643492605959,-1.1005137380191694,0.0114106363354355
2018-03-01,43.349998474121094,43.560001373291016,42.310001373291016,42.720001220703125,35.15207290649414,47.35375608934183,-0.007665553029434946,0.208607710450281,62.02250928171406,0.414041058641917,-1.1873476038338657,-0.03357168253369176
2018-03-02,42.38999938964844,43.04999923706055,42.150001525878906,43.0099983215332,35.39070510864258,49.05112530654519,-0.011718600615352237,0.14218033828826718,44.66394460996586,0.5056838128795885,-1.2344801222980413,-0.04575894914488125
2018-03-05,43.04999923706055,43.7599983215332,42.869998931884766,43.4900016784668,35.785667419433594,51.81990180788056,0.00022987912580263448,0.17704093097803147,63.63641846495302,0.6484929787275923,-1.242686535068849,-0.026671119473154314
2018-03-06,44.34000015258789,44.400001525878906,43.43000030517578,43.540000915527344,35.826812744140625,52.11186676872872,-0.004572690387535605,0.21150556211018753,65.06030741230416,0.6524012618587747,-1.3108057599347134,-0.011500265517728495
2018-03-07,43.310001373291016,44.279998779296875,43.18000030517578,44.20000076293945,36.369895935058594,55.909706179425214,0.030543225225277748,0.3573733056093532,90.70799821080438,0.8094625155963944,-1.18876461435989,0.03247893614473871
2018-03-08,44.29999923706055,44.38999938964844,43.59000015258789,43.79999923706055,36.04075241088867,53.15812710765278,0.03326282593268104,0.3938335660579702,73.00880250487387,0.6860351560919483,-1.262729438570955,0.03647169227466296
2018-03-09,44.04999923706055,44.599998474121094,43.52000045776367,44.59000015258789,36.69080352783203,57.59668117321699,0.01571751142992861,0.5623596536366351,99.59190473521296,0.9214563901385776,-1.0865681005764802,0.07759920019138622
2018-03-12,44.790000915527344,45.349998474121094,44.75,45.220001220703125,37.20919418334961,60.78766298338892,0.018239154957395254,0.8019129631389377,95.93758195646473,1.0768892313607594,-1.7280548635227813,0.13126695184411677
2018-03-13,45.5,45.75,44.90999984741211,44.9900016784668,37.01995086669922,59.04093305568526,0.03140788008128359,0.9374115398579723,78.88892656492723,0.9386064190974178,-1.637827272037276,0.14452260222469013
2018-03-14,45.43000030517578,45.45000076293945,44.83000183105469,45.150001525878906,37.15159606933594,59.90407013517323,0.04152243658296606,1.0609693495789663,83.33336865461928,0.9371146130479779,-1.6270130078126563,0.15190280674593182
2018-03-15,45.099998474121094,45.650001525878906,44.88999938964844,45.310001373291016,37.283260345458984,60.79394805689981,0.06062764618843053,1.1736391658182683,87.77781074431134,0.923530550336788,-1.7338731231151685,0.15486851311461136
2018-03-16,45.0,45.52000045776367,44.93000030517578,44.970001220703125,37.00348663330078,57.85562614869449,0.04557076553595851,1.1867340235601216,78.3333580582335,0.7922039909126838,-1.8115880760990046,0.12830184244985832
2018-03-19,44.720001220703125,44.869998931884766,44.189998626708984,44.599998474121094,36.69902420043945,54.754155999323835,0.025522977406028602,1.116832586057636,68.05549963018613,0.6705774949066367,-1.8961610099627224,0.08274951644368717
2018-03-20,44.70000076293945,44.90999984741211,44.52000045776367,44.83000183105469,36.88828659057617,56.321641758097606,0.029627917337110787,1.090515288038048,74.44448447523519,0.7159197313326601,-1.8435881015303306,0.0590050395697258
2018-03-21,44.56999969482422,44.849998474121094,44.25,44.70000076293945,36.78132247924805,55.158596624626455,0.011312282689070363,1.0340568621573807,70.83334216365482,0.6606633364237944,-1.8733003672707318,0.03113505705217079
2018-03-22,44.099998474121094,44.369998931884766,43.689998626708984,43.689998626708984,35.95024108886719,47.03206126844733,-0.0025113605007351936,0.7969160052450494,28.47220106626047,0.3347411311498882,-2.1041564068927374,-0.04414215811407102
2018-03-23,43.630001068115234,43.70000076293945,42.58000183105469,42.58000183105469,35.0368766784668,40.04868157953386,-0.045077422414874,0.40164845168902485,0.0,0.0455982153482632,-2.35786885065242,-0.15033765346721062
2018-03-26,43.810001373291016,44.279998779296875,43.18000030517578,44.27000045776367,36.42749786376953,51.78655118515341,-0.02100814964517217,0.39214031362189317,53.312290311866725,0.5404666713315351,-1.9715850243398987,-0.12296755639897522
2018-03-27,44.720001220703125,44.84000015258789,43.130001068115234,43.290000915527344,35.6211051940918,46.144547710985826,-0.03778626496951232,0.20295274872479918,22.397460396921286,0.26269822692802147,-2.195583083082023,-0.1532439429768767
2018-03-28,42.97999954223633,43.16999816894531,42.439998626708984,42.689998626708984,35.12738800048828,43.051935910112434,-0.05448509035977567,-0.05698090369490195,7.552866957013796,0.11809605221630252,-2.332726806100976,-0.19776139813219368
2018-03-29,43.0,43.91999816894531,42.959999084472656,43.7599983215332,36.00782775878906,49.54586918076354,-0.034209255704893526,-0.06570614787248101,39.87912831322455,0.3909583389077291,-2.0881601029120995,-0.16072497599694197
2018-04-02,43.34000015258789,43.59000015258789,42.41999816894531,42.5,34.97105026245117,43.28623102534913,-0.054925536909285366,-0.3016961796896605,2.4024560680000917,0.05282376079528176,-2.6189200632345866,-0.1964996754755759
2018-04-03,44.27000045776367,44.279998779296875,43.029998779296875,43.47999954223633,35.777442932128906,48.713603815143784,-0.025111873909157256,-0.3044779865568227,32.81734587103738,0.32548190481484046,-2.376760235525924,-0.15796093001266395
2018-04-04,42.369998931884766,43.939998626708984,42.349998474121094,43.939998626708984,36.15594482421875,51.080032754570404,-0.019852962391170292,-0.2190887896088874,48.181778248385115,0.4472318123109556,-2.2037796676726984,-0.101811186553562
2018-04-05,44.029998779296875,44.22999954223633,43.13999938964844,43.31999969482422,35.64578628540039,47.87368978852992,-0.030872630925337763,-0.2630264344530187,30.59938844544565,0.28977322101768155,-2.3538262293978383,-0.09404685740666457
2018-04-06,42.880001068115234,43.16999816894531,42.2599983215332,42.41999816894531,34.905216217041016,43.5956246684485,-0.0290686471126278,-0.45957859962956155,6.037726614479719,0.09343299086789307,-2.4893864089725133,-0.13150656125345478
2018-04-09,43.09000015258789,44.040000915527344,42.90999984741211,43.06999969482422,35.44007110595703,47.261145408455285,0.011507716032748805,-0.48945817415260406,30.566071958104573,0.28115078708314056,-2.336132932844965,-0.1136537420684949
2018-04-10,43.869998931884766,44.220001220703125,43.029998779296875,43.58000183105469,35.8597297668457,50.00639745784762,-0.01558625022907556,-0.41359082962215105,50.96538346542396,0.4269558474208546,-2.2158869560370014,-0.06916049359629285
2018-04-11,43.25,43.790000915527344,43.25,43.380001068115234,35.69516372680664,48.930768999507734,0.0020790633056249064,-0.3861798185186983,43.41092836062762,0.39161393040867387,-2.318527548502311,-0.04742817456739204
2018-04-12,43.33000183105469,43.849998474121094,43.04999923706055,43.849998474121094,36.08189392089844,51.567271556388256,0.027172698419731356,-0.27399561550935747,61.62786915301952,0.5404441666905353,-2.204447953062389,-0.005810673098243346
2018-04-13,43.689998626708984,43.7400016784668,42.560001373291016,42.650001525878906,35.094478607177734,45.15707763839584,-0.025365294394588678,-0.4034046341677088,15.116392540941431,0.20964460150247502,-2.5800107419932377,-0.04159269506697934
2018-04-16,42.810001373291016,43.0099983215332,42.68000030517578,42.869998931884766,35.27549362182617,46.47075157915342,0.008705582391441258,-0.4600315466831698,23.643417729754027,0.2969298949340393,-3.0176606332105917,-0.049350194074439246
2018-04-17,42.09000015258789,42.36000061035156,41.77000045776367,42.310001373291016,34.81471252441406,43.60729326394504,-0.026908865721375852,-0.6027661433593358,21.51399508496446,0.14400856770349021,-2.5970602819474893,-0.07998125354251084
2018-04-18,42.099998474121094,42.2599983215332,41.209999084472656,41.91999816894531,34.49380111694336,41.68099119598327,-0.045971519078157774,-0.7806777015269888,23.127008307839887,0.049607440010032866,-2.227109641124958,-0.11423483651372324
2018-04-19,39.93000030517578,40.08000183105469,39.11000061035156,39.529998779296875,32.527183532714844,32.27254473441084,-0.08748867896239532,-1.3592881268870494,8.123758562780937,-0.3384250454248987,-1.5308337877017617,-0.25372807684728355
2018-04-20,39.369998931884766,39.540000915527344,38.81999969482422,38.95000076293945,32.0499382019043,30.474803236779067,-0.08180089753298103,-1.9141311228250868,2.3809723427415244,-0.2021974195376793,-1.5065948468639958,-0.35624447404562337
2018-04-23,38.959999084472656,39.08000183105469,38.529998779296875,38.75,31.88536834716797,29.85716262194346,-0.10030179533673567,-2.3731629803048153,3.859670022038239,-0.08679676492518626,-1.4350315350253824,-0.40944425175252297
2018-04-24,39.040000915527344,39.209999084472656,38.29999923706055,38.75,31.88536834716797,29.85716262194346,-0.11083076881834875,-2.7127354958699637,7.588545358871005,0.00289541975817554,-1.3628302739932174,-0.4175088375921273
2018-04-25,38.36000061035156,38.4900016784668,38.02000045776367,38.16999816894531,31.408113479614258,27.951814282077436,-0.12010171125711522,-3.0671086495514395,2.4193176245759997,0.012690996557153304,-1.4382122605377992,-0.4263665042661361
2018-04-26,38.08000183105469,38.560001373291016,38.08000183105469,38.16999816894531,31.408113479614258,27.951814282077436,-0.12953256975729732,-3.3164319825394166,2.4193176245759997,0.07779676281996255,-1.4382122605377992,-0.40382785891778905
2018-04-27,38.7400016784668,38.7400016784668,37.9900016784668,38.16999816894531,31.408113479614258,27.951814282077436,-0.10504117097239107,-3.479329597539787,2.8891894655565875,0.12633036181580876,-1.4284056013609199,-0.36187172109751686
2018-04-30,38.689998626708984,38.84000015258789,38.380001068115234,38.45000076293945,31.638519287109375,30.62142734177307,-0.10310201109323314,-3.515477432678992,7.849818020613698,0.19255442822848587,-1.3917750904399036,-0.2944157460330886
2018-05-01,38.34000015258789,38.939998626708984,38.2599983215332,38.93000030517578,32.03348159790039,35.06326454999436,-0.07988665494690828,-3.40985919863922,16.04094096785302,0.26890349710076017,-1.336570852523998,-0.20334047603082017
2018-05-02,38.599998474121094,38.599998474121094,37.650001525878906,37.75,31.06252098083496,29.98143258312949,-0.09947526874395274,-3.5277053372832268,1.642011028170505,0.17559173762821245,-1.3831371627571802,-0.1889419618259205
2018-05-03,37.54999923706055,38.189998626708984,37.29999923706055,38.099998474121094,31.35051918029785,33.07956208719828,-0.03617479980194227,-3.5123797590984855,14.010496765857718,0.24045677331986554,-1.2417512068386696,-0.14258329912272139
2018-05-04,38.0,38.65999984741211,37.939998626708984,38.59000015258789,31.753704071044922,37.26458898735865,-0.009242892419735527,-3.3625183090652273,25.494082320541533,0.3137117573631896,-1.1834875110044611,-0.0709469104937297
2018-05-07,38.45000076293945,38.650001525878906,38.2400016784668,38.45000076293945,31.638519287109375,36.56113658899394,-0.007741765984036975,-3.2361408787727157,23.185518914287737,0.318718377298578,-1.2001327062237428,-0.02014167010290624
2018-05-08,38.97999954223633,39.380001068115234,38.939998626708984,39.18000030517578,32.239200592041016,42.64201034769813,0.011097009795230317,-2.9518716964794334,67.62587460086365,0.41977266566914284,-1.1546411045034977,0.06067452382387373
2018-05-09,39.369998931884766,39.459999084472656,39.15999984741211,39.349998474121094,32.379066467285156,43.98830961259427,0.030914081748370625,-2.6607695131245577,91.517754507385,0.4613011630050986,-1.133287533276685,0.1265180299033517
2018-05-10,39.56999969482422,39.869998931884766,39.439998626708984,39.77000045776367,32.72467041015625,47.281111037009865,0.04191773349891004,-2.3167585823636747,96.10900832702498,0.5506400976053798,-1.092454517452826,0.1923666825715884
2018-05-11,40.040000915527344,40.18000030517578,39.63999938964844,39.90999984741211,32.83987045288086,48.37064849681498,0.0455855769304927,-1.992300895215841,90.62498758237028,0.6047378589913376,-1.1631084937488387,0.2396243846161611
2018-05-14,40.130001068115234,40.54999923706055,39.880001068115234,39.95000076293945,32.87278366088867,48.696877055687864,0.03901144559196168,-1.7072313800737255,81.53850848858173,0.6659231225615939,-1.2569435522963939,0.2669548061474053
2018-05-15,39.36000061035156,39.400001525878906,38.959999084472656,39.29999923706055,32.33792495727539,43.84812606380955,0.009503911038972301,-1.595808627629379,61.53846153846154,0.5780833369254742,-1.3824183862289405,0.2435201674668651
2018-05-16,39.400001525878906,39.83000183105469,39.279998779296875,39.790000915527344,32.74114227294922,48.047817277183164,0.054040085579336594,-1.3912506970529614,76.61543626051682,0.8301525300984187,-1.784725219726563,0.24880624332531887
2018-05-17,39.06999969482422,39.2400016784668,38.66999816894531,38.959999084472656,32.058170318603516,42.27970818286057,0.022572230279056527,-1.382889283076599,51.076918381911064,0.5334675400248977,-1.9948704364483179,0.2019316603794492
2018-05-18,38.470001220703125,38.54999923706055,38.279998779296875,38.41999816894531,31.613826751708984,38.999373588192924,-0.004405070949297096,-1.4705234476208142,34.46150559645433,0.3399705250747869,-2.1315915339543277,0.13958949321666292
2018-05-21,39.34000015258789,39.70000076293945,39.119998931884766,39.470001220703125,32.477821350097656,47.52481636560793,0.026527855345311435,-1.3097266435575263,66.76929180438702,0.7167980094215741,-1.8657470421424285,0.15399755584259212
2018-05-22,39.470001220703125,39.790000915527344,39.45000076293945,39.63999938964844,32.61770248413086,48.773100696259704,0.011740424239405245,-1.134300594383569,72.00000469501202,0.7555676063313407,-1.8227066932091351,0.16919365993565394
2018-05-23,39.13999938964844,39.650001525878906,39.09000015258789,39.650001525878906,32.62593460083008,48.85021597158268,0.007624312881112649,-0.9818784237012287,65.51733713731153,0.7346553674849805,-1.8201737342247601,0.1752999289609899
2018-05-24,39.369998931884766,39.45000076293945,38.779998779296875,39.27000045776367,32.313255310058594,46.01667275389122,-0.012572016614412429,-0.9281785773322918,44.588738869659416,0.580671242099615,-1.9163827467698324,0.1545094044379547
2018-05-25,39.099998474121094,39.4900016784668,38.93000030517578,39.29999923706055,32.33792495727539,46.28142299043981,-0.015284636896654824,-0.8694900898222375,44.93393180935929,0.5742710800874107,-1.908792086087741,0.13912702737352056
2018-05-29,38.4900016784668,38.560001373291016,38.029998779296875,38.15999984741211,31.399890899658203,38.54136594151294,-0.044805842316995026,-1.045164972187115,5.158771607152858,0.1414944949020545,-2.1974179499699527,0.06618614195780459
2018-05-30,38.29999923706055,38.400001525878906,38.06999969482422,38.34000015258789,31.547998428344727,40.24072819319325,-0.02442724850077138,-1.135279865907511,12.301639562642011,0.23028493229350228,-2.1518464026817914,0.030156547351211926
2018-05-31,38.33000183105469,38.86000061035156,38.290000915527344,38.70000076293945,31.844226837158203,43.59979031476354,-0.027394140018506596,-1.1199522100856143,26.587375473620313,0.3289944849284758,-2.0606991999699527,0.028534961279456705
2018-06-01,38.9900016784668,39.20000076293945,38.79999923706055,39.20000076293945,32.255645751953125,47.97377525552592,0.0061599096700479805,-0.9931172673280798,46.428641710679486,0.513445350357142,-2.5599124695262754,0.055850806621806914
2018-06-04,39.849998474121094,40.0,39.66999816894531,39.970001220703125,32.88924789428711,53.902859449793816,0.040343775924222,-0.7254137874210818,98.47722026861648,0.8220418927316641,-2.4219801393575278,0.11392405084842627
2018-06-05,39.70000076293945,39.86000061035156,39.400001525878906,39.540000915527344,32.53541946411133,50.445470394636295,0.0017734599064631595,-0.5950847896836925,76.64980713522223,0.6142565800978715,-2.5623882210646953,0.12495597312596479
2018-06-06,39.849998474121094,39.93000030517578,39.560001373291016,39.560001373291016,32.551876068115234,50.6041638317694,-0.002018119334053381,-0.4821529186347687,77.66505816925627,0.6141952453857384,-2.5558578238367082,0.12927092044173577
2018-06-07,39.560001373291016,39.939998626708984,39.459999084472656,39.52000045776367,32.51895523071289,50.25743396108771,-0.0032789672212015786,-0.39631584675518683,75.63455610118817,0.5914846366603697,-2.568921645829645,0.12570381378014484
2018-06-08,39.15999984741211,39.15999984741211,38.52000045776367,38.93000030517578,32.03348159790039,45.32539950288178,-0.008658171684457705,-0.44428835976116926,45.68532833485663,0.33833861019092376,-2.761569877823747,0.08821601543577035
2018-06-11,39.0,39.150001525878906,38.7599983215332,38.7599983215332,31.893590927124023,43.98588651294405,-0.013740338340769154,-0.5115358874966601,37.05579136523477,0.2823565388348537,-2.817082038682841,0.05328579218138524
2018-06-12,39.130001068115234,39.36000061035156,38.97999954223633,39.20000076293945,32.255645751953125,48.24870445800181,0.02725343393802171,-0.46897653237118503,59.39092683531362,0.5079715650161815,-3.313141852431336,0.05370124726174558
2018-06-13,39.72999954223633,39.88999938964844,39.04999923706055,39.04999923706055,32.13222885131836,46.93740061801767,0.018518779386292872,-0.46082152921469893,51.77664089972581,0.4394600515187636,-3.375789986522703,0.04514484254712847
2018-06-14,39.029998779296875,39.06999969482422,38.599998474121094,38.599998474121094,31.761940002441406,43.14833280806698,-0.0025840424745617874,-0.5409664064997577,28.933976732297488,0.24142065105750407,-3.563753752730315,0.01555590557380021
2018-06-15,38.81999969482422,38.939998626708984,38.54999923706055,38.689998626708984,31.835994720458984,44.119887815399885,-0.013010157499907749,-0.5794656372317037,33.50250956578316,0.29696469675186,-3.526162548603474,0.002656799134293203
2018-06-18,38.310001373291016,38.36000061035156,37.84000015258789,38.25,31.473941802978516,40.47784094005942,-0.04303248574907159,-0.6932905173210373,18.981475758126983,0.0932773877734329,-3.3292494441314595,-0.026942678241209495
2018-06-19,37.70000076293945,37.970001220703125,37.349998474121094,37.560001373291016,30.906179428100586,35.52529947774167,-0.05007588845774369,-0.9170337198319781,7.924633141494958,-0.08751870240675623,-2.813628428547163,-0.07852446024726059
2018-06-20,38.34000015258789,38.59000015258789,38.0099983215332,38.349998474121094,31.556228637695312,43.976955209842245,-0.030586483812377385,-0.9200591027207136,37.73582732818757,0.2610226763632418,-2.5683269812662486,-0.06328345926021228
2018-06-21,37.869998931884766,38.0099983215332,37.54999923706055,37.619998931884766,30.955547332763672,38.9022610554845,-0.0480768181774992,-1.0630982842297043,10.188690652701524,0.033998868707493426,-2.7949990412879564,-0.08663265461978253
2018-06-22,38.27000045776367,38.310001373291016,37.970001220703125,38.119998931884766,31.366975784301758,43.69482501243528,-0.020806536796871833,-1.060178140970977,29.729745652497304,0.2526768334696656,-2.6397431112365086,-0.06815750050078173
2018-06-25,36.29999923706055,36.560001373291016,36.04999923706055,36.5099983215332,31.14093780517578,41.75687510390891,-0.02359888303791302,-1.103087941598643,11.825171122050719,0.18484701818162158,-1.6248001224565871,-0.06496242614525177
2018-06-26,36.33000183105469,36.70000076293945,36.11000061035156,36.459999084472656,31.098297119140625,41.38399228067006,-0.03588049799754578,-1.1353308865333966,10.539843489516935,0.18188086701734485,-1.6355952307601676,-0.05966005153318704
2018-06-27,36.25,36.31999969482422,35.5099983215332,35.5099983215332,30.288000106811523,34.989739084583704,-0.057394983492754736,-1.3539544306894584,0.0,-0.05337916006943622,-1.5450281208502432,-0.10216887721793272
2018-06-28,35.5,35.939998626708984,35.349998474121094,35.939998626708984,30.654767990112305,39.54312913874772,-0.03485845046757208,-1.4179011079394188,12.995595453957284,0.1307565617167725,-1.3917266544705769,-0.09706605876825303
2018-06-29,36.54999923706055,36.77000045776367,36.439998626708984,36.560001373291016,31.1835880279541,45.47325370730711,-0.02049273780302585,-1.3172996608100098,26.652040862625554,0.3347178099087155,-1.2780019524680666,-0.051825659239273625
2018-07-02,36.209999084472656,36.56999969482422,36.040000915527344,36.540000915527344,31.166536331176758,45.318891205593225,-0.009766983548678554,-1.2278492483662151,26.2115022342022,0.3470328683220363,-1.2934296304730315,-0.018517515670313678
2018-07-03,36.38999938964844,36.61000061035156,36.349998474121094,36.38999938964844,31.038593292236328,44.10899887572326,0.004284381524535696,-1.1765087973243846,27.957004684282634,0.3177073396379702,-1.3213039299691425,-0.0014689681263909682
2018-07-05,36.400001525878906,36.599998474121094,36.2400016784668,36.59000015258789,31.209184646606445,46.17246332954278,-0.010997638376669228,-1.0793419145539165,34.5404352580021,0.40593502654554176,-1.2841380587928777,0.023549782221921334
2018-07-06,36.81999969482422,37.349998474121094,36.7599983215332,37.27000045776367,31.789186477661133,52.58237352747784,0.02693020207124963,-0.8428340198184183,59.25928978379861,0.6945618133476356,-1.1663196648444623,0.07832652249192429
2018-07-09,37.869998931884766,38.029998779296875,37.56999969482422,37.83000183105469,32.26682662963867,57.111782942039035,0.028687842000606922,-0.5267406356222705,76.5432738327209,0.9060978168590325,-1.0611126041269294,0.14217250188581
2018-07-10,37.470001220703125,37.95000076293945,37.470001220703125,37.93000030517578,32.352134704589844,57.88554415944638,0.0388940406031304,-0.2522261260676497,79.6296448918993,0.9112187002938114,-1.0423222830370356,0.18299423643498208
2018-07-11,37.33000183105469,37.349998474121094,36.900001525878906,36.970001220703125,31.53328514099121,48.78700290424988,0.013987519000931314,-0.2415003999766514,54.729768914629474,0.5694807130152417,-1.2226855866650304,0.14912656849354808
2018-07-12,37.33000183105469,37.59000015258789,37.20000076293945,37.310001373291016,31.823307037353516,51.683722546668115,0.05069027090358191,-0.15709432537777812,66.21624930568711,0.7208718902468745,-1.3300350213705021,0.14064612559632364
2018-07-13,37.540000915527344,37.79999923706055,37.47999954223633,37.77000045776367,32.21564865112305,55.36203743484554,0.050918038639672814,0.00961783804994102,90.29857119676149,0.8805877115964672,-1.2550779080158576,0.15473170671186323
2018-07-16,37.880001068115234,37.88999938964844,37.650001525878906,37.790000915527344,32.23271942138672,55.52070449150201,0.03364370362038316,0.14407525920215059,91.04485684923122,0.8632645764512825,-1.3441226660010568,0.15792127167464332
2018-07-17,37.5,38.119998931884766,37.349998474121094,38.040000915527344,32.44594955444336,57.550423447820435,0.04105086332570007,0.30089014993954344,97.11198544631262,0.9035994762214556,-1.2783109306325913,0.1662727202850033
2018-07-18,38.040000915527344,38.470001220703125,37.880001068115234,38.40999984741211,32.76152420043945,60.42847769016009,0.05550931036021156,0.49857621680263486,98.07688075413564,0.9573049908520794,-1.1809113989924018,0.18357415938440264
2018-07-19,39.439998626708984,40.38999938964844,38.619998931884766,39.810001373291016,33.95566940307617,68.99488433108517,0.08800245144399721,0.9427320436092697,86.66670759063636,1.1702928037871452,-0.6586525432067367,0.26122822688665787
2018-07-20,39.9900016784668,40.849998474121094,39.84000015258789,40.72999954223633,34.740360260009766,73.11370616647915,0.09283577560006062,1.468140772754201,97.50521844506198,1.169504833987567,-0.49284331165660494,0.34591358635850605
2018-07-23,40.81999969482422,40.97999954223633,40.630001068115234,40.7400016784668,34.7488899230957,73.1554520554599,0.07692306782896141,1.8589673014796464,94.9367516470003,1.0455988125153075,-0.488768816515806,0.3802454757669749
2018-07-24,41.099998474121094,41.209999084472656,40.380001068115234,40.38999938964844,34.45035934448242,69.11089541394732,0.06485583282375806,2.067474357702289,83.50100356524709,0.921321025139386,-0.535522019784346,0.3607545276434381
2018-07-25,40.529998779296875,40.900001525878906,40.310001373291016,40.88999938964844,34.87683868408203,71.53231593443823,0.10603251542429426,2.3063774297505746,92.80899685480406,0.9334114789472964,-0.46274398306430825,0.353996422067719
2018-07-26,40.70000076293945,40.939998626708984,40.439998626708984,40.81999969482422,34.81712341308594,70.69664404839928,0.09407621816985712,2.4496351725615044,90.95128513771861,0.8812905800804872,-0.47293430128553987,0.32373865292537607
2018-07-27,40.939998626708984,41.91999816894531,40.939998626708984,41.45000076293945,35.35447692871094,73.6767541900502,0.0974317888669447,2.6580253309615616,90.63749561157542,0.9201775028903438,-0.4985857665014929,0.31770358140563926
2018-07-30,41.45000076293945,41.52000045776367,40.88999938964844,41.09000015258789,35.04742431640625,69.33744896355952,0.08732446239556024,2.7154927971190306,83.46616391658725,0.8311815912749371,-0.5508056229182968,0.27255505878102415
2018-07-31,41.2599983215332,41.58000183105469,41.09000015258789,41.209999084472656,35.149776458740234,69.97231256042352,0.08333326475034841,2.7514703914077403,84.95763824850341,0.8147031475610707,-0.5739411784063821,0.23076378980342227
2018-08-01,41.439998626708984,41.72999954223633,41.31999969482422,41.709999084472656,35.57624435424805,72.52492626707684,0.08591542129077245,2.845419067209998,95.40483373094112,0.8492895720651091,-0.4988587560452577,0.21342590256593041
2018-08-02,41.099998474121094,41.650001525878906,41.0,41.54999923706055,35.43977737426758,70.46079796551281,0.043707221718237044,2.8525980730090805,91.90374274414481,0.7990080463808525,-0.6378567802919136,0.1759121725221917
2018-08-03,41.63999938964844,41.95000076293945,41.560001373291016,41.689998626708984,35.5591926574707,71.23235964347468,0.023570060624947153,2.8515275786234526,94.34778245953314,0.7899147526238367,-0.6475067467274809,0.14364801562011498
2018-08-06,41.20000076293945,41.41999816894531,41.0,41.06999969482422,35.030364990234375,63.3419062680928,0.00810026069211478,2.69543011488931,78.3783505135314,0.6791750315504804,-0.7522251124958177,0.07466877631297797
2018-08-07,41.06999969482422,41.25,40.84000015258789,41.2400016784668,35.17536544799805,64.50297122559891,0.021044950395611606,2.5753222162757057,78.67871789584622,0.6840736420039787,-0.7235121462245451,0.029125191857942268
2018-08-08,41.560001373291016,42.11000061035156,41.45000076293945,41.970001220703125,35.79801559448242,69.03795449873986,0.02641228233856019,2.593682421206601,93.83262725037685,0.776717409720959,-0.6675367030603822,0.031074196848191127
2018-08-09,41.939998626708984,41.95000076293945,41.68000030517578,41.84000015258789,35.6871223449707,67.38673874200133,0.024987674069529175,2.55184288132953,84.99996821084265,0.7393644895949933,-0.7313435678302564,0.01580461653458909
2018-08-10,41.29999923706055,41.29999923706055,40.790000915527344,41.029998779296875,34.996238708496094,58.06836755440066,-0.010132754076299877,2.332066361601073,39.99987284337058,0.572310517781444,-0.876487123799694,-0.0465064362869092
2018-08-13,40.689998626708984,40.9900016784668,40.470001220703125,40.709999084472656,34.72331237792969,54.842068594725106,-0.009247810496728626,2.07116949890494,22.222104484602394,0.4734019888920005,-0.9338245624720517,-0.10825666796439293
2018-08-14,41.0,41.189998626708984,40.869998931884766,40.90999984741211,34.893890380859375,56.4699271185439,-0.007279877816043112,1.882186832420599,28.143752241417513,0.48332215511457083,-1.0879364090798829,-0.13786818933066558
2018-08-15,40.45000076293945,40.54999923706055,40.119998931884766,40.45000076293945,34.50153732299805,51.84085963177406,-0.03020855772601172,1.6231239195496876,16.582992598726772,0.21502619743553691,-1.562074392026084,-0.1813942205221435
2018-08-16,40.45000076293945,40.72999954223633,40.369998931884766,40.40999984741211,34.4674186706543,51.44592359486616,-0.027436930354966083,1.3938956065518153,14.572898036486878,0.14278323071970928,-2.7487755059514316,-0.208084773444716
2018-08-17,40.189998626708984,40.220001220703125,39.790000915527344,40.130001068115234,34.22859573364258,48.65194164409542,-0.03741921074095522,1.1436385384148902,14.655180918618685,0.05087810373430561,-2.7791577213100203,-0.23541349378856924
2018-08-20,40.02000045776367,40.2400016784668,39.900001525878906,40.099998474121094,34.203006744384766,48.34895637607711,-0.023618316454317778,0.92856974613111,13.361965490139335,0.0832514089478998,-2.7901874595099434,-0.24756494106586524
2018-08-21,40.369998931884766,41.040000915527344,40.36000061035156,40.88999938964844,34.87683868408203,56.101650828494314,-0.00848681343076152,0.9045895600771702,47.41373356966921,0.4222664884141294,-2.499742619710807,-0.20436690838306315
2018-08-22,40.849998474121094,41.04999923706055,40.540000915527344,40.900001525878906,34.8853645324707,56.19125023282569,-0.025494459591005603,0.8773596653158702,47.84486018803829,0.4266388557875997,-2.496067684577112,-0.17073389316109194
2018-08-23,41.29999923706055,41.349998474121094,40.68000030517578,40.68000030517578,34.697715759277344,53.59826255521667,-0.027724470920609146,0.8028441062237072,38.36204770345329,0.32935998879512235,-2.576950787110268,-0.15698941278349138
2018-08-24,40.93000030517578,41.40999984741211,40.83000183105469,41.2400016784668,35.17536544799805,58.80882272588946,0.00511845690029733,0.8449828071247905,62.50004110665698,0.5924430520798527,-2.371067273510542,-0.11361558490620155
2018-08-27,41.43000030517578,41.709999084472656,41.369998931884766,41.529998779296875,35.4227294921875,61.23646822818878,0.020142580484411532,0.9247089820962175,74.99991778668604,0.7126020334526713,-2.264444826645007,-0.0683817227057848
2018-08-28,42.38999938964844,42.7599983215332,42.25,42.349998474121094,36.122127532958984,67.13434712188467,0.03519920360537787,1.1355340261690425,86.19527927590048,0.9960948742361181,-1.6169752815107763,0.004650348577827923
2018-08-29,43.189998626708984,44.380001068115234,43.09000015258789,44.130001068115234,37.64036178588867,75.75724937281456,0.0909763652994775,1.6290282607627993,94.55337708738315,1.2940565067697885,-0.8503309494939092,0.1435229519416809
2018-08-30,44.349998474121094,44.4900016784668,43.40999984741211,43.459999084472656,37.06889724731445,68.47480482899569,0.07547645506958323,1.8635420861394556,78.08505474901325,1.0127748125250884,-0.9609581332984877,0.18269638113037334
2018-08-31,43.119998931884766,43.61000061035156,42.959999084472656,43.599998474121094,37.18831253051758,69.14233569038433,0.08646912715633137,2.0498509496980724,81.06376468353845,0.9708033595271298,-0.9355506303583305,0.20100069774727258
2018-09-04,43.2599983215332,44.119998931884766,43.189998626708984,44.11000061035156,37.623313903808594,71.5089999729316,0.10000018960278556,2.266052538607535,91.91487220360416,0.9884418208779231,-0.8429971617033682,0.2249469621368836
2018-09-05,44.09000015258789,44.56999969482422,44.02000045776367,44.220001220703125,37.71714401245117,72.0077102362566,0.08143815309916458,2.4270659124054883,92.67785432002604,0.9388041729810832,-0.8156521825181471,0.22888873463873582
2018-09-06,43.939998626708984,44.06999969482422,43.58000183105469,44.04999923706055,37.572139739990234,69.96939206481517,0.07701726049096402,2.491233838069204,89.12132655732262,0.8667305279674317,-0.8459878121189286,0.2043219089816991
2018-09-07,44.0,45.2400016784668,43.97999954223633,44.880001068115234,38.28007888793945,73.8598510922882,0.10324492694318854,2.664951123420398,93.25841572912506,0.9367147577027262,-0.6590498745349744,0.21714144539627822
2018-09-10,45.0,45.060001373291016,44.52000045776367,44.619998931884766,38.05830764770508,70.7669831078152,0.08195912574011688,2.7196782919112508,87.29502846560871,0.8526147349676411,-0.6997418395237578,0.1928951537028627
2018-09-11,43.63999938964844,44.56999969482422,43.58000183105469,44.54999923706055,37.99860382080078,69.9181457495707,0.07271812097883057,2.7168068079084224,85.31909937447092,0.8075005249940334,-0.710696668614845,0.156590866337182
2018-09-12,43.91999816894531,44.29999923706055,43.81999969482422,43.939998626708984,37.47830581665039,62.843732156992516,0.03754425268705419,2.57073669461353,71.49116973139019,0.7006660999196529,-0.8061641789477736,0.08488104500069016
2018-09-13,43.9900016784668,43.9900016784668,43.27000045776367,43.43000030517578,37.04331970214844,57.59678485292997,-0.015861751997401474,2.3334143912061043,58.95688353927797,0.6117015093471198,-0.8859781337383678,-1.0187358198576746e-05
2018-09-14,44.02000045776367,44.560001373291016,43.95000076293945,44.40999984741211,37.879188537597656,63.84382916090615,0.021859061111992206,2.3001720878104193,78.5529394833701,0.7308284836994173,-0.7326077266857284,-0.007610116927150079
2018-09-17,43.630001068115234,44.13999938964844,43.470001220703125,43.7599983215332,37.32477569580078,57.7649940523647,0.0036695175445569106,2.12861737638021,50.501587755211396,0.6150726132121732,-0.8642520143244021,-0.05507413811693862
2018-09-18,43.5,44.09000015258789,43.349998474121094,43.560001373291016,37.15419387817383,55.99830365951377,-0.012468865098756665,1.9333967176437434,26.315859920460305,0.5615699426489242,-1.0389274652671108,-0.1004153328531423
2018-09-19,44.20000076293945,44.38999938964844,43.7400016784668,44.02000045776367,37.54655456542969,59.09706161419472,-0.004522862255031068,1.8424587164403292,46.49123540838128,0.6249743390584065,-1.0189033753572228,-0.10589457836260019
2018-09-20,44.25,44.43000030517578,43.900001525878906,44.16999816894531,37.674495697021484,60.08418761662093,0.0027242514730219103,1.7773440647409087,53.07007490517643,0.6358165368589546,-1.0411016892578664,-0.10273517839320234
2018-09-21,44.25,44.40999984741211,44.02000045776367,44.060001373291016,37.58067321777344,58.96046179311257,-0.018270747879424287,1.685774313363074,42.43909519237211,0.592692583450316,-1.118809234854743,-0.10824514507392491
2018-09-24,43.84000015258789,44.939998626708984,43.790000915527344,44.88999938964844,38.28860092163086,64.37457041010242,0.006051064489192237,1.7454379483457745,82.23339736340681,0.8137763213944904,-1.1782263109439344,-0.06748752502665123
2018-09-25,44.79999923706055,44.90999984741211,44.130001068115234,44.16999816894531,37.674495697021484,57.31133629937676,-0.008529474538269133,1.6409718401124072,45.68513469552151,0.5655103274181891,-1.912268138620151,-0.08408209502595843
2018-09-26,44.25,44.72999954223633,44.25,44.27000045776367,37.759788513183594,58.00060200046619,0.007510550180956921,1.558450243819136,50.761389865691754,0.5915675031079805,-2.6627915153198414,-0.09092840272600378
2018-09-27,44.599998474121094,45.22999954223633,44.58000183105469,44.7599983215332,38.17772674560547,61.29814327059816,0.03062379539896476,1.5645263650614165,76.02033468145318,0.8430101063988829,-2.4794854815798866,-0.06986989614137273
2018-09-28,44.5,44.619998931884766,43.970001220703125,44.15999984741211,37.66596221923828,55.547043722350736,-0.005629115263325546,1.4426441520621762,45.408153335331505,0.4871099944922784,-2.7039433518100564,-0.09159732476611815
2018-10-01,44.54999923706055,44.959999084472656,44.41999816894531,44.65999984741211,38.09244155883789,58.99933160073493,0.02056719293623188,1.4209875231126547,70.9183693329337,0.7617636600465781,-2.868609502117619,-0.07891786051878713
2018-10-02,43.75,43.9900016784668,43.45000076293945,43.619998931884766,37.20537567138672,50.2566878299244,0.0013775508999256392,1.199846255312669,17.85707334732056,0.15574562600042094,-3.4604878317041816,-0.12898501880083701
2018-10-03,44.040000915527344,44.2400016784668,43.56999969482422,43.959999084472656,37.495365142822266,52.723046367804365,-0.0013633587209238573,1.074449219599491,32.446822541601485,0.36286445421964414,-3.313285145539325,-0.14034503517397967
2018-10-04,43.06999969482422,43.08000183105469,41.970001220703125,42.43000030517578,36.19036865234375,42.50868955200691,-0.039393415020418376,0.6863437876648537,14.110408629177302,-0.21972859170588366,-2.1494714860168616,-0.22831705723803603
2018-10-05,41.880001068115234,42.06999969482422,41.16999816894531,41.630001068115234,35.507999420166016,38.32736162406165,-0.055152652151722714,0.22695444481307192,11.330116836808998,-0.24390283178617636,-1.7765805008902522,-0.3194413636732967
2018-10-08,40.7599983215332,41.16999816894531,40.400001525878906,40.959999084472656,34.93654251098633,35.204297313697026,-0.08754716364553328,-0.2615096694423696,11.59415711346557,-0.19477152522435062,-1.5131513993152503,-0.3999583373369415
2018-10-09,41.0,41.29999923706055,40.58000183105469,40.900001525878906,34.8853645324707,34.92979101541361,-0.07403234238305378,-0.6556777254698976,10.351971125178197,-0.07011276334810906,-1.5237472584320253,-0.4354914356675019
2018-10-10,40.349998474121094,40.439998626708984,39.349998474121094,39.349998474121094,33.56329345703125,28.70328283315331,-0.11113661440892775,-1.251306798749619,0.0,-0.1647393807337444,-1.3661333275377623,-0.5210796640265478
2018-10-11,38.5,39.599998474121094,38.33000183105469,38.939998626708984,33.21359634399414,27.316235290255193,-0.13002687233552312,-1.7887588467861153,8.840536202871196,-0.08187901847222154,-1.1235082875707718,-0.570312521204474
2018-10-12,40.13999938964844,40.58000183105469,39.189998626708984,39.65999984741211,33.82771682739258,33.40266803189587,-0.10190222592761167,-2.0579591520647122,19.27533996427452,0.08144617918100339,-1.0345052894388684,-0.5313692233708958
2018-10-15,39.470001220703125,39.59000015258789,38.720001220703125,38.75,33.05152893066406,29.98501725745085,-0.13233367098266968,-2.4251250208638555,6.086932003827967,0.04271035861996959,-1.1469963262794576,-0.526715426716101
2018-10-16,39.84000015258789,40.060001373291016,39.400001525878906,40.0099983215332,34.126243591308594,39.252946948177026,-0.0827604082612764,-2.4446642052568106,24.347783300797825,0.2201980489375845,-0.991240526693767,-0.4244768166460624
2018-10-17,40.0,40.09000015258789,39.18000030517578,39.56999969482422,33.750946044921875,37.39157674042499,-0.09986351869458154,-2.5194268484640183,18.702841288965452,0.20343023143361996,-1.0456314934876456,-0.3580023759723753
2018-10-18,39.79999923706055,39.95000076293945,38.459999084472656,38.540000915527344,32.87241744995117,33.398954485587694,-0.09168050301631014,-2.7539170419254524,3.167408317769592,0.1360451519583004,-1.172954520500687,-0.3487279938830109
2018-10-19,39.15999984741211,39.31999969482422,38.34000015258789,38.45000076293945,32.79566192626953,33.06674327145201,-0.07638666041985087,-2.9282058294907714,2.030438832199144,0.16628009316078565,-1.184078513130026,-0.32382957283927083
2018-10-22,39.189998626708984,39.22999954223633,38.540000915527344,38.720001220703125,33.02593994140625,35.15081871182505,-0.05468779771150112,-2.981009367688686,6.598974614512245,0.22170354408821125,-1.1507048766774302,-0.27011128697911724
2018-10-23,37.41999816894531,38.18000030517578,37.2599983215332,38.0,32.411827087402344,32.265521466615894,-0.07090473263554498,-3.135125081600206,12.714797804780693,0.18104957254588483,-0.9903024456178376,-0.25441668385224236
2018-10-24,37.560001373291016,37.560001373291016,36.43000030517578,36.47999954223633,31.1153507232666,27.191134886275293,-0.07293511695741595,-3.5319927212204956,0.8865113913365782,0.07811326272270609,-0.9859375048496511,-0.30634430345679176
2018-10-25,36.779998779296875,37.54999923706055,36.4900016784668,37.38999938964844,31.891530990600586,33.89411123831162,-0.03980494432764481,-3.6246429878345023,19.712511191478264,0.19528985230903087,-0.9140597847669683,-0.26496376583200054
2018-10-26,36.54999923706055,37.290000915527344,36.13999938964844,36.66999816894531,31.27741813659668,31.428748715971594,-0.07539080168516576,-3.807903824657312,10.271294476155553,0.1521409094114904,-0.9333130863150972,-0.25539007210220466
2018-10-29,37.16999816894531,37.40999984741211,35.970001220703125,36.33000183105469,30.9874210357666,30.307662199716134,-0.06245120760457323,-3.98405516560099,7.8091228348906565,0.1373631757434078,-0.984488501709695,-0.24498776496144736
2018-10-30,36.84000015258789,37.79999923706055,36.66999816894531,37.779998779296875,32.224178314208984,40.11799758976363,-0.05573614546852834,-3.7789508871747155,39.26241472787393,0.31956261928700574,-0.8349410760766837,-0.13661913073609355
2018-10-31,38.689998626708984,38.9900016784668,38.029998779296875,38.099998474121094,32.49712371826172,42.05655699413283,-0.03714924983114076,-3.5090929842001386,46.203838859265,0.37578499862278,-0.8704496771189004,-0.03372480304315095
2018-11-01,38.779998779296875,39.08000183105469,38.38999938964844,39.04999923706055,33.30742263793945,47.49117764886666,0.013233136523974398,-3.059942200387618,74.7572527876463,0.5489029824671741,-0.8184884014413306,0.09471395634710578
2018-11-02,39.18000030517578,39.4900016784668,38.43000030517578,38.779998779296875,33.077125549316406,46.16587851789647,0.00858234310622108,-2.7289648692926582,68.20384191964504,0.5305346000608196,-0.924753611260017,0.16580622015221058
2018-11-05,38.720001220703125,38.81999969482422,38.310001373291016,38.47999954223633,32.82124328613281,44.674137040996925,-0.006198056910313721,-2.5005924390937873,60.92230515178703,0.49627784592981683,-0.9727615584296608,0.1952173455840278
2018-11-06,38.5,38.849998474121094,38.41999816894531,38.72999954223633,33.03447723388672,46.2332831886178,0.01921058460559233,-2.241308012966719,69.34669947178897,0.5824994089534197,-1.018773014785467,0.22645472200861239
2018-11-07,39.290000915527344,39.29999923706055,38.720001220703125,39.18000030517578,33.41830825805664,49.018382284043646,0.07401354898011792,-1.9194221198302028,91.1931439495333,0.6948700403039192,-0.9355124999586261,0.2675702130380735
2018-11-08,38.790000915527344,39.060001373291016,38.689998626708984,38.70000076293945,33.00889205932617,46.265461806520086,0.0350362944022633,-1.7443831649439907,77.55679509117884,0.581235494594474,-1.0243229434564298,0.26148874171633174
2018-11-09,38.09000015258789,38.38999938964844,37.810001373291016,38.06999969482422,32.471527099609375,42.862905622204586,0.038177990197199474,-1.7175816829294956,59.659039801809165,0.4438561416127357,-1.23114442429074,0.21738255277519225
2018-11-12,37.86000061035156,37.91999816894531,37.0099983215332,37.060001373291016,31.610063552856445,38.03376386667959,0.020093395845080853,-1.887238600290734,30.96590939878428,0.21555370181011882,-1.4402375723704743,0.13057665331672919
2018-11-13,37.38999938964844,38.119998931884766,37.2400016784668,37.400001525878906,31.90006446838379,40.46543413382603,-0.010058094970331055,-1.9296119848193702,40.6250033866271,0.3179210508845131,-1.3698489823922053,0.09474407257237027
2018-11-14,38.20000076293945,38.34000015258789,37.369998931884766,37.84000015258789,32.275367736816406,43.552608135420144,-0.006823864886254416,-1.8497025193964476,53.124962747101854,0.45695069526803495,-1.3102999770926447,0.09796683954828789
2018-11-15,38.06999969482422,38.56999969482422,37.88999938964844,38.52000045776367,32.85536575317383,48.03710857706117,-0.013572256541120042,-1.6240952017369743,72.44315072278751,0.6558411909897278,-1.266839506386908,0.13833965344153087
2018-11-16,37.06999969482422,37.20000076293945,36.65999984741211,36.869998931884766,31.447996139526367,39.77884555217621,-0.04925244811134166,-1.7739251807603507,7.420457547703904,0.2063527444513165,-1.666660367359634,0.07273652406216546
2018-11-19,36.63999938964844,36.68000030517578,35.959999084472656,36.04999923706055,30.74859046936035,36.42730444850092,-0.06314973502689247,-2.0458793907990063,2.5495775198866615,0.047766812885268975,-1.858318636133262,-0.010836425330472466
2018-11-20,35.400001525878906,35.9900016784668,35.220001220703125,35.63999938964844,30.398881912231445,34.846377488039806,-0.0797831702616345,-2.3263520736604457,9.83602163746086,0.02600999665718335,-1.5110676326991879,-0.07894992646613308
2018-11-21,36.41999816894531,36.720001220703125,36.13999938964844,36.16999816894531,30.850936889648438,38.55845130477085,-0.07682529434413399,-2.4099682692686906,22.24816970487468,0.16068197992773842,-1.405199967838621,-0.08245650409058614
2018-11-23,35.83000183105469,36.20000076293945,35.75,35.959999084472656,30.671833038330078,37.64335929746216,-0.07080089258360289,-2.494977924885152,18.137211361445544,0.14905875767503687,-1.4471446592010573,-0.08537604000462928
2018-11-26,36.709999084472656,36.88999938964844,36.470001220703125,36.84000015258789,31.42242431640625,43.67618170542891,-0.03230839067053748,-2.3452142870818724,39.705875478122984,0.33824004157278487,-1.271362177325334,-0.028249022164965387
2018-11-27,36.38999938964844,36.81999969482422,36.38999938964844,36.79999923706055,31.38829803466797,43.47026090453089,-0.007015661889374414,-2.2099528906649386,38.725460405199584,0.3207799365839497,-1.279354279920132,0.013504863411030632
2018-11-28,37.27000045776367,38.02000045776367,37.06999969482422,38.0099983215332,32.42035675048828,50.99506938020711,0.016310069925411952,-1.8186117817273715,72.65617161368641,0.5886903786114995,-1.0376543723840956,0.11144501526047312
2018-11-29,37.95000076293945,38.369998931884766,37.869998931884766,37.93000030517578,32.352134704589844,50.51637790895962,0.0023785001738607647,-1.5085586846957484,80.89553190568698,0.5729522526175801,-1.0536314306006578,0.16899609221367307
2018-11-30,37.2400016784668,37.599998474121094,37.08000183105469,37.59000015258789,32.0621223449707,48.434943401167565,-0.024143496504113515,-1.321141491930617,70.74626899663168,0.5138597785050754,-1.121550008710373,0.183675840978195
2018-12-03,38.81999969482422,39.0,38.380001068115234,38.72999954223633,33.03447723388672,55.112919828780164,0.050447764217521396,-0.9163773173032127,92.8571284402929,0.7830626723667872,-0.9176679042622717,0.25085782938838463
2018-12-04,38.529998779296875,38.779998779296875,37.43000030517578,37.439998626708984,31.934181213378906,47.600642367631885,0.0385575639702882,-0.8632788714838593,58.73010907212001,0.49120267727826145,-1.1873484325607009,0.21458191894015582
2018-12-06,35.70000076293945,36.86000061035156,35.61000061035156,36.86000061035156,31.439481735229492,44.653568862370335,0.034231516343347757,-0.9353471667286231,43.38624125041377,0.36951741467882815,-1.3085983636062744,0.15352092591947508
2018-12-07,36.650001525878906,36.939998626708984,36.13999938964844,36.52000045776367,31.14947509765625,42.97386121083194,0.009676795524092618,-1.0542675123664291,34.391525314258494,0.30259551461453493,-1.4420328024215379,0.09283915510339003
2018-12-10,36.310001373291016,36.83000183105469,36.08000183105469,36.43000030517578,31.072711944580078,42.51795091238026,0.013069936372861246,-1.1555087778439284,32.01056812768947,0.2981753200004504,-1.4791668294809586,0.04897321390746956
2018-12-11,37.2400016784668,37.349998474121094,36.29999923706055,36.70000076293945,31.30300521850586,44.42290282543296,-0.0038004418977322096,-1.1643228559714323,39.153439687396556,0.39195832857721735,-1.4182426632650587,0.03743063803394475
2018-12-12,37.61000061035156,37.70000076293945,37.27000045776367,37.380001068115234,31.88300323486328,49.00640405442305,0.01576081632871329,-1.0120216492533636,52.21241228445269,0.5866126863008573,-1.2648039850479964,0.0689848299297654
2018-12-13,37.4900016784668,37.65999984741211,37.189998626708984,37.33000183105469,31.840354919433594,48.688433174875954,-0.017890050856579576,-0.8918688925705304,50.7375082708053,0.5731102002780826,-1.2760866118211247,0.08600405339936767
2018-12-14,36.79999923706055,37.11000061035156,36.529998779296875,36.529998779296875,31.158002853393555,43.792600568881255,-0.03691045002439597,-0.9593714969234548,27.138593940594234,0.3559939547983354,-1.4566030897039468,0.05200044489745903
2018-12-17,36.630001068115234,36.939998626708984,36.119998931884766,36.220001220703125,30.89359474182129,42.0289979146425,-0.036445734645283445,-1.068627390084894,17.994121539202492,0.2821710646244768,-1.5265523481588528,0.014352926386612896
2018-12-18,36.61000061035156,37.0,36.61000061035156,36.7599983215332,31.35418128967285,46.100946668842376,-0.050864917047642066,-1.0260071981154257,33.92324242574279,0.4569480490444359,-1.404704015727053,0.022629773028525757
2018-12-19,36.619998931884766,37.279998779296875,36.099998474121094,36.22999954223633,30.902118682861328,42.91476691919797,-0.032318427819442386,-1.0956781047880815,18.28905733074669,0.2818325822786144,-1.524297336573472,0.0009625213015502787
2018-12-20,36.40999984741211,36.75,35.540000915527344,35.880001068115234,30.603593826293945,40.904304149519966,-0.02658720382145785,-1.214338868206763,9.826596605580043,0.15608332316311527,-1.8087076287350419,-0.028541051282836682
2018-12-21,36.63999938964844,36.93000030517578,35.650001525878906,35.709999084472656,30.45859718322754,39.92592674254491,-0.022179440015048457,-1.331455829291014,4.913243177092406,0.12250332608516165,-1.8506141840624994,-0.05154678919380473
2018-12-24,35.560001373291016,35.88999938964844,35.27000045776367,35.290000915527344,30.100357055664062,37.537025334851165,-0.031292887812633285,-1.50107431496495,0.5698138839831545,0.03166722984895742,-1.7679635486711454,-0.08276502686450804
2018-12-26,35.33000183105469,36.77000045776367,35.33000183105469,36.7599983215332,31.35418128967285,49.0315660437018,0.0016348612796044382,-1.295576833430332,61.31677681669048,0.4716527998380388,-1.4318176001767238,-0.014427368960534759
2018-12-27,36.20000076293945,36.79999923706055,35.959999084472656,36.779998779296875,31.37123680114746,49.168595470647446,-0.01605138731586664,-1.1154052228483484,62.139840818825455,0.47791998316385004,-1.4272450764320201,0.033832814958817736
2018-12-28,37.130001068115234,37.68000030517578,37.02000045776367,37.13999938964844,31.678312301635742,51.68708912137882,-0.005089221467784233,-0.8829477708441757,76.95467889044127,0.6034526669889396,-1.3449191948840096,0.08541023489299893
2018-12-31,37.43000030517578,37.59000015258789,36.77000045776367,36.90999984741211,31.482118606567383,49.983139147469615,0.01040232760420734,-0.7409597208449318,67.48967834099936,0.5500140084684078,-1.3975180472020265,0.1040509289812932
2019-01-02,36.20000076293945,36.75,36.0,36.52000045776367,31.14947509765625,47.14527483015046,0.008282634571125769,-0.7061745881476469,51.440322757884495,0.43610315783815284,-1.4866986235384236,0.09212528395111019
2019-01-03,35.34000015258789,35.52000045776367,34.27000045776367,34.36000061035156,29.307130813598633,35.21865682831731,-0.0652879581565875,-1.1436899023547684,2.639300780502757,-0.21496593743338188,-1.4824149647838178,-0.034889136942179766
2019-01-04,34.459999084472656,35.029998779296875,34.209999084472656,34.970001220703125,29.827415466308594,39.84666142111137,-0.03477765481331796,-1.3425741416801613,21.90207114902599,0.05408406071714111,-1.637754014447749,-0.07652368846880203
2019-01-07,35.0099983215332,35.470001220703125,34.970001220703125,35.22999954223633,30.049175262451172,41.75658992002604,-0.018116126066423877,-1.427058978278759,29.39481553141902,0.1757556868503359,-1.5742125561410583,-0.08133798594293906
2019-01-08,35.11000061035156,35.18000030517578,34.63999938964844,34.939998626708984,29.80181884765625,40.22249774013437,-0.02156298701546744,-1.542374292174442,21.037443384195946,0.13375522088577033,-1.6450882856059188,-0.09257420299307295
2019-01-09,35.33000183105469,35.959999084472656,35.33000183105469,35.61000061035156,30.373300552368164,45.22906889575889,0.009067782691060788,-1.4667872129283812,40.34585110593202,0.3413447899486832,-1.4813400248993587,-0.0547792025892157
2019-01-10,35.459999084472656,36.47999954223633,35.400001525878906,36.41999816894531,31.06418800354004,50.61417872451368,-0.009248950991692095,-1.210630338130151,63.688712017941164,0.5785866522281727,-1.2833780997132964,0.01951138731669516
2019-01-11,36.45000076293945,36.77000045776367,36.2400016784668,36.61000061035156,31.226245880126953,51.811028442684766,-0.004621778922506592,-0.9540839943386439,69.16428477199771,0.6520520987432907,-1.2418709379534767,0.07898913179704536
2019-01-14,36.130001068115234,36.189998626708984,35.720001220703125,35.7599983215332,30.501232147216797,46.394013225907784,-0.03715728739621538,-0.9305954798501479,44.66855019568181,0.41218518439213625,-1.4508085396420567,0.06927368012287699
2019-01-15,36.040000915527344,36.22999954223633,35.79999923706055,36.040000915527344,30.740062713623047,48.311192453253874,-0.02357071016146728,-0.8395657884438569,52.73778637702827,0.5107973771016351,-1.3819813112879826,0.0780509763615278
2019-01-16,35.900001525878906,36.029998779296875,35.63999938964844,35.63999938964844,30.398881912231445,45.79168633744363,-0.024096495464903667,-0.8474040033403586,41.21036893716196,0.3897618143548047,-1.4803042742183725,0.060766183911491134
2019-01-17,34.91999816894531,36.54999923706055,34.83000183105469,36.290000915527344,30.95329475402832,50.32522140509234,0.056169399553294364,-0.6997557528088205,59.94239479354469,0.6120878255326851,-1.3205311771689905,0.0850684721733086
2019-01-18,36.2400016784668,37.0099983215332,36.15999984741211,36.84000015258789,31.42242431640625,53.842882268481574,0.05347459124976117,-0.45448618801773744,77.81065789963738,0.7768240819438014,-1.1853353854272024,0.12852630293047618
2019-01-22,36.5,36.7599983215332,36.099998474121094,36.369998931884766,31.02153778076172,50.5487445416209,0.0323590417979156,-0.361152355681498,77.14287271305432,0.6160797147867656,-1.3008646057781106,0.12589699301811808
2019-01-23,36.529998779296875,36.7400016784668,36.2400016784668,36.4900016784668,31.12388801574707,51.366828917657834,0.04436202954085111,-0.25748355688828073,81.42868625877551,0.641477754028843,-1.2713688712017945,0.12634743929603875
2019-01-24,36.880001068115234,37.63999938964844,36.779998779296875,37.63999938964844,32.10475540161133,58.45934389935856,0.05700581819410355,0.0791293162642776,100.0,0.9413388984598567,-0.9886982542544308,0.18448154477224118
2019-01-25,38.0,38.2599983215332,37.880001068115234,38.13999938964844,32.5312385559082,61.11473792898628,0.04722642523928133,0.4494135101147883,96.68511140078465,1.0080743784388781,-0.7965088505702733,0.23992318717133237
2019-01-28,36.91999816894531,37.65999984741211,36.900001525878906,37.439998626708984,31.934181213378906,55.74266165512107,0.022671163737377098,0.5806229562669034,77.34806804494599,0.8024815684773249,-0.9439304443981862,0.22490410656258503
2019-01-29,37.290000915527344,37.290000915527344,36.29999923706055,36.33000183105469,30.9874210357666,48.46731341824619,0.015939975349296365,0.4356674423231087,43.731823171362386,0.5270617198091502,-1.1776984335248841,0.14367911492923757
2019-01-30,36.810001373291016,37.45000076293945,36.290000915527344,37.380001068115234,31.88300323486328,54.5149405186111,0.037180812930928786,0.5450575467165265,74.34407714816055,0.7908776984006478,-0.9565669846837517,0.14246200183430008
2019-01-31,37.310001373291016,38.099998474121094,37.310001373291016,37.619998931884766,32.087711334228516,55.79201777257585,0.055555642700054086,0.6760254751366762,81.34110657474312,0.8231788107347491,-0.9060217654422267,0.14704140932039722
2019-02-01,37.75,37.869998931884766,37.439998626708984,37.56999969482422,32.04506301879883,55.442761036077,0.03527147185610735,0.7595866923760605,79.88340137885321,0.7922845748567218,-0.9165522156801978,0.138893057864109
2019-02-04,37.5,38.0099983215332,37.380001068115234,37.939998626708984,32.360652923583984,57.559926285165055,0.029858568445588318,0.8954882033166621,90.67055328737156,0.8563565007040779,-1.011653905692647,0.14573970465850683
2019-02-05,37.91999816894531,38.27000045776367,37.880001068115234,38.25,32.625064849853516,59.304639330491675,0.05169076660300953,1.0572973895650368,99.41859111197361,0.8955338946572121,-0.9370782222885448,0.15802778402172946
2019-02-06,38.41999816894531,38.81999969482422,38.310001373291016,38.7400016784668,33.043006896972656,61.96620536035055,0.06166064086384737,1.2751975455670146,97.99503611057465,0.9777803107901699,-0.8298686443189657,0.18252004282846562
2019-02-07,38.369998931884766,38.459999084472656,37.83000183105469,38.119998931884766,32.514190673828125,56.89576507236289,0.012753103616427008,1.2983078442851381,74.26468938280469,0.7848457781601925,-0.9624041095497502,0.15254181909206266
2019-02-08,37.709999084472656,37.91999816894531,37.5,37.790000915527344,32.23271942138672,54.346716900178954,-0.009176383924283993,1.2313052431412712,62.13241481448238,0.6757076503553435,-1.0329483208630583,0.10543136471673176
2019-02-11,37.91999816894531,38.290000915527344,37.83000183105469,38.290000915527344,32.659175872802734,57.4566771310783,0.02270277902475515,1.2705012583300246,79.45739586090242,0.7822506047192473,-0.9260669474948223,0.09499036075329381
2019-02-12,38.63999938964844,38.77000045776367,38.439998626708984,38.63999938964844,32.95771789550781,59.53483985111276,0.06358376379457442,1.3600294139450737,92.88535999903502,0.8436861332796345,-0.8512443453536191,0.09970069032779683
2019-02-13,38.369998931884766,38.47999954223633,38.04999923706055,38.130001068115234,32.52272033691406,55.29635460696098,0.020064518305831003,1.3066142334671598,72.72731384871476,0.6848659757268081,-0.9602663482332869,0.06662063853711381
2019-02-14,37.91999816894531,38.209999084472656,37.7599983215332,38.060001373291016,32.46300506591797,54.72042130709835,0.011695870976286216,1.235016734180676,69.96052615707514,0.6485493410444527,-0.9752325895785086,0.035386215760576434
2019-02-15,37.90999984741211,38.279998779296875,37.869998931884766,38.09000015258789,32.48859786987305,54.93704824944962,0.013840972970283305,1.1710889346562698,71.14624923102903,0.6397178154649049,-1.7097202145205257,0.012309467253264428
2019-02-19,38.220001220703125,38.65999984741211,38.099998474121094,38.459999084472656,32.8041877746582,57.62900845518854,0.013705992030555558,1.1852729235856923,85.77071999807004,0.7450667819118986,-1.593694566302774,0.014034393949819979
2019-02-20,38.93000030517578,39.5099983215332,38.88999938964844,39.0,33.264774322509766,61.26578478350839,0.01960791420952912,1.295540467514619,76.8182259552362,0.9095131321592865,-1.291856394582425,0.0404354664673342
2019-02-21,39.06999969482422,39.18000030517578,38.79999923706055,38.97999954223633,33.24772644042969,61.05689052004802,0.006195548247026839,1.3620814041029166,75.11739611652571,0.8826136397684345,-1.3268064987329755,0.05034540719752667
2019-02-22,39.119998931884766,39.40999984741211,39.08000183105469,39.38999938964844,33.59741973876953,63.78463064227279,0.03331557829035359,1.4831258091594623,94.36624006476039,0.9657853983021774,-1.2182060080345656,0.07268934853456221
2019-02-25,39.869998931884766,39.91999816894531,39.47999954223633,39.58000183105469,33.75947570800781,65.00785287094604,0.04736666077290641,1.5991529484593074,85.95055391968323,0.9590201664315338,-1.0791149096977464,0.08951512452174099
2019-02-26,39.40999984741211,39.66999816894531,39.380001068115234,39.599998474121094,33.77654266357422,65.1413888313441,0.03421295121234169,1.6747071838608547,86.77686210962376,0.908195312119369,-1.0744132654884193,0.09254330318413656
2019-02-27,39.5099983215332,39.59000015258789,39.060001373291016,39.45000076293945,33.64859390258789,63.194367436759656,0.02096249531810712,1.6830227892785512,80.57860489164361,0.8608081795192725,-1.1096608847161895,0.07729918386314127
2019-02-28,39.119998931884766,39.290000915527344,39.0,39.04999923706055,33.30742263793945,58.19918179301196,0.02412781873399239,1.5877792879637542,64.04960371255446,0.6960965742036079,-1.9155569537924133,0.03761792155080568
2019-03-01,39.36000061035156,39.52000045776367,39.20000076293945,39.38999938964844,33.59741973876953,61.019672299476014,0.034944844771704675,1.5646272770405776,75.46301774364173,0.7973482664766655,-1.8712069475628699,0.02489404048612953
2019-03-04,39.33000183105469,39.33000183105469,38.709999084472656,39.150001525878906,33.3927116394043,58.04244748607232,0.027828648473920303,1.4792132849236588,64.35200474717917,0.6849545638868123,-1.951800779460684,-0.0018941381018708348
2019-03-05,38.95000076293945,39.22999954223633,38.65999984741211,39.02000045776367,33.281829833984375,56.43621076029609,0.014560398891971804,1.3687465142354909,58.3334363537143,0.6130466411418872,-2.1250468419957502,-0.030101173311689045
2019-03-06,39.060001373291016,39.220001220703125,38.779998779296875,38.790000915527344,33.085655212402344,53.60955294043962,-0.005384648288030425,1.2195056773809396,47.68530864611793,0.5017704700709434,-2.2061107965472235,-0.06309344257369703
2019-03-07,38.77000045776367,38.880001068115234,38.369998931884766,38.630001068115234,32.949188232421875,51.6707675217148,-0.008979206699823772,1.0559209988445577,37.07328873547391,0.4334816310543107,-2.2625021532563667,-0.09340128964518757
2019-03-08,37.95000076293945,38.380001068115234,37.939998626708984,38.20000076293945,32.582420349121094,46.77470435802985,-0.030210635148186227,0.8274029657808163,13.131424057644328,0.23951385288461322,-2.414059244500211,-0.13492219066149125
2019-03-11,38.22999954223633,38.689998626708984,38.20000076293945,38.63999938964844,32.95771789550781,51.80688483594376,-0.023749119193513413,0.7293982148191541,35.35358205935902,0.40863868970608797,-2.6052781320697744,-0.13363022532915902
2019-03-12,39.04999923706055,39.16999816894531,38.86000061035156,38.900001525878906,33.179473876953125,54.54174537128066,-0.017677024927272744,0.6978115327745669,48.485006117003344,0.5214203400887124,-2.5026133185925894,-0.11506580540947414
2019-03-13,39.220001220703125,39.439998626708984,39.02000045776367,39.209999084472656,33.44389343261719,57.62932706785864,-0.006083477680027483,0.7287715255898851,64.14145208989586,0.6622767714484223,-2.3801968489891943,-0.08366357526322937
2019-03-14,39.0,39.04999923706055,38.7400016784668,38.81999969482422,33.11125183105469,52.77323314421106,-0.005889702395084573,0.6645075673132314,44.44450866495198,0.44619834681557974,-2.5341976013323193,-0.08377337316972477
2019-03-15,39.40999984741211,40.06999969482422,39.40999984741211,39.650001525878906,33.81918716430664,60.417686171733465,0.0066007278910529266,0.7767917695064791,80.28178599379979,0.8629708096103343,-2.223277437634055,-0.03703041851708627
2019-03-18,39.86000061035156,39.97999954223633,39.63999938964844,39.849998474121094,33.989768981933594,62.0132499662757,0.017879869984106067,0.896192712382161,89.6713093717931,0.9408542092971597,-2.2365669783493654,0.002420344631881566
2019-03-19,39.97999954223633,40.08000183105469,39.599998474121094,39.7599983215332,33.91300582885742,60.82502132621203,0.018964582116472117,0.9605473207204271,85.04658736624069,0.8525388095943137,-2.263769517762381,0.01944193458370086
2019-03-20,39.77000045776367,40.150001525878906,39.63999938964844,39.849998474121094,33.989768981933594,61.61704580589228,0.02732645805945344,1.0178754936485221,86.42521908588925,0.8590110400627886,-2.169431883577663,0.03126643152030312
2019-03-21,40.25,41.2400016784668,40.220001220703125,41.040000915527344,35.00476837158203,70.1970384858946,0.062386366688617745,1.2913445887398756,93.93937642473031,1.2127044215195066,-1.2714628911217045,0.09901841377604975
2019-03-22,40.84000015258789,41.02000045776367,40.34000015258789,40.43000030517578,34.484474182128906,62.486217291829966,0.05837668941187535,1.366047107739344,75.45452653870873,0.9081202851765598,-1.4291276512121474,0.1000684569828243
2019-03-25,40.0,40.459999084472656,39.77000045776367,39.91999816894531,34.049476623535156,56.86241941338018,0.03312604141733222,1.3059076775203589,59.99993064193204,0.7056163628310352,-1.5609449713088788,0.06447132748272039
2019-03-26,40.11000061035156,40.630001068115234,40.06999969482422,40.400001525878906,34.458900451660156,60.468685008284844,0.03856078548598507,1.340062406370306,74.54547346129127,0.8499138946734722,-1.4368772593390635,0.061512577435035465
2019-03-27,40.189998626708984,40.2599983215332,39.79999923706055,40.20000076293945,34.288307189941406,58.28237080455937,0.0252486678629551,1.3110428443714717,68.48484988602156,0.7582197469241297,-1.4885721393264866,0.042010498629414916
2019-03-28,40.2400016784668,40.540000915527344,40.20000076293945,40.34000015258789,34.40771484375,59.3891949541895,0.0391547567971855,1.301123630112269,70.39469556466287,0.7764926265266658,-1.452388035270889,0.03157314356221719
2019-03-29,40.81999969482422,41.04999923706055,40.599998474121094,40.959999084472656,34.93654251098633,63.95083398036128,0.033039095270124275,1.4017684925593383,88.79989624023438,0.9198630087928706,-1.2921373752132757,0.05342079231729502
2019-04-01,41.08000183105469,41.369998931884766,40.7400016784668,41.369998931884766,35.28624725341797,66.6209226360487,0.03814319162255808,1.54496693896851,100.0,0.963752290303361,-1.1556883781866063,0.08280580276562377
2019-04-02,41.18000030517578,41.36000061035156,41.0,41.27000045776367,35.200950622558594,65.34950623674762,0.037977901463550845,1.6184110568227013,96.1977726786165,0.8835481122960179,-1.1805561983820343,0.08742517212088818
2019-04-03,41.599998474121094,41.959999084472656,41.5099983215332,41.790000915527344,35.64448165893555,68.6950519936927,0.04868266912556751,1.7587722406900541,93.33340314480745,0.950160962746812,-0.9530240563132749,0.1098290490880745
2019-04-04,41.72999954223633,42.18000030517578,41.650001525878906,42.040000915527344,35.85771942138672,70.18547722316745,0.024366710293593608,1.8959418754632145,94.57367091901611,0.9478045992886838,-0.8731033917503613,0.12725836127810697
2019-04-05,42.34000015258789,42.34000015258789,42.060001373291016,42.22999954223633,36.01978302001953,71.3037020358196,0.044521741285133976,2.0170015446206486,95.98538164352094,0.946590684173514,-0.9086227208562615,0.13710017616379955
2019-04-08,42.2400016784668,42.4900016784668,42.08000183105469,42.38999938964844,36.156246185302734,72.24758193476075,0.06187377224798141,2.118080705969317,96.49115057869581,0.9335021270780766,-1.0710014648437494,0.13972413165116193
2019-04-09,42.2400016784668,42.29999923706055,42.029998779296875,42.209999084472656,36.00271224975586,69.47862804622805,0.044801539743306806,2.136777124577883,89.70579160542584,0.8559766643886328,-1.1119438476562493,0.11886112357010292
2019-04-10,42.2599983215332,42.5,42.18000030517578,42.369998931884766,36.139190673828125,70.55879836382144,0.05398001930027285,2.15681565438354,95.23805531451696,0.855183920869689,-1.0737053632029676,0.10260761782594474
2019-04-11,42.09000015258789,42.20000076293945,41.95000076293945,42.099998474121094,35.90889358520508,66.29517124122874,0.043629132253395264,2.095162438203204,85.34792699814015,0.7739927872963511,-1.515044041850561,0.06645467459225551
2019-04-12,42.470001220703125,42.650001525878906,42.279998779296875,42.58000183105469,36.31830596923828,69.79007267271375,0.039550664116732026,2.1143086925417607,97.54387232954674,0.8558742922985659,-1.4579636791154906,0.06039764690166671
2019-04-15,42.58000183105469,42.77000045776367,42.459999084472656,42.61000061035156,36.34390640258789,69.99955219219422,0.029973693194803364,2.1099433589566936,94.61280196463251,0.8286201930662626,-1.4091577394382895,0.04889003492662891
2019-04-16,42.83000183105469,43.08000183105469,42.75,43.0099983215332,36.68507766723633,72.71491014474586,0.04216156150415529,2.157607953012939,97.5693234875327,0.8871705819308856,-1.2409882631606963,0.054596913296069305
2019-04-17,43.900001525878906,44.459999084472656,43.86000061035156,44.38999938964844,37.86214065551758,79.58142924695109,0.06221605402490393,2.4294395094502175,98.18653669026641,1.1004288275218665,-0.7887932539214534,0.12401455631657765
2019-04-18,44.060001373291016,45.63999938964844,44.0,45.400001525878906,38.72360610961914,82.96110812188918,0.07992384162956867,2.798975768793742,95.10208212502093,1.1303268142963923,-0.5602614205363317,0.2093025331860333
2019-04-22,44.790000915527344,45.15999984741211,44.59000015258789,45.150001525878906,38.5103759765625,79.45545290892377,0.0691451404679122,3.0039664365475547,89.4396998227481,0.9957093135729934,-0.5965868331183364,0.2310051866750883
2019-04-23,45.150001525878906,45.41999816894531,45.060001373291016,45.41999816894531,38.74066162109375,80.41785781219656,0.07147908614588316,3.1756157476700473,94.67309530736938,0.9720140162874948,-0.5633934226521163,0.2394937356078436
2019-04-24,45.08000183105469,45.59000015258789,44.939998626708984,45.40999984741211,38.73213577270508,80.26793808427266,0.07581160841480017,3.268025902333268,94.23559735896607,0.9155446895751932,-0.5648533281599774,0.22346870980373912
2019-04-25,44.93000030517578,45.040000915527344,44.43000030517578,44.47999954223633,37.93890380859375,67.63449272235168,0.049799486408226956,3.131316010042326,68.56367807251236,0.7516122089419002,-0.79764292741625,0.14233166711260814
2019-04-26,43.650001525878906,44.0,43.31999969482422,43.939998626708984,37.47830581665039,61.57430934257934,0.04370539091440939,2.889761597107748,53.92950147367289,0.648092776797476,-1.0013833512714896,0.04554053186661866
2019-04-29,43.849998474121094,43.91999816894531,43.58000183105469,43.83000183105469,37.38448715209961,60.387404819618105,0.0293565780233358,2.647547124891286,50.94855739260693,0.6113024137212832,-1.0667992028057502,-0.03268513034644982
2019-04-30,43.400001525878906,43.939998626708984,43.2599983215332,43.81999969482422,37.37595748901367,60.273649677052305,0.02839681224669599,2.4258191033991814,50.677496689275735,0.5919353043546667,-1.1630437473486213,-0.08965615441406316
2019-05-01,44.290000915527344,44.560001373291016,43.81999969482422,43.81999969482422,37.37595748901367,60.273649677052305,0.018832720705791894,2.224481572348628,50.677496689275735,0.5730391333925758,-1.3829781509345092,-0.12956998015831522
2019-05-02,43.86000061035156,44.470001220703125,43.75,44.400001525878906,37.870662689208984,64.74126128504707,0.00022508060938619678,2.1468316184717575,63.09530837734615,0.6677791713410237,-1.329203223086292,-0.1248340893973362
2019-05-03,44.93000030517578,45.13999938964844,44.560001373291016,44.709999084472656,38.135074615478516,66.88485581809124,-0.015198261558456272,2.1172935197523395,70.75471019099876,0.7093172724997844,-1.4158557092806752,-0.1067731411527949
2019-05-06,43.31999969482422,43.81999969482422,43.209999084472656,43.7599983215332,37.32477569580078,55.70751363400321,-0.030786515340262555,1.8973830882674538,34.94804618820585,0.4934072071060224,-1.6354489941704367,-0.1496492676592951
2019-05-07,43.83000183105469,44.04999923706055,43.290000915527344,43.7599983215332,37.32477569580078,55.70751363400321,-0.036547799290088445,1.7035474241164348,22.633710616787805,0.4773926233215658,-1.6354489941704367,-0.17641946967177324
2019-05-08,43.52000045776367,44.0,43.459999084472656,43.70000076293945,37.27360153198242,55.03389228486855,-0.037656953628426026,1.521432929128462,20.164675593789735,0.44285410287674337,-1.6493173364099025,-0.19455517193519734
2019-05-09,42.91999816894531,43.29999923706055,42.279998779296875,43.25,36.88978958129883,50.13707928146558,-0.02765272904530469,1.2795950346715168,29.305160672446718,0.31183788193104356,-1.7533314538964193,-0.22711296941740033
2019-05-10,42.86000061035156,43.09000015258789,42.189998626708984,42.83000183105469,36.531551361083984,46.02105464058566,-0.025261399493298198,0.9988406933343413,18.823615209415568,0.17234028823158146,-2.022129279508887,-0.2648538311059403
2019-05-13,41.369998931884766,41.5099983215332,40.7400016784668,40.9900016784668,34.96212387084961,33.172566478753566,-0.0647959478859389,0.4290324402356324,5.154640796980961,-0.1770517614903697,-1.5611592870405333,-0.38055651289100345
2019-05-14,41.59000015258789,42.08000183105469,41.400001525878906,41.970001220703125,35.79801559448242,42.3968958608429,-0.04221809956293621,0.1564026974940379,27.954549592390716,0.07497253052595189,-1.3905690596766849,-0.3846896091360454
2019-05-15,41.54999923706055,42.33000183105469,41.459999084472656,41.970001220703125,35.79801559448242,42.3968958608429,-0.04221809956293621,-0.05973205834415028,27.954549592390716,0.10875823849400776,-1.3905690596766849,-0.37114425846471516
2019-05-16,41.630001068115234,41.63999938964844,41.220001220703125,41.529998779296875,35.4227294921875,39.554053124086025,-0.06463930185512723,-0.3111189483064953,17.954488903993557,0.08129079294093106,-1.4671580959202184,-0.37033243889134554
2019-05-17,40.38999938964844,40.95000076293945,40.09000015258789,40.25,34.33095932006836,32.68730239204622,-0.09975371318314186,-0.7461728409664461,3.1683142888005755,-0.05224467858639886,-1.429098333185369,-0.42242458380416087
2019-05-20,39.25,39.29999923706055,38.52000045776367,38.65999984741211,32.97477340698242,26.526780316241712,-0.11654463309494867,-1.384497800930193,2.1147947467807007,-0.13998528786067085,-1.1663320070919925,-0.5208567562132053
2019-05-21,39.150001525878906,39.34000015258789,38.65999984741211,39.29999923706055,33.5206413269043,32.07579681743984,-0.10191981861861443,-1.7535135150563552,11.782460802826796,0.025422014322814414,-1.0891229627519352,-0.5206022129883473
2019-05-22,39.20000076293945,39.38999938964844,38.88999938964844,38.900001525878906,33.179473876953125,30.524142011657844,-0.10983987290620012,-2.1045093964304784,5.7401983297155175,0.037920250226977426,-1.188726199771464,-0.5139280591385358
2019-05-23,37.97999954223633,38.18000030517578,37.40999984741211,38.06999969482422,32.471527099609375,27.54631868421066,-0.11976925137922934,-2.522808880125418,9.939757651800836,0.016131106698500566,-1.0208710271998291,-0.5258157416979315
2019-05-24,38.41999816894531,38.7400016784668,38.20000076293945,38.20000076293945,32.582420349121094,28.719367780770142,-0.10810192463301149,-2.802616746814832,11.897605243141014,0.09089720860348686,-1.0065251984703703,-0.49525955376163777
2019-05-28,38.130001068115234,38.20000076293945,37.650001525878906,37.650001525878906,32.113304138183594,26.74656461798787,-0.08148302841067612,-3.1045447009771276,3.6419070244262177,0.0894635554977287,-1.0672129395723293,-0.4755882279906668
2019-05-29,37.459999084472656,37.75,37.18000030517578,37.689998626708984,32.14741516113281,27.138492372828722,-0.10197773180232594,-3.303460279529137,8.333307361806023,0.13905695597704734,-1.0142343872953317,-0.4305717781430618
2019-05-30,37.95000076293945,38.369998931884766,37.84000015258789,38.040000915527344,32.44594955444336,30.63628976986945,-0.09363832001223327,-3.355263183976271,14.551618148148387,0.20630733438536292,-0.9767300622140777,-0.3541730902946826
2019-05-31,38.27000045776367,38.970001220703125,38.25,38.349998474121094,32.71036148071289,33.67336675772104,-0.0765714006333934,-3.297214697271289,22.71840431631016,0.2607484345688035,-0.9435124797164475,-0.26347995311787953
2019-06-03,38.959999084472656,39.09000015258789,38.65999984741211,38.81999969482422,33.11125183105469,38.09876201934055,-0.035527917459058145,-3.1198507886766875,31.844638907530282,0.327783405548173,-0.9742487782694379,-0.15927135785015556
2019-06-04,38.63999938964844,39.099998474121094,38.41999816894531,39.060001373291016,33.315948486328125,40.28947183121473,0.010346548106179299,-2.896880098604855,36.504864293110884,0.3728999690899783,-0.9444530450672961,-0.06421193368264277
2019-06-05,39.2400016784668,39.2599983215332,38.099998474121094,38.22999954223633,32.608001708984375,35.597269304880214,-0.02722619800198811,-2.858591176286712,23.542588623304557,0.2951308527988899,-1.0523810558321804,-0.03796662458752287
2019-06-06,38.18000030517578,38.59000015258789,37.91999816894531,38.439998626708984,32.78712844848633,37.5781853060351,-0.011824944238773005,-2.754189444556747,33.421702083310144,0.3385986696956688,-1.0997896443417492,0.0004690009569991993
2019-06-07,38.7400016784668,39.0,38.560001373291016,38.81999969482422,33.11125183105469,41.10800613416158,0.0197010978104879,-2.5637515729364533,74.2081479205576,0.4113133729199864,-1.0704515362386566,0.05378269975727401
2019-06-10,39.4900016784668,40.130001068115234,39.45000076293945,39.619998931884766,33.79359817504883,47.80014245147774,0.03717273956170075,-2.221781770453461,82.71179646332396,0.5707174642845718,-1.0395536168504385,0.13636526532243054
2019-06-11,40.470001220703125,40.599998474121094,39.939998626708984,39.959999084472656,34.08360290527344,50.38087228339011,0.061354594924634576,-1.859176345800637,81.286557535035,0.6467147799008294,-0.9832420354329715,0.20761474576274164
2019-06-12,40.0,40.189998626708984,39.45000076293945,39.459999084472656,33.657127380371094,46.72261629633771,0.04696216512808693,-1.6555267244125493,66.66666666666666,0.5876987850729815,-1.0660527924316427,0.22182856045085508
2019-06-13,39.619998931884766,39.619998931884766,39.029998779296875,39.45000076293945,33.64859390258789,46.6496246437911,0.03706608574135051,-1.4790711117218849,66.3743179273021,0.6381498095436584,-1.173795320066851,0.22571490605452826
2019-06-14,38.630001068115234,38.70000076293945,37.83000183105469,37.84000015258789,32.275367736816406,36.710699969667125,-0.013298347196590066,-1.651719618263426,19.298251484609587,0.20222305839694282,-1.6829633880174004,0.1353185163491908
2019-06-17,37.91999816894531,38.04999923706055,37.65999984741211,37.65999984741211,32.121829986572266,35.792492185084186,-0.02988174079103989,-1.8068649028062065,14.035081848723749,0.16221990623339302,-1.8609979610320653,0.06809550982711987
2019-06-18,38.27000045776367,39.41999816894531,38.220001220703125,39.209999084472656,33.44389343261719,47.880852957597924,0.0038403513062690298,-1.5909474276011848,52.72108711137753,0.6994060036990041,-1.4744294949873507,0.11293528965644217
2019-06-19,39.939998626708984,39.959999084472656,39.29999923706055,39.400001525878906,33.60594940185547,49.14475884305954,0.030604380537557763,-1.3646982552772735,59.183758205171124,0.7620555707449876,-1.4270446832907242,0.1513769080505889
2019-06-20,40.45000076293945,40.720001220703125,40.13999938964844,40.5099983215332,34.55271911621094,55.87682264448222,0.053850115922735586,-0.9455908818306041,93.13716323780388,1.0360025067783392,-1.1241696354486574,0.23352668903730955
2019-06-21,40.52000045776367,40.70000076293945,40.41999816894531,40.52000045776367,34.56125259399414,55.93344500797033,0.04379178323845534,-0.605403037813777,93.46403028818403,0.9605103224091193,-1.1217590491276843,0.27835717301480634
2019-06-24,39.560001373291016,40.06999969482422,39.439998626708984,39.97999954223633,35.20942306518555,60.11971584069799,0.041896245638088914,-0.17978756716875494,75.81694946525698,1.0458039562849857,-0.9386600933199708,0.337632262880381
2019-06-25,39.52000045776367,39.52000045776367,38.90999984741211,38.91999816894531,34.27590560913086,52.39897618553482,0.005642088496098152,-0.06530951940408207,41.17639725690977,0.7580400519795767,-1.202365521180185,0.30114449309135505
2019-06-26,39.380001068115234,39.380001068115234,38.97999954223633,39.08000183105469,34.41681671142578,53.37237922270837,0.022571425138847134,0.058075956435007986,46.405272756965246,0.7722512713596005,-1.4418632942763365,0.2744283186090612
2019-06-27,39.58000183105469,39.7599983215332,39.290000915527344,39.59000015258789,34.86595916748047,56.43068375472632,0.036178785610383235,0.25899598650266836,63.071877092005224,0.8615147466647138,-1.2950847797387313,0.27428242403356645
2019-06-28,39.72999954223633,39.72999954223633,39.119998931884766,39.16999816894531,34.49607467651367,53.32852688376661,0.06880500813517032,0.32653197951432517,49.34632823086637,0.7309946233704949,-1.4159620101201633,0.23790438269789543
2019-07-01,41.540000915527344,41.900001525878906,41.150001525878906,41.380001068115234,36.44236755371094,64.41400270637189,0.1345047143623126,0.8273608736177573,87.7358431152389,1.1154771872378924,-0.6691773140763181,0.3279945271572476
2019-07-02,41.189998626708984,41.310001373291016,40.7400016784668,40.79999923706055,35.931575775146484,60.361850375990144,0.07438375401899555,1.088681251153326,74.05656006211476,0.9266516302805978,-0.7896470254819885,0.33507683773075
2019-07-03,40.349998474121094,40.369998931884766,40.0099983215332,40.33000183105469,35.51766586303711,57.220586687882225,0.056886250655251214,1.1843759517194323,62.97171996894262,0.803603455042477,-0.8872672491275241,0.2951792462215369
2019-07-05,39.869998931884766,40.099998474121094,39.63999938964844,39.93000030517578,35.16538619995117,54.61548847619508,0.017731371058806067,1.1646204041745358,53.537725451668074,0.7042522308385545,-0.9703520424366917,0.23118738521580462
2019-07-08,39.56999969482422,39.689998626708984,39.2400016784668,39.31999969482422,34.628170013427734,50.816054213153485,0.0019361977477987402,1.0128371546903185,29.891260404896908,0.5680385027969603,-1.0970539230637053,0.14311912227303214
2019-07-09,39.650001525878906,40.0099983215332,39.41999816894531,39.66999816894531,34.93641662597656,52.84318372151073,-0.007753789055377269,0.9529915265577229,25.4179897960095,0.6262364790230143,-1.024354279071986,0.0982061841547569
2019-07-10,40.83000183105469,41.13999938964844,40.54999923706055,40.709999084472656,35.852325439453125,58.33781752947507,0.04599206942331868,1.104351717412545,60.20060958572921,0.8053068405875534,-0.8083381349916471,0.12125232830491822
2019-07-11,41.13999938964844,41.189998626708984,40.83000183105469,40.900001525878906,36.01964569091797,59.27144628543857,0.0465710990336905,1.2472956029615443,66.55520272106413,0.8073286698106703,-0.7688758271546966,0.1376362599051949
2019-07-12,41.11000061035156,41.27000045776367,40.81999969482422,41.22999954223633,36.31025695800781,60.909948628900786,0.041424295358965635,1.4096305737596775,77.59191948058907,0.8306661771793321,-0.7003354611058487,0.1565400166896624
2019-07-15,41.75,41.93000030517578,41.65999984741211,41.81999969482422,36.829864501953125,63.72029295351636,0.0676537793741614,1.636055315918282,96.3575962358291,0.9126447446984116,-0.5764110670877419,0.1902894059638766
2019-07-16,41.79999923706055,41.95000076293945,41.56999969482422,41.77000045776367,36.78583908081055,63.30500997744911,0.00942506072343896,1.782669769683884,93.939386155095,0.9025850612976782,-0.7664939184718299,0.1951711041906854
2019-07-17,41.68000030517578,41.90999984741211,41.52000045776367,41.630001068115234,36.66252899169922,62.084533089548344,0.020342921254745683,1.848101989175987,88.69259760496476,0.8441056486850664,-1.1212994009421284,0.17619858952958273
2019-07-18,42.52000045776367,43.22999954223633,42.310001373291016,43.189998626708984,38.03639602661133,69.20758359821156,0.07091485609687642,2.1809040851523545,99.02674185919592,1.0945664874382908,-0.5842231209524021,0.23841404108193764
2019-07-19,43.08000183105469,44.02000045776367,43.06999969482422,43.83000183105469,38.600032806396484,71.56753687785331,0.09767123235660868,2.5353776137054473,96.02513231735735,1.0850794728842956,-0.442658904890875,0.2960047043456592
2019-07-22,44.20000076293945,44.880001068115234,44.130001068115234,44.599998474121094,39.278141021728516,74.13581900389666,0.13428289760901801,2.9251312753442633,95.03541446284457,1.082521835786662,-0.3203348242811502,0.3543082871684107
2019-07-23,44.540000915527344,44.58000183105469,44.2400016784668,44.41999816894531,39.119625091552734,72.48746774458397,0.11973776562035265,3.1561077532791644,91.84391934484597,0.9700375510906845,-0.34688690095846647,0.3558034052901371
2019-07-24,44.5,44.630001068115234,44.2400016784668,44.540000915527344,39.22529983520508,72.91974011272019,0.09407965465024537,3.3186247624615453,93.97162784783416,0.9281061879320357,-0.3404236899104521,0.3376627854114458
2019-07-25,44.209999084472656,44.2400016784668,43.619998931884766,43.619998931884766,38.41508865356445,64.54619662554472,0.0665037902704988,3.2327676662150813,77.65953417400974,0.7750666973445616,-0.5043802112652739,0.24894652476576173
2019-07-26,43.72999954223633,43.88999938964844,43.380001068115234,43.459999084472656,38.27417755126953,63.1871798931861,0.05408721275459327,3.0977159471251428,73.99265147169685,0.729155028756163,-0.5288439352296436,0.16279124071457862
2019-07-29,43.52000045776367,43.95000076293945,43.400001525878906,43.939998626708984,38.696895599365234,65.53175212164919,0.05069340120198107,3.0449223836868646,78.2909458683234,0.7709810871227585,-0.47829541451695384,0.11835599100388894
2019-07-30,43.400001525878906,43.400001525878906,42.77000045776367,43.11000061035156,37.9659309387207,58.58357798500441,0.032080058179935644,2.8139933546676006,56.403944358055256,0.6386493359358489,-0.6078990917772975,0.028504327278950026
2019-07-31,43.029998779296875,43.16999816894531,42.04999923706055,42.630001068115234,37.54323196411133,54.95492819093548,0.024021882740590694,2.511938963253507,44.58129953349839,0.5577455520924612,-0.6828457265916894,-0.06549546341245971
2019-08-01,42.75,43.38999938964844,41.599998474121094,41.869998931884766,36.873897552490234,49.70486310229146,-0.03056279236623205,2.105371644714283,10.41661936140163,0.43400591904623675,-0.8015220535518623,-0.17275801536379087
2019-08-02,41.150001525878906,41.779998779296875,41.0099983215332,41.650001525878906,36.68014907836914,48.2674158664525,-0.04973787814266306,1.721625150622797,16.537538763013828,0.38186808413990725,-0.8358746236029685,-0.2519659949760643
2019-08-05,40.40999984741211,40.52000045776367,39.779998779296875,39.869998931884766,35.112548828125,38.552709959801675,-0.10605370023237926,1.0658110125714082,1.764708082292707,0.08152520372118013,-1.1709097167833318,-0.39653942829122857
2019-08-06,41.18000030517578,41.5099983215332,40.88999938964844,41.2599983215332,36.3366813659668,47.447694262321846,-0.07113932505930054,0.8009597611062615,29.0195858437396,0.2799030926345195,-1.0571599741199085,-0.3954382252698577
2019-08-07,41.04999923706055,41.45000076293945,40.79999923706055,41.2599983215332,36.3366813659668,47.44769426232184,-0.073641718007869,0.5840495070647597,29.0195858437396,0.26985213187934903,-1.0571599741199085,-0.38030870432541053
2019-08-08,41.849998474121094,42.18000030517578,41.75,41.900001525878906,36.90032196044922,51.2185534529469,-0.039431555313479194,0.5291132484242631,41.56866265001664,0.37263706181061845,-0.9466422600949186,-0.3203425935303378
2019-08-09,41.59000015258789,41.709999084472656,41.0,41.40999984741211,36.46879577636719,48.35764939210395,-0.047169707892063095,0.3867427356357119,33.608253585223835,0.27767555369140157,-1.0312551993926407,-0.29819639281080007
2019-08-12,41.04999923706055,41.27000045776367,40.849998474121094,40.959999084472656,36.07249069213867,45.82604667547792,-0.06781952057336638,0.184728769291977,24.329891717706243,0.2096028010491275,-1.1089620437792413,-0.29798854126189434
2019-08-13,40.630001068115234,41.9900016784668,40.54999923706055,41.84000015258789,36.847469329833984,51.205587804383974,-0.02945961237436756,0.19242180550614338,46.188341574271504,0.3698966073622635,-0.9570055163489624,-0.23611435091507382
2019-08-14,40.849998474121094,41.09000015258789,40.25,40.43000030517578,35.60572052001953,43.71502958162599,-0.051607476041058975,-0.07381523876822638,15.587559152936356,0.14012244041874655,-1.2004855658652065,-0.26699712327575204
2019-08-15,40.380001068115234,40.9900016784668,40.34000015258789,40.86000061035156,35.98440933227539,46.29517134902769,-0.024122435632106698,-0.19964123754799024,25.899312165585226,0.24182644924033928,-1.126232890903447,-0.25037815304729194
2019-08-16,41.18000030517578,41.72999954223633,41.150001525878906,41.540000915527344,36.583282470703125,50.184317419714056,-0.0026408455281644594,-0.16521990326311675,48.618806654007216,0.3747754709438756,-1.0088068380287747,-0.1902348929439244
2019-08-19,42.15999984741211,42.209999084472656,41.650001525878906,41.779998779296875,36.79462814331055,51.518634282027676,0.04790536065664952,-0.09022763656082493,55.40165268296806,0.4363995406945095,-0.9975400468303024,-0.13026177396148245
2019-08-20,42.0,42.220001220703125,41.720001220703125,41.939998626708984,36.93553924560547,52.433444750672585,0.016480808294165428,0.00022115092656520058,59.83378067079486,0.48895393930569864,-0.9684862250166939,-0.07773726293262657
2019-08-21,42.40999984741211,42.63999938964844,42.290000915527344,42.58000183105469,37.49917984008789,56.009139776647416,0.03199242281960002,0.193499105529102,97.902183713647,0.6607508886166689,-0.8933940485629469,-0.005480029161245764
2019-08-22,42.38999938964844,42.4900016784668,41.72999954223633,42.130001068115234,37.102867126464844,52.992696178808124,0.005488980996770643,0.25630267009305874,82.16789466102554,0.5782816391504936,-1.0239976928868277,0.014107961942695035
2019-08-23,41.939998626708984,42.150001525878906,40.86000061035156,40.95000076293945,36.063682556152344,45.99736012700395,-0.011108489095693397,0.07698586419266705,29.288742330700817,0.298527942572041,-1.2732025072703337,-0.04140167767287464
2019-08-26,41.369998931884766,41.54999923706055,41.130001068115234,41.34000015258789,36.407142639160156,48.420816966260055,0.009277206552704698,0.010098543446726322,45.60671259201563,0.4259416512115602,-1.3137275085830615,-0.052739635843580795
2019-08-27,41.54999923706055,41.68000030517578,41.27000045776367,41.349998474121094,36.41594696044922,48.48463763542178,-0.011711044943739979,-0.040553673546628345,46.02505251195485,0.45238759765151604,-1.3138701523765253,-0.057034029927713115
2019-08-28,41.31999969482422,41.77000045776367,41.04999923706055,41.650001525878906,36.68014907836914,50.465348579339874,0.030175728581184114,-0.022231665773552296,58.577484661401634,0.5901489756920568,-1.2406839825010048,-0.04025965244869072
2019-08-29,42.34000015258789,42.56999969482422,42.22999954223633,42.279998779296875,37.2349739074707,54.428007024058786,0.03475295547156998,0.1130669840774705,84.93720910930787,0.8265374454694856,-1.271868646396312,0.007479504661983112
2019-08-30,42.709999084472656,42.88999938964844,42.36000061035156,42.630001068115234,37.54323196411133,56.509683932999636,0.026240113750781058,0.28431285713400845,90.15157645290871,0.9112628382091719,-1.1012174843119074,0.05637185755974468
2019-09-03,42.150001525878906,42.15999984741211,41.58000183105469,41.720001220703125,36.74180603027344,50.101961759066796,-0.001435593066231644,0.2413739785696896,55.681877293876255,0.5565655034142345,-1.710861659393694,0.03247807059162696
2019-09-04,42.61000061035156,43.150001525878906,42.38999938964844,43.150001525878906,38.001163482666016,58.13534707543737,0.02885091862270106,0.47721957872019,100.0,1.051841111533812,-1.1574604600259406,0.09565625030387889
2019-09-05,43.7599983215332,44.5099983215332,43.7599983215332,44.2400016784668,38.96110534667969,63.02227480190198,0.03898553282567918,0.8612609122445993,92.60282705823948,1.1940053509936892,-0.6845575495664594,0.19077152398492386
2019-09-06,44.0,44.040000915527344,43.689998626708984,43.709999084472656,38.494346618652344,59.39192855736057,0.03750328748030851,1.0501015403388545,78.08219893919996,0.9634771892821613,-0.7941253692691099,0.2094347439807643
2019-09-09,43.90999984741211,44.08000183105469,43.540000915527344,43.849998474121094,38.61764144897461,60.046631772577626,0.07081802832657669,1.2109571696754091,81.91780106080004,0.9312477213572322,-0.765182909433142,0.2163794364927919
2019-09-10,43.599998474121094,44.099998474121094,43.36000061035156,44.099998474121094,38.83781051635742,61.24812398463492,0.06676348927704079,1.368438760807987,88.76712042432001,0.9280331812707263,-0.7135000094024274,0.2213042457350169
2019-09-11,43.90999984741211,44.27000045776367,43.84000015258789,44.220001220703125,38.94350051879883,61.841353583063686,0.0694078767495665,1.4970863429340886,92.05486896767957,0.8982124280054357,-0.6886901398991532,0.21689468101516002
2019-09-12,44.290000915527344,44.459999084472656,43.93000030517578,44.06999969482422,38.8113899230957,60.592708893282676,0.05810338557166306,1.5519232138438859,87.94523554463981,0.8360374967963762,-0.7485733574839457,0.19119544272248656
2019-09-13,44.43000030517578,44.83000183105469,44.189998626708984,44.7400016784668,39.40144348144531,64.08107226308984,0.05818372746435396,1.699489533330295,97.61904521624172,0.9256759155239453,-0.7493946298303462,0.1991505021368467
2019-09-16,44.529998779296875,44.7400016784668,44.4900016784668,44.599998474121094,39.278141021728516,62.82944970688653,0.04621096711321071,1.7685371070039004,93.91525928318053,0.8530974284261974,-0.7804531743652415,0.18180378718061652
2019-09-17,44.279998779296875,45.150001525878906,44.209999084472656,45.130001068115234,39.74490737915039,65.57090815517263,0.08173526762409411,1.8979038097847092,99.51218422930597,0.9028929567529735,-0.6419284366502526,0.18675019948316018
2019-09-18,45.16999816894531,45.20000076293945,44.61000061035156,45.040000915527344,39.665645599365234,64.6982896195257,0.043800819873803576,1.9596524255014574,95.58011340824334,0.8435120629528176,-0.6571969974641937,0.17013833137983414
2019-09-19,44.79999923706055,45.220001220703125,44.7599983215332,44.900001525878906,39.827083587646484,65.69953347200274,0.02222673697938604,2.017614277069951,91.2087981186413,0.8365319096895754,-0.6189075408505024,0.15585808955397817
2019-09-20,44.77000045776367,44.900001525878906,43.869998931884766,43.869998931884766,38.913455963134766,56.016560441353285,0.010887555739921062,1.8519549674586737,62.91201881358703,0.6378574717528349,-0.8284551318170205,0.07482445180913067
2019-09-23,44.18000030517578,44.290000915527344,43.849998474121094,44.06999969482422,39.090858459472656,57.3315681720648,0.012253907611714299,1.7374131986187065,59.363929971369565,0.6552731623448826,-0.8518177087859661,0.025655449328987223
2019-09-24,44.400001525878906,44.54999923706055,44.060001373291016,44.119998931884766,39.13520050048828,57.67221573655311,0.00765722836012106,1.6368592282589256,40.860111405530894,0.6464841161328052,-0.8411841308669236,-0.009513978093638964
2019-09-25,44.20000076293945,45.099998474121094,44.0,45.0099983215332,39.92464828491211,63.29123806869073,0.02519413388736491,1.7005743514495848,88.70952525492835,0.8156017425701687,-0.6518682054739505,0.013507488535149381
2019-09-26,45.099998474121094,46.5099983215332,45.099998474121094,46.459999084472656,41.2108268737793,70.2260440273279,0.06182301008642166,1.991042590246603,98.41272147966765,1.0674824393155868,-0.45688341178100106,0.10346447007575144
2019-09-27,46.0,46.47999954223633,45.189998626708984,45.5099983215332,40.3681640625,61.96645458199245,0.024535156472374586,2.0226725220130533,68.25394518699902,0.8306839910758688,-0.627809052987189,0.0945661407357491
2019-09-30,46.56999969482422,46.7400016784668,46.119998931884766,46.47999954223633,41.22857666015625,66.32201436837684,0.049657025197520355,2.1960913016264945,91.03441381287999,0.9827310113481952,-0.4501056552888641,0.13264444134928677
2019-10-01,46.959999084472656,47.849998474121094,46.959999084472656,47.189998626708984,41.85834503173828,69.11037282183311,0.053175055420976225,2.4298032694671643,83.50000381469727,1.0879396151014327,-0.4793726093511806,0.1831491568954403
2019-10-02,46.709999084472656,46.939998626708984,46.33000183105469,46.43000030517578,41.18421173095703,63.08887039206554,0.038284165268095416,2.4482414796772938,64.50004577636719,0.878973113322219,-0.8665857270782464,0.15516557538367215
2019-10-03,46.45000076293945,47.13999938964844,46.2400016784668,47.130001068115234,41.805137634277344,66.0251527963886,0.04966605305853755,2.5559344771160073,82.00006484985352,0.9571297482432533,-0.7282948142182076,0.16174799460877876
2019-10-04,47.029998779296875,47.45000076293945,46.779998779296875,47.41999816894531,42.062374114990234,67.18962504938094,0.08092106120922904,2.6593040636759135,89.24999237060547,0.9494327352521168,-0.671003811300685,0.1660721864443624
2019-10-07,47.72999954223633,48.150001525878906,47.43000030517578,47.95000076293945,42.53247833251953,69.26300685949423,0.0880415526462528,2.79915983869591,95.34882276751655,0.9746937216787724,-0.5547603590115233,0.18196049337984332
2019-10-08,48.2599983215332,48.400001525878906,47.599998474121094,47.86000061035156,42.45265197753906,68.47175204368315,0.08476899146100947,2.8583791761057644,88.13185597054218,0.90388448613623,-0.6862429292181466,0.16875406315134245
2019-10-09,48.20000076293945,49.060001373291016,48.16999816894531,48.68000030517578,43.18000411987305,71.64975928463825,0.081537495627511,3.010018674146814,92.7063175305377,0.9685203912449508,-0.5105976931711098,0.18913153955944795
2019-10-10,48.90999984741211,49.38999938964844,48.4900016784668,48.93000030517578,43.40175247192383,72.55793967789944,0.05316383495179333,3.1333721111064863,91.69676880046383,0.9448273989435996,-0.4629108173503974,0.19679301528422588
2019-10-11,49.45000076293945,49.790000915527344,49.33000183105469,49.41999816894531,43.836395263671875,74.29602999675012,0.08591500955560383,3.2734158578276498,93.60962542182375,0.9482864232729995,-0.3842901018279711,0.20922061560537264
2019-10-14,49.41999816894531,50.130001068115234,49.29999923706055,49.90999984741211,44.271034240722656,75.93730290817707,0.07379487304752552,3.4238453207275645,96.41107369707575,0.9490896913020869,-0.3149561158136755,0.22350695559486367
2019-10-15,50.20000076293945,50.63999938964844,50.11000061035156,50.38999938964844,44.696807861328125,77.45591866825542,0.06781115754666445,3.5779711133816714,95.48736536668599,0.9431449076555382,-0.257285821350841,0.23713422014953345
2019-10-16,50.34000015258789,51.130001068115234,50.06999969482422,50.130001068115234,44.4661750793457,74.70559566061293,0.07968984255006895,3.6106450180379674,83.16499008436,0.865443835336059,-0.29736038658379826,0.20720322528097057
2019-10-17,51.13999938964844,51.209999084472656,49.2599983215332,49.75,44.129119873046875,70.75165298169578,0.05559082855079578,3.52994676807369,71.31632532996382,0.7886549774250364,-0.34407590003006155,0.14427590091826792
2019-10-18,49.650001525878906,50.09000015258789,49.130001068115234,49.279998779296875,43.71220397949219,66.09195338855044,0.039223412829519466,3.3480992101129265,61.1669756035783,0.7129297213969988,-0.4007220765219916,0.05854051434558971
2019-10-21,49.529998779296875,50.11000061035156,49.33000183105469,50.0,44.35087585449219,69.41505109754671,0.04275315225593945,3.284392665505992,75.65392925536611,0.7838029100127951,-0.33333482676192977,0.030235586550374727
2019-10-22,50.29999923706055,50.83000183105469,50.18000030517578,50.63999938964844,44.9185676574707,72.03821124143293,0.058086257632062877,3.299497723519005,88.53118727717205,0.8513987250988105,-0.25459808958243585,0.03481205339889959
2019-10-23,50.099998474121094,50.400001525878906,49.91999816894531,50.16999816894531,44.501670837402344,67.46228776530265,0.03060830457218544,3.1955232251924808,76.52368298231806,0.7647823087354335,-0.47992595367422136,-0.003155454018550108
2019-10-24,50.4900016784668,51.04999923706055,50.22999954223633,50.95000076293945,45.19354248046875,70.77958127879234,0.04128381704642026,3.2023056051110768,93.12173530432817,0.8487025525617851,-0.38141132001822425,0.0049678241349369046
2019-10-25,50.79999923706055,51.22999954223633,50.689998626708984,51.130001068115234,45.35320281982422,71.50164070759739,0.03460155761049433,3.1979222211629423,97.2452219091766,0.8553578931957098,-0.5320579296423598,0.007578273357216725
2019-10-28,51.400001525878906,51.47999954223633,51.04999923706055,51.310001373291016,45.51286315917969,72.24036924597544,0.028050596507518177,3.1848346280529287,94.8641057880804,0.8539029693426302,-0.5207669495658954,0.006579271726973035
2019-10-29,51.5,51.84000015258789,51.439998626708984,51.470001220703125,45.6547966003418,72.91257935463497,0.02143304600153617,3.1618842587459306,88.95525073390253,0.8450809504638562,-0.4865009352822805,0.0022240208247263915
2019-10-30,51.790000915527344,52.060001373291016,51.56999969482422,51.90999984741211,46.045066833496094,74.7249567636876,0.03550770335728237,3.1757499452576656,94.8804945305319,0.8961087971142715,-0.41549396137323824,0.011836652260722946
2019-10-31,51.88999938964844,51.93000030517578,51.349998474121094,51.630001068115234,45.796714782714844,71.4488125593619,0.037788990908166786,3.1042562839055714,85.32422319491928,0.8234846736373178,-0.568227938164365,-0.011082188627986156
2019-11-01,51.88999938964844,52.099998474121094,51.70000076293945,52.099998474121094,46.21360397338867,73.54550343790446,0.0572242935878966,3.085440305015272,100.0,0.8862831536733851,-0.6424704087200577,-0.010710282165097063
2019-11-04,53.54999923706055,53.790000915527344,53.119998931884766,53.4900016784668,47.44655227661133,78.56015524333748,0.06979966826981143,3.250681882937504,93.56224792094899,1.0686976804204058,-0.4067893597720303,0.05634371456919407
2019-11-05,53.630001068115234,53.970001220703125,53.4900016784668,53.54999923706055,47.499786376953125,78.74747413102602,0.05746440401140274,3.3482733507811444,91.32227333881367,1.017500012409693,-0.49755369643970493,0.08626264920550764
2019-11-06,53.70000076293945,53.75,53.099998474121094,53.63999938964844,47.57961654663086,79.04317139914896,0.0691647223870433,3.3970758564489105,93.18178056506383,0.9692034354567091,-0.5481286875700031,0.09283833533725594
2019-11-07,53.900001525878906,54.369998931884766,53.52000045776367,53.66999816894531,47.606224060058594,79.14731215413376,0.053385538003190014,3.3983943615679837,86.11108798407514,0.9225450695631588,-0.6727972574936257,0.0808300742778445
2019-11-08,53.529998779296875,53.529998779296875,52.529998779296875,52.83000183105469,46.86112976074219,68.83210724048463,0.03324852154121394,3.230377010099427,65.39332951006436,0.7518518229109586,-0.8149908840346112,0.00837081309464005
2019-11-11,52.38999938964844,52.75,52.15999984741211,52.599998474121094,46.65711975097656,66.28480435764627,0.025141388881531723,3.026272630258142,60.2247156336554,0.6905887367162568,-0.8539241078773524,-0.06366787311991673
2019-11-12,52.689998626708984,52.689998626708984,52.029998779296875,52.150001525878906,46.2579460144043,61.48981267824747,0.01321108533989146,2.762980697471471,46.37686634551948,0.5959741032271909,-0.9301023329358469,-0.14397634526758796
2019-11-13,52.58000183105469,52.939998626708984,52.150001525878906,52.880001068115234,46.905487060546875,65.8105337109869,0.018686480142642736,2.6366304905587405,59.51093097264406,0.7061696100073203,-0.8065257470330519,-0.1581312128817549
2019-11-14,52.5,52.72999954223633,52.130001068115234,52.47999954223633,46.550682067871094,61.72411758837015,0.016463348708165793,2.446245614696764,43.07230230789206,0.6141046869079367,-0.8742366511021125,-0.19368723074593897
2019-11-15,53.0099983215332,53.38999938964844,52.880001068115234,53.290000915527344,47.26915740966797,66.28896339168108,0.022840751326971054,2.3923598822726437,64.23848170019262,0.7573174264002765,-0.7908979378673261,-0.17185747382241834
2019-11-18,53.38999938964844,53.959999084472656,53.38999938964844,53.41999816894531,47.38446807861328,66.96981768206547,-0.0013085081005695942,2.341872832701368,68.54302586288566,0.7657129784151264,-0.9517819450837994,-0.1533046393117654
2019-11-19,54.04999923706055,54.13999938964844,53.68000030517578,53.7599983215332,47.68605422973633,68.74765209391029,0.003921446115673133,2.3263306074935217,79.80130735465943,0.8144047481556705,-0.8840097879114411,-0.12554120814469538
2019-11-20,53.54999923706055,53.779998779296875,53.209999084472656,53.5,47.4554328918457,65.82972038469241,-0.0026100179824578573,2.247525263148037,67.41574799549666,0.7406016916837332,-1.0521852800577918,-0.12713826317834043
2019-11-21,53.5,53.5099983215332,52.939998626708984,52.97999954223633,46.99418640136719,60.315728745221534,-0.012856252953800329,2.0813487919763727,40.59832055518513,0.5836370975331002,-1.3862967170800984,-0.16148236652812398
2019-11-22,52.91999816894531,53.15999984741211,52.7400016784668,52.790000915527344,46.82564926147461,58.39113856870744,-0.0007571413546521022,1.898738240443246,32.47872165264412,0.5055592318504691,-1.6543946879186686,-0.19550323278835258
2019-11-25,53.09000015258789,53.939998626708984,52.79999923706055,53.7599983215332,47.68605422973633,64.60110635623049,0.022053107526814886,1.8802436314559305,73.93159954810513,0.7936652177600501,-1.5952263870906618,-0.1614277973170246
2019-11-26,53.5,53.790000915527344,53.380001068115234,53.630001068115234,47.570743560791016,63.23891171244837,0.028379935978521953,1.8242321138837447,68.37616173011182,0.733270722112735,-1.633408722013452,-0.14835717571268114
2019-11-27,54.029998779296875,54.060001373291016,53.540000915527344,53.88999938964844,47.801368713378906,64.83596630735113,0.019099719648483893,1.7982107666458285,88.1516621950955,0.804067083184065,-1.557042789023273,-0.12672219611787816
2019-11-29,53.060001373291016,53.15999984741211,52.79999923706055,53.09000015258789,47.09175491333008,56.67694773299838,0.011623306500001318,1.6370048627623626,50.23701737765853,0.46121041485616887,-2.1079359587612374,-0.16056841210371697
2019-12-02,53.54999923706055,53.59000015258789,52.779998779296875,52.97999954223633,46.99418640136719,55.64017695324293,-0.0058171336949733865,1.4755719913885825,45.023719816894584,0.3778472041458968,-2.5340564314324507,-0.18798962373284878
2019-12-03,52.41999816894531,52.93000030517578,52.18000030517578,52.779998779296875,46.816776275634766,53.716049801299654,-0.011980546073381837,1.3022755997419442,32.33822159044541,0.2958675566404008,-2.6098727195366282,-0.21461314076654103
2019-12-04,53.27000045776367,53.56999969482422,53.11000061035156,53.18000030517578,47.17159652709961,56.92446541076596,-0.010788430935346982,1.2118337968917767,52.23881163540574,0.5077121648837513,-2.4582401433282737,-0.20488618348043963
2019-12-05,53.619998931884766,54.540000915527344,53.4900016784668,54.400001525878906,48.253746032714844,64.91304299023946,0.016822376116314208,1.310072605015323,94.06782400672421,1.0430555459595239,-1.8864818855227041,-0.1260019254078769
2019-12-06,54.5,55.029998779296875,54.5,54.939998626708984,48.73273849487305,67.76288658280006,0.0369950461245836,1.4517816686703446,96.8420982184685,1.1259560232211818,-1.4810867614746097,-0.04611134371316994
2019-12-09,55.04999923706055,55.189998626708984,54.31999969482422,54.459999084472656,48.30695724487305,62.874219483488744,0.03163454232373386,1.473662847335411,75.74750998982324,0.8913203486742298,-1.5601777576580655,-0.02741346168707981
2019-12-10,54.68000030517578,55.060001373291016,54.33000183105469,54.52000045776367,48.36018753051758,63.23135507919064,0.014136906726094134,1.482389537133417,77.74091220741826,0.8668017981499017,-1.5433327297419648,-0.017418274215371232
2019-12-11,55.040000915527344,56.20000076293945,55.029998779296875,55.900001525878906,49.584266662597656,70.30543410689862,0.04232692094109369,1.675725924091445,92.53733326121468,1.1636966989752036,-1.0074876158234036,0.061358806498744034
2019-12-12,57.25,58.619998931884766,57.02000045776367,58.61000061035156,51.988094329833984,78.89338271134432,0.08758589406841133,2.2022003393781926,99.84474652693656,1.3468648602254185,-0.40386545223280407,0.25426636690086646
2019-12-13,59.04999923706055,59.52000045776367,58.25,58.25,51.66876983642578,75.75894280891474,0.09719355185466028,2.529726055777532,82.69754180705428,1.1140883335332212,-0.45164992617469585,0.3342314342203806
2019-12-16,58.290000915527344,58.70000076293945,58.290000915527344,58.540000915527344,51.925994873046875,76.56658795621793,0.10494507617512894,2.793809098445371,86.64850787651814,1.0377903657373888,-0.4166056439848102,0.37524669700549895
2019-12-17,59.709999084472656,59.709999084472656,58.779998779296875,59.22999954223633,52.538047790527344,78.40984229371995,0.12220558462224029,3.062014375302576,93.62550305378471,1.0195353179320317,-0.3344505254455036,0.41148791232859994
2019-12-18,59.599998474121094,59.63999938964844,58.720001220703125,59.099998474121094,52.42273712158203,77.17813024163368,0.11131996754584494,3.2136452868717935,91.89906096626854,0.9345678206149567,-0.349764029779973,0.3954805137787989
2019-12-19,58.5,58.5,57.880001068115234,57.959999084472656,51.77067565917969,70.43968446672281,0.07288407461838209,3.1891227054168505,76.75962438650743,0.8187443125727025,-0.4363591915474801,0.31240826878118266
2019-12-20,57.779998779296875,58.29999923706055,57.31999969482422,57.93000030517578,51.74388122558594,70.1685723945752,0.0617889087236434,3.1276408064309367,76.36123415861849,0.7846287895214971,-0.43991754983930603,0.2308469010477432
2019-12-23,58.029998779296875,58.34000015258789,57.95000076293945,58.220001220703125,52.00291442871094,71.31788498890577,0.0765098320124511,3.0831458738567528,77.42426957200243,0.7842874161438982,-0.405517384485071,0.17222280883018648
2019-12-24,57.9900016784668,58.09000015258789,57.54999923706055,57.7599983215332,51.59203338623047,66.91409035185833,0.06682864605670602,2.9475015833262894,68.64949234453722,0.7146536903431409,-0.46008326882626815,0.0879036355917504
2019-12-26,57.79999923706055,58.349998474121094,57.7599983215332,58.25,52.02972412109375,69.10277885784281,0.049319222065670854,2.875365272977991,72.91281540260277,0.7395672800553947,-0.40195699979330674,0.04585295200294004
2019-12-27,58.529998779296875,58.709999084472656,58.33000183105469,58.459999084472656,52.217288970947266,70.01809042637227,0.0044085986237383246,2.8142806276053385,76.8089027542259,0.7362304569354674,-0.3770479851505408,0.01643274737462641
2019-12-30,58.65999984741211,58.689998626708984,57.619998931884766,57.849998474121094,51.67242431640625,64.07941069235983,7.072899145921241e-05,2.648759456685951,65.427480298993,0.6545303549678873,-0.44940718075082126,-0.050308055429959975
2019-12-31,57.68000030517578,58.130001068115234,57.459999084472656,58.099998474121094,51.895729064941406,65.37556395322346,-0.0005828642894463165,2.523293324403383,65.59827979987513,0.6626615383783233,-0.41975183085234385,-0.08780458402919855
2020-01-02,59.599998474121094,60.119998931884766,59.599998474121094,60.040000915527344,53.62856674194336,73.39751089257702,0.0207567467250398,2.663653749988594,97.41941755696823,0.8630262729463916,-0.30802478519875387,-0.008470748764391134
2020-01-03,58.970001220703125,58.97999954223633,58.040000915527344,58.060001373291016,51.86000442504883,58.500371843009894,-0.010734515735568717,2.4685908523943034,26.428638575046698,0.6015955913639857,-0.6278518746109061,-0.08350057669915367
2020-01-06,57.599998474121094,57.689998626708984,57.130001068115234,57.38999938964844,51.26155471801758,54.47150521551594,-0.009834156782379866,2.195268335068729,8.695602250545413,0.48289977559774117,-0.9093181688135303,-0.17648520277525304
2020-01-07,57.45000076293945,58.599998474121094,56.7400016784668,58.31999969482422,52.09223937988281,58.721082927413676,0.0067323545518001016,2.0844781134470534,46.74554142787169,0.6077865881284098,-0.7660966565489481,-0.1842428785544763
2020-01-08,58.189998626708984,58.97999954223633,58.11000061035156,58.75,52.476318359375,60.554369736959,0.009103411527310312,2.032826802331612,59.46745428566914,0.6711545001036956,-0.7021527460892742,-0.16625668733272359
2020-01-09,59.689998626708984,59.709999084472656,58.70000076293945,59.22999954223633,52.90506362915039,62.5536561966377,0.02545025184586658,2.034531092619652,73.66863571417286,0.8076468275904202,-0.799472512071755,-0.1298481739629871
2020-01-10,59.70000076293945,59.70000076293945,58.77000045776367,58.86000061035156,52.57457733154297,60.02803032385992,0.01047196039673648,1.9612791789071309,62.72191285779745,0.716712357877817,-1.6143750685630325,-0.13195793507658493
2020-01-13,60.150001525878906,60.15999984741211,59.45000076293945,60.060001373291016,53.64643859863281,64.96826688755442,0.027369280478745317,2.044918610969667,97.07606644269251,1.0741229105104706,-1.2865510924317252,-0.06830430298381307
2020-01-14,60.15999984741211,60.63999938964844,59.91999816894531,60.31999969482422,53.87867736816406,65.95021249124213,0.04269691389450281,2.120983000818013,91.79487480449666,1.044839313875099,-1.1156733306532631,-0.020195345614776095
2020-01-15,59.66999816894531,59.70000076293945,58.2599983215332,58.38999938964844,52.154762268066406,53.877631278009346,0.0049914165923143905,1.8935407166920486,42.307658449412685,0.442997540814957,-1.5577031029157027,-0.10914258100360374
2020-01-16,59.20000076293945,59.689998626708984,58.29999923706055,58.75,52.476318359375,55.513461042432354,-0.02148572025265738,1.742762849884313,51.5384487475559,0.5563033954118646,-1.475252774704826,-0.14854527087467861
2020-01-17,58.63999938964844,58.75,58.0099983215332,58.58000183105469,52.3244743347168,54.529932180501596,0.00895622580093014,1.5816764873867537,47.179518780548165,0.5049939086199215,-1.5141871628514787,-0.18470157007174715
2020-01-21,57.9900016784668,59.0,57.470001220703125,58.2400016784668,52.020782470703125,52.52555438310868,0.014810860826635963,1.3912449134129787,38.46156103372488,0.3933402264560323,-1.5920569172728622,-0.22619732366197431
2020-01-22,58.900001525878906,58.939998626708984,58.31999969482422,58.349998474121094,52.11902618408203,53.125807904992534,0.0005142187112341379,1.2412207679032774,41.28199334677281,0.4201503930903322,-1.566866206750845,-0.24269832884169484
2020-01-23,57.86000061035156,58.06999969482422,56.619998931884766,57.47999954223633,51.341941833496094,47.96038855872803,-0.02161692285861838,0.9909097087393369,21.39304757268563,0.16822117467590242,-1.6949493774547613,-0.29797633352032227
2020-01-24,58.09000015258789,58.13999938964844,57.459999084472656,57.72999954223633,51.56524658203125,49.48049365200421,-0.025324930265860357,0.8175775433836806,27.611952337166063,0.2458324040108875,-1.6394009388709059,-0.3101396023486682
2020-01-27,55.619998931884766,55.9900016784668,55.060001373291016,55.2599983215332,49.35899353027344,37.74830427684235,-0.06116233290838635,0.3329437662745704,3.584175973824878,-0.21554003767504676,-1.4036863565731428,-0.4489836034025856
2020-01-28,55.72999954223633,57.119998931884766,55.47999954223633,57.09000015258789,50.993595123291016,47.65179143023143,-0.04945050491030001,0.20055700248843736,36.37991937176426,0.22524698996854228,-1.1107468988482756,-0.4138125062928031
2020-01-29,57.52000045776367,57.52000045776367,56.849998474121094,57.189998626708984,51.082908630371094,48.13728348416021,-0.05189007738049889,0.10825417631236993,38.172007358676694,0.2595491762226649,-1.094740888305214,-0.3690893570769644
2020-01-30,55.08000183105469,56.040000915527344,55.060001373291016,55.79999923706055,49.841339111328125,42.268646744695154,-0.04435689199094972,-0.1582538442616143,13.261615176211047,0.0367726524708125,-1.3172444654397193,-0.40481624427632584
2020-01-31,55.43000030517578,55.47999954223633,53.599998474121094,53.939998626708984,48.17996597290039,35.95233474277805,-0.08187221437776526,-0.6264869431215285,4.829546993921411,-0.14470744880484882,-1.1518908801654195,-0.5149630214063678
2020-02-03,54.349998474121094,54.939998626708984,54.13999938964844,54.77000045776367,48.921321868896484,40.24349435659892,-0.06503940095127436,-0.8726459253173545,16.61934419727184,0.06067689556072572,-1.0465846586334069,-0.511470409070155
2020-02-04,56.91999816894531,57.63999938964844,56.900001525878906,57.52000045776367,51.37767028808594,51.77297500445899,-0.012362601100423198,-0.6688882374701783,64.26230348844554,0.46853567893452175,-0.6976715762825566,-0.32632135667017664
2020-02-05,58.099998474121094,58.150001525878906,57.16999816894531,57.91999816894531,51.734954833984375,53.18776782514391,-0.007369119843895988,-0.44565006338874125,70.93595380270186,0.5311110553906442,-0.6469209371582896,-0.1702329863970182
2020-02-06,58.27000045776367,58.279998779296875,57.279998779296875,58.02000045776367,51.82426452636719,53.55455534113955,0.009394321204976741,-0.2519978717217483,81.8518654570783,0.5519711435145926,-0.6342349029582326,-0.05725523267815934
2020-02-07,57.13999938964844,57.13999938964844,56.060001373291016,56.20000076293945,50.19862747192383,46.42422661222437,-0.02650271647461966,-0.35211274740681936,48.148176928434886,0.29927023068712755,-0.8651492272529743,-0.08653425745826578
2020-02-10,56.439998626708984,57.04999923706055,56.34000015258789,57.02000045776367,50.931053161621094,49.6752452834586,0.031849507433401314,-0.3118042650612005,64.0449791370355,0.4365331608454521,-0.7611115007689001,-0.05275893562613097
2020-02-11,57.95000076293945,58.900001525878906,57.810001373291016,58.65999984741211,52.395931243896484,55.49236650019104,0.027500240318709457,-0.047467326923530624,95.47166905145087,0.7122982270570587,-0.5530322547783957,0.0656307197536756
2020-02-12,59.25,59.75,58.900001525878906,59.630001068115234,53.26234817504883,58.54459957455951,0.04266475036587791,0.293986395978044,98.04879833964567,0.8929265768441609,-0.43690247403215215,0.19250684054813244
2020-02-13,59.130001068115234,59.70000076293945,58.7400016784668,59.33000183105469,52.994384765625,57.237239792141175,0.06326165609744305,0.5150722197549809,93.17076317496864,0.8226880147114277,-0.4804737493068413,0.2452187923034374
2020-02-14,59.02000045776367,59.16999816894531,57.869998931884766,58.189998626708984,51.976131439208984,52.44460712824839,0.07879136877024373,0.5245286605980537,74.63413030506406,0.6412665322234574,-0.6460433547990115,0.20024217917162795
2020-02-18,56.099998474121094,56.560001373291016,55.630001068115234,56.18000030517578,50.180763244628906,45.25015245122609,0.025744222102329628,0.2483471300871362,41.95123887690378,0.3239869199599309,-0.9379730701048137,0.04634396665591392
2020-02-19,57.25,57.939998626708984,57.0,57.63999938964844,51.4848518371582,50.55593520289201,0.002086150432109468,0.23092854805071097,65.69105549855911,0.57550464197237,-0.7259261971013266,0.029937868395907077
2020-02-20,56.939998626708984,57.040000915527344,55.810001373291016,56.47999954223633,50.44873046875,46.68486642337687,-0.024861805125022785,0.05383058199367546,46.82927404158081,0.39283624458632516,-0.8944011745543003,-0.04884576854067681
2020-02-21,56.650001525878906,56.650001525878906,55.52000045776367,55.59000015258789,49.65376281738281,43.9069719971867,-0.041881958746950776,-0.20990499131653917,25.846713104877644,0.2616664068225336,-1.0236641752254387,-0.14709527360449526
2020-02-24,53.54999923706055,54.689998626708984,53.18000030517578,54.119998931884766,48.34073257446289,39.7046358498467,-0.03701087043664808,-0.6214798876136972,14.307437905202736,0.07938031046498192,-1.118570465067939,-0.2851214907102385
2020-02-25,55.33000183105469,55.470001220703125,53.83000183105469,53.86000061035156,48.1085090637207,38.9938005156019,-0.05541892269424553,-0.9765807271773511,10.350081229249962,0.07599368030407448,-1.1539165109627556,-0.3712190077052409
2020-02-26,54.4900016784668,55.40999984741211,54.380001068115234,55.029998779296875,49.153568267822266,43.864432324456594,-0.06188196104352883,-1.0798867672820425,28.158273364586368,0.26778579481621473,-0.9948511757048483,-0.3378959652821877
2020-02-27,54.20000076293945,54.599998474121094,53.27000045776367,53.290000915527344,47.5993766784668,38.89148154203682,-0.10632222743861108,-1.3977981968445008,1.6742863844913098,0.08234646921676884,-1.2314100282995974,-0.3965772587845675
2020-02-28,51.349998474121094,54.04999923706055,51.0,53.84000015258789,48.09064483642578,41.162167418601676,-0.09253319858107023,-1.5547224462418534,32.45714460100446,0.1819183475909241,-0.7144977329799108,-0.3784085749544031
2020-03-02,54.369998931884766,56.0099983215332,53.83000183105469,55.97999954223633,50.00211715698242,49.0890209570036,-0.037979246003242095,-1.353144932255302,56.914280482700896,0.43643089660051293,-0.49604375348772334,-0.22152766510476773
2020-03-03,56.29999923706055,56.369998931884766,54.040000915527344,54.880001068115234,49.01958084106445,45.68214780530574,-0.02313999087466534,-1.337814601389295,44.34286934988839,0.2905320853995654,-0.6083336181640626,-0.17011253970498075
2020-03-04,55.970001220703125,57.09000015258789,55.54999923706055,57.08000183105469,50.98466110229492,52.74578679171587,-0.00971529910283786,-0.9947182429731506,69.88507238935514,0.5839014152320722,-0.3837530168805805,0.0010011340525466483
2020-03-05,56.11000061035156,56.38999938964844,55.25,55.72999954223633,49.77882385253906,48.571692738353576,-0.013278958855583167,-0.9080960562426306,57.89474421445233,0.41832744503739566,-0.5215629882812501,0.03580664794747812
2020-03-06,54.599998474121094,55.08000183105469,53.970001220703125,55.06999969482422,49.18929672241211,46.628887380691445,-0.009354096620611041,-0.9244836309375042,58.6455403486766,0.3474864060019969,-0.5889375174386162,0.02260214684494899
2020-03-09,51.54999923706055,54.13999938964844,51.060001373291016,51.83000183105469,46.29528045654297,38.48983323321485,-0.04231322135569948,-1.3944797257251567,11.959682929336292,0.001899232063877968,-0.9196822335379465,-0.16712052758310036
2020-03-10,53.709999084472656,54.619998931884766,52.4900016784668,54.5099983215332,48.68907928466797,46.76682660147754,0.012067932102786338,-1.3616202711403376,57.63543897518066,0.34001807545373025,-0.6461052246093751,-0.11969888974505727
2020-03-11,53.11000061035156,53.560001373291016,52.09000015258789,52.2400016784668,46.6615104675293,41.65406303900529,-0.05069942810081529,-1.6513418057686364,20.361274998324415,0.11362811194876414,-0.877827375139509,-0.20801424786083478
2020-03-12,49.65999984741211,50.9900016784668,48.5099983215332,48.689998626708984,43.4905891418457,35.177087791983894,-0.08632019625752463,-2.3871040223810094,2.097905207016196,-0.15415740966974945,-0.8305619378521517,-0.44926926783878995
2020-03-13,51.900001525878906,52.459999084472656,49.290000915527344,52.22999954223633,46.65257263183594,44.4525911482598,-0.02990336705779817,-2.4191840719801956,43.35664833122591,0.23359289920261928,-0.5562425625032432,-0.36856175208091846
2020-03-16,46.34000015258789,48.349998474121094,44.900001525878906,44.900001525878906,40.10530471801758,33.69979512548336,-0.19792786789194639,-3.525398068000284,0.0,-0.25978924008251053,-0.7496915547439895,-0.7090668929375996
2020-03-17,45.75,48.560001373291016,45.029998779296875,48.540000915527344,43.35661315917969,41.294112249850514,-0.11552460434628631,-3.817130686360852,29.860539784417945,0.10214606535366498,-0.5003580298956487,-0.6687917659809615
2020-03-18,43.79999923706055,46.09000015258789,43.2599983215332,44.369998931884766,39.63190460205078,36.18112475938039,-0.22267003947454167,-4.661529482860423,8.026033719381749,-0.08908640623813291,-0.6443350136755364,-0.8356310286710698
2020-03-19,43.7400016784668,45.18000030517578,42.70000076293945,43.88999938964844,39.57509994506836,36.107696588657475,-0.20498121726815854,-5.304831307134136,8.269622496058057,-0.00012896961873774782,-0.5991578144832319,-0.8875579583200612
2020-03-20,48.02000045776367,48.279998779296875,44.47999954223633,44.529998779296875,40.15217590332031,37.4954928199839,-0.1837212853456841,-5.6640043144705405,12.717151452235958,0.09770621233994335,-0.559055244453446,-0.8222622642582411
2020-03-23,45.119998931884766,45.61000061035156,43.52000045776367,45.2599983215332,40.810401916503906,39.119843017885735,-0.11847597608114024,-5.773585534504662,17.790115824711606,0.17892417033145142,-0.5133133374970709,-0.6798636998616236
2020-03-24,48.0,48.91999816894531,47.5,48.869998931884766,44.06549835205078,46.52138164707067,-0.09496135479549184,-5.202654290426711,45.069384863981924,0.39798144338359875,-0.28710787720438624,-0.3293275676314318
2020-03-25,49.29999923706055,50.04999923706055,48.04999923706055,49.0,44.18272018432617,46.77234649604721,-0.05312280417771864,-4.674141107481103,50.888519333703705,0.41975239793921787,-0.2789618148522422,-0.06621174585372991
2020-03-26,49.099998474121094,50.459999084472656,48.91999816894531,49.869998931884766,44.967201232910156,48.513684841039456,0.033952450868127926,-4.063510231613159,60.15100059012608,0.479145836703286,-0.22444610381278887,0.1710515870970184
2020-03-27,47.22999954223633,48.09000015258789,46.5099983215332,46.90999984741211,42.29819107055664,43.320948697497585,-0.09333636529848832,-4.024061465014667,35.31878969109908,0.3228336640924514,-0.40992284290657155,0.15888974266057976
2020-03-30,47.18000030517578,48.15999984741211,46.77000045776367,47.81999969482422,43.118736267089844,45.26079552076517,0.07513797913417819,-3.7994027196732874,47.14547554449005,0.39465680310938056,-0.35290093662883615,0.21336370209132505
2020-03-31,47.79999923706055,49.029998779296875,47.65999984741211,47.790000915527344,43.0916862487793,45.205868073200854,-0.006110415253786972,-3.58562539339032,52.15164987639363,0.40980539779683905,-0.3547807156043659,0.25217023195820354
2020-04-01,46.83000183105469,47.560001373291016,46.29999923706055,46.5099983215332,41.93751907348633,42.81816079841866,0.05817571712958358,-3.5899936558089456,39.036866944821725,0.3449453837151452,-0.4376962575559016,0.20661768730778385
2020-04-02,46.91999816894531,48.220001220703125,46.61000061035156,48.130001068115234,43.398258209228516,46.65825697644961,0.09660514488824634,-3.2853123512399294,69.97424587203949,0.48375626755216655,-0.3255979494309232,0.2769847370878553
2020-04-03,47.790000915527344,48.150001525878906,46.779998779296875,47.060001373291016,42.433448791503906,44.53109337598182,0.05681567279632649,-3.186961099914482,56.18558702845342,0.4198710866733954,-0.4043617460051279,0.2608950394930709
2020-04-06,48.630001068115234,50.099998474121094,48.5099983215332,49.970001220703125,45.0573616027832,51.06515396970031,0.10406561775520773,-2.591063731884527,93.6855931732635,0.6896269420987607,-0.18423479849306615,0.41988861230105345
2020-04-07,51.290000915527344,51.31999969482422,49.65999984741211,49.720001220703125,44.83193588256836,50.5146133910371,0.017393143370223685,-2.136350109800195,81.43853048284248,0.7143620774979338,-0.1856892265368034,0.49749114167208486
2020-04-08,50.209999084472656,50.599998474121094,49.540000915527344,50.27000045776367,45.3278694152832,51.74712930874316,0.02591848637158556,-1.6658149443627936,86.5384700030273,0.7937871963395693,-0.11275111636587516,0.564912868352905
2020-04-09,50.279998779296875,50.65999984741211,47.720001220703125,48.33000183105469,43.578590393066406,47.274500891807,-0.030880526289625232,-1.5959079915020404,61.666690304750325,0.5793864337022969,-0.291980555202705,0.47784733609375896
2020-04-13,48.7400016784668,49.09000015258789,47.959999084472656,48.75,43.95729446411133,48.31599845124168,0.03922397983372794,-1.4542624041767491,48.804791624080615,0.6555580709423026,-0.23614224397160524,0.4332301008345094
2020-04-14,50.0,51.27000045776367,49.95000076293945,50.630001068115234,45.6524772644043,52.80958017902594,0.05876194936743362,-1.0195718819512412,86.25500868945404,0.8466922423310277,-0.039485282214613886,0.5005847229064122
2020-04-15,49.7599983215332,49.970001220703125,49.040000915527344,49.65999984741211,44.77783966064453,50.37594212979958,0.03912943675795466,-0.8258415739944415,66.93227697131302,0.7152543640459552,-0.14095137410988584,0.46944942685189106
2020-04-16,51.810001373291016,53.13999938964844,51.68000030517578,52.400001525878906,47.24845886230469,56.47723781498095,0.1266393412426734,-0.22192634092481353,89.18131802249222,0.9845442660702519,0.05367612046698601,0.5906312258387255
2020-04-17,54.130001068115234,54.189998626708984,53.0,53.689998626708984,48.41162872314453,59.031147911436406,0.11552008584643936,0.4553620714076872,93.66286389507212,1.0610275320459088,0.07644696390087374,0.7161453484514695
2020-04-20,53.0,53.81999969482422,52.560001373291016,52.59000015258789,47.4197883605957,56.01286290648215,0.11750964654303964,0.801046193639552,79.72118380363543,0.9045142917007997,-0.016509037294660446,0.6986352718019873
2020-04-21,51.599998474121094,51.810001373291016,50.52000045776367,51.369998931884766,46.31971740722656,52.78893360374968,0.02801663833697221,0.8685618567118253,64.25855623608771,0.7425561328051231,-0.3795008654383563,0.5838989504825384
2020-04-22,52.47999954223633,53.11000061035156,52.40999984741211,52.95000076293945,47.74439239501953,56.297156805001414,0.06496388021431843,1.1588926528656829,83.64118485131988,0.8897835232249636,-0.1989336793797463,0.5740303340250107
2020-04-23,52.810001373291016,53.130001068115234,52.2599983215332,52.63999938964844,47.46487045288086,55.42689732413446,0.04714541109397752,1.3225813069037862,79.0823310529234,0.8170858771016355,-0.23436105121267706,0.5203418945325835
2020-04-24,52.599998474121094,52.88999938964844,52.0,52.72999954223633,47.546024322509766,55.641294556944196,0.09104089631303447,1.4483620095894019,77.43431731336719,0.7985184443900858,-0.22407538886707803,0.4638339988776169
2020-04-27,53.150001525878906,53.75,52.970001220703125,53.5099983215332,48.249332427978516,57.54708396791675,0.09764108588101106,1.649564961466193,89.48994470160741,0.8465284815545104,-0.1349362051059893,0.44716841834517607
2020-04-28,53.5099983215332,53.72999954223633,52.68000030517578,52.7599983215332,47.57307052612305,55.095935648225876,0.04206985856638834,1.6712073986856042,77.8979771483623,0.7399140446895547,-0.22064747939869891,0.3672887441090646
2020-04-29,53.75,54.689998626708984,53.43000030517578,54.47999954223633,49.12397384643555,59.37005808175772,0.09705993452852657,1.93150149334362,96.98709953189214,0.8818181318380308,-0.04541182183407385,0.39327048119036767
2020-04-30,54.20000076293945,54.40999984741211,52.959999084472656,53.130001068115234,47.90669250488281,54.94913376442716,0.013931325135839945,1.905217424585531,76.820242723592,0.7205167227496283,-0.2215182904864352,0.30668667330529387
2020-05-01,52.47999954223633,52.560001373291016,51.09000015258789,51.099998474121094,46.07626724243164,49.03613780236442,-0.048239680058448586,1.5531160158015875,36.46014855044821,0.46442458377845636,-0.4709673262251041,0.11425941529405503
2020-05-04,51.790000915527344,52.18000030517578,51.279998779296875,52.150001525878906,47.023033142089844,51.9181961816008,-0.00836687029239358,1.4200831260736921,55.044280888764064,0.5728539446856462,-0.48199545738894006,0.042552319729137755
2020-05-05,52.209999084472656,52.58000183105469,51.58000183105469,51.709999084472656,46.626304626464844,50.62622890784049,0.006618935442608054,1.2323865067368553,28.537149861865817,0.497280643899469,-0.5389149212732666,-0.03556637259229822
2020-05-06,52.11000061035156,52.619998931884766,52.0,52.130001068115234,47.00502014160156,51.857807542091244,-0.015486054305617225,1.1356461922709389,38.60914429990669,0.542988075721911,-0.48457981997030347,-0.06404052918889436
2020-05-07,52.95000076293945,52.97999954223633,52.099998474121094,52.33000183105469,47.18534469604492,52.46580041138535,-0.005889108179773284,1.0775090356339105,43.40532777137421,0.5592877096996803,-0.458708281727265,-0.07242067654145257
2020-05-08,52.619998931884766,53.34000015258789,52.470001220703125,52.90999984741211,47.70832824707031,54.26962870122456,0.0034136171609138177,1.108232767176034,57.31415921108001,0.6342396444515778,-0.4193953721427321,-0.04573422899472723
2020-05-11,52.61000061035156,52.83000183105469,52.380001068115234,52.400001525878906,47.24845886230469,52.38708781642842,-0.0207437805936036,1.0415517376919499,36.38894245950591,0.5083599172449491,-0.6990872175181767,-0.06108680747518247
2020-05-12,52.63999938964844,52.63999938964844,51.08000183105469,51.099998474121094,46.07626724243164,47.832400753543695,-0.031463247319079235,0.7787177874889697,0.5539241223282565,0.19548608484658708,-0.9065548449037982,-0.14730333724443
2020-05-13,51.90999984741211,52.02000045776367,50.47999954223633,50.91999816894531,45.91396713256836,47.220237385766076,-0.06534501308672336,0.5359887959570164,10.451276066348564,0.08118655618617138,-1.466568504185294,-0.20863175488195185
2020-05-14,50.43000030517578,52.150001525878906,49.790000915527344,52.099998474121094,46.97795486450195,51.59392275647801,-0.019386386156510338,0.5208863394241986,47.14282933892823,0.40863072463212985,-0.955887217254896,-0.17241150980247738
2020-05-15,50.560001373291016,51.04999923706055,49.380001068115234,49.79999923706055,44.90407943725586,43.94919897501721,-0.02544016421747619,0.14886122445405908,7.909573673260613,-0.08630561411558148,-1.2249234818791022,-0.27680651335407835
2020-05-18,50.939998626708984,52.189998626708984,50.77000045776367,51.869998931884766,46.77057647705078,50.98794768087914,-0.0053687873403702735,0.1748049972425094,46.892636696973526,0.4196203985423421,-0.873417286405591,-0.21176760853270793
2020-05-19,51.349998474121094,51.459999084472656,50.79999923706055,50.810001373291016,45.814781188964844,47.68559746535044,-0.017404841408756755,0.02927829658814652,28.429436425741557,0.18104475737265047,-1.0534164817986416,-0.2235697010456968
2020-05-20,51.58000183105469,52.09000015258789,50.5,51.84000015258789,46.7435188293457,51.006147529350926,-0.005563263486923153,0.07422354657865411,62.12120336387018,0.4335733103175917,-0.8785128909527697,-0.16213950738440938
2020-05-21,52.099998474121094,52.209999084472656,50.689998626708984,50.75,45.76067352294922,47.56537108633381,-0.030193086058246332,-0.06016137781593345,34.59594062171873,0.20792077693732297,-1.0636062540948747,-0.17965221687678046
2020-05-22,50.84000015258789,50.86000061035156,49.61000061035156,49.79999923706055,44.90407943725586,44.73308345670689,-0.05877902062071638,-0.3127807593930037,10.606016819350923,0.06146719800741164,-1.2249234818791022,-0.23726024181613498
2020-05-26,51.29999923706055,51.400001525878906,50.790000915527344,50.81999969482422,45.82380294799805,48.29317555438396,-0.030152431393762225,-0.3488700343347337,36.36361009161055,0.29756252535694405,-1.051717468016874,-0.20307812255561317
2020-05-27,51.029998779296875,51.7400016784668,50.75,51.7400016784668,46.65335464477539,51.3379640114796,0.012524612710213434,-0.22983511098799933,59.59598878709939,0.5101775071487343,-0.8954929711835771,-0.11844730074577388
2020-05-28,51.459999084472656,51.619998931884766,50.099998474121094,50.279998779296875,45.33687973022461,46.64381238980572,-0.012568885643828409,-0.3614848680911847,22.727220183221107,0.18257038001201326,-1.1858016538953904,-0.14331713652455497
2020-05-29,50.34000015258789,50.72999954223633,49.86000061035156,50.33000183105469,45.3819694519043,46.823157964362004,-0.033973071352317086,-0.45306749405684776,27.536247908827647,0.2176587499365615,-1.3916041769018108,-0.14829762224744913
2020-06-01,50.90999984741211,51.279998779296875,50.540000915527344,51.029998779296875,46.013145446777344,49.38775467140952,0.02469855798004228,-0.4103159517110047,50.61345278256565,0.41355453061411995,-1.2322162625591238,-0.10281010635516283
2020-06-02,51.45000076293945,52.040000915527344,51.290000915527344,52.0099983215332,46.89680099487305,52.81847805126514,0.0026988018393188096,-0.21907650625820102,92.93283027820351,0.6891783528224931,-1.0090708705410907,-0.011727775248662961
2020-06-03,52.63999938964844,53.25,52.41999816894531,53.060001373291016,47.84358215332031,56.24101846190748,0.044282672790416644,0.09605500866613129,95.09047340701845,0.9270652564284315,-0.7699846641428015,0.10721307536450919
2020-06-04,53.060001373291016,54.369998931884766,53.029998779296875,54.279998779296875,48.94363021850586,59.88233954184649,0.04706773140448561,0.5286018472865165,98.19638895556754,1.098759140925589,-0.46944910549515456,0.24691680600854804
2020-06-05,55.5,56.34000015258789,55.060001373291016,55.20000076293945,49.773193359375,62.42184796725761,0.08768489463804507,0.9988510509483012,83.06092916509138,1.1273573407257682,-0.3255068472728743,0.37448631788747555
2020-06-08,55.7400016784668,55.779998779296875,54.709999084472656,55.56999969482422,50.1068115234375,63.42458767864929,0.11586323896142625,1.4074874625963096,88.55868484193378,1.0753307166042887,-0.27757319670576686,0.45525935204081663
2020-06-09,55.290000915527344,56.630001068115234,54.95000076293945,56.61000061035156,51.0445671081543,66.15816494710793,0.11393127205266884,1.8630077819737214,99.71509321282804,1.0868979809319879,-0.1524046841325432,0.539984015290961
2020-06-10,56.81999969482422,58.040000915527344,56.81999969482422,57.54999923706055,51.89215850830078,68.45314915688616,0.11229211497038771,2.331815120524565,94.1874061598082,1.0662566588867484,-0.09191253066404355,0.6157592758370747
2020-06-11,55.849998474121094,56.40999984741211,55.0099983215332,55.040000915527344,49.62893295288086,57.282600528575024,0.09467023862682988,2.2969943892467612,64.41281267619783,0.7663001751265072,-0.35325497815799445,0.4820244491629836
2020-06-12,56.5,56.869998931884766,55.349998474121094,56.0,50.494537353515625,59.972963105274154,0.11265636911217825,2.383637812490898,75.0611144325195,0.8303542725196712,-0.2533006576168184,0.42255934635970105
2020-06-15,54.709999084472656,56.119998931884766,54.52000045776367,56.02000045776367,50.512577056884766,60.029462086898924,0.09778578635342017,2.425431148116761,75.30561879703667,0.800492321710166,-0.27493280974390427,0.3577096294462162
2020-06-16,56.59000015258789,57.0,55.540000915527344,55.79999923706055,50.314205169677734,59.04252936362065,0.07287073110121711,2.3970636234252662,72.61611742178705,0.752728115759738,-0.29846446810994687,0.27825829530908397
2020-06-17,56.150001525878906,56.81999969482422,55.88999938964844,56.599998474121094,51.03555679321289,61.520006520890824,0.0667168823116866,2.4625940451535726,82.39605883027768,0.7982319974119279,-0.21289488359969877,0.2518803194719488
2020-06-18,56.040000915527344,56.540000915527344,55.790000915527344,56.150001525878906,51.008304595947266,61.36897604144203,0.042184741267122794,2.479778053022507,74.80000813802083,0.7668267467836503,-0.21612764709662213,0.21180224032964745
2020-06-19,56.47999954223633,56.5,55.27000045776367,55.310001373291016,50.24522018432617,57.13901181248513,0.009483555164785606,2.3418689319687167,59.555562337239586,0.667178641958696,-0.30664774009739953,0.11779632795446071
2020-06-22,55.5,56.0,55.31999969482422,56.0,50.872039794921875,59.60221398522877,0.015271941043912607,2.3068807300329572,63.70106906499237,0.714835217574733,-0.25827883290787196,0.08334938569825168
2020-06-23,56.63999938964844,57.15999984741211,56.529998779296875,56.7599983215332,51.56243896484375,62.18030513733945,0.0101454843488471,2.362054465986661,74.4510569219594,0.7684953974995392,-0.1738779595380954,0.09190614653046181
2020-06-24,56.709999084472656,57.060001373291016,56.15999984741211,56.58000183105469,51.39893341064453,61.184444293498736,-0.009504809817794557,2.350987777233397,58.522758675996776,0.7260621685701282,-0.19386641285095932,0.0722645584812025
2020-06-25,56.560001373291016,57.09000015258789,55.95000076293945,57.040000915527344,51.81680679321289,62.823201726921106,0.044084643979939386,2.380410952299979,71.59091278541139,0.760969833831156,-0.14278164916165287,0.07291597613847856
2020-06-26,57.0,57.2599983215332,56.209999084472656,56.33000183105469,51.171817779541016,58.70350549296334,0.013412944479195943,2.273666427375709,51.42048687234963,0.6633486922807614,-0.297757751464844,0.01825692289504266
2020-06-29,56.34000015258789,56.40999984741211,55.65999984741211,56.38999938964844,51.226322174072266,58.9484897366871,0.014130047579709037,2.1723452490260278,53.124962747101854,0.6629424674220045,-0.39143388762297426,-0.023605920129147195
2020-06-30,56.25,56.9900016784668,56.189998626708984,56.77000045776367,51.5715217590332,60.54492484233267,0.02498929646439496,2.1220198293125483,82.1168523432562,0.7344355673736824,-0.5329743763787544,-0.036648536482088545
2020-07-01,56.970001220703125,57.470001220703125,56.7599983215332,56.81999969482422,51.61695098876953,60.761190591201306,0.011391943815021843,2.0649686737803474,77.96605566870333,0.7534578795084576,-0.6640453469088778,-0.04999059192128774
2020-07-02,57.95000076293945,59.06999969482422,57.95000076293945,58.619998931884766,53.25212860107422,67.63731410251481,0.043989386099008376,2.250962382335093,90.10987168362321,1.1593955919873304,-0.6606532020406539,0.03874704911863658
2020-07-06,60.66999816894531,62.130001068115234,60.560001373291016,61.880001068115234,56.21360397338867,75.88090925782225,0.11878510567109268,2.8239628795878655,96.35568545543921,1.3741535200755446,-0.15945027860822233,0.27136740473177623
2020-07-07,61.2599983215332,61.5,60.68000030517578,60.709999084472656,55.150733947753906,69.07979808185377,0.08410699020681167,3.068895438565373,79.3002644708248,1.0559100156783285,-0.29911781348187116,0.3245334920400065
2020-07-08,61.63999938964844,62.7400016784668,61.5,62.59000015258789,56.858577728271484,73.2314824986273,0.1027131157825707,3.477651115990861,97.99194777287082,1.1289508278269076,-0.09750159084918268,0.43851487117338106
2020-07-09,62.95000076293945,64.97000122070312,62.88999938964844,64.77999877929688,58.848045349121094,77.09045658783279,0.14492736413347207,4.043825087962719,98.04121209833109,1.1573350319992828,0.03216694501178143,0.6016121162668178
2020-07-10,64.47000122070312,64.55999755859375,63.189998626708984,63.849998474121094,58.003204345703125,72.32238183834079,0.11938978751003515,4.30368226565102,88.3937557566342,0.9872043490573433,-0.04867907812097915,0.6046942568727416
2020-07-13,65.19999694824219,67.08000183105469,64.9800033569336,65.06999969482422,59.11148452758789,74.54645929256556,0.15515701987083275,4.610243792045108,82.39928382578661,0.994451128168382,-0.016436021672094535,0.6305858697603821
2020-07-14,66.0,67.02999877929688,65.33000183105469,66.95999908447266,60.82841110229492,77.55543832380638,0.1874444332660421,5.032477575217893,98.94918804082594,1.0258326195037517,0.08865283642573547,0.7068218949792375
2020-07-15,67.18000030517578,67.20999908447266,65.16000366210938,66.05999755859375,60.010833740234375,73.1225758480949,0.1636428729141186,5.17708254395094,90.04327617452225,0.9084075058707114,0.015054759442414928,0.6472592938427075
2020-07-16,65.37999725341797,66.62999725341797,64.31999969482422,66.58999633789062,60.4922981262207,74.0627659103351,0.1719463658243241,5.290502683612084,94.63201049751913,0.888395356460388,0.055378414497895774,0.5871296892415265
2020-07-17,67.30999755859375,68.0,66.37000274658203,66.4000015258789,60.3197021484375,73.07591070984753,0.13271908058940407,5.287651510697621,87.03404818203711,0.8368912795181017,0.014677287687217426,0.4867179993486257
2020-07-20,66.69999694824219,66.9800033569336,65.80000305175781,66.88999938964844,60.764835357666016,74.03676241142082,0.08096316661055725,5.2807886482742585,90.6011813608939,0.8292291467893741,0.047403433107118774,0.4046347303088096
2020-07-21,68.83999633789062,69.25,67.70999908447266,67.80999755859375,61.6005859375,75.7841394413972,0.1169495223011221,5.323567196777305,88.47075862376492,0.8430625034446365,0.05512921437728237,0.36234834461751175
2020-07-22,68.0999984741211,68.9000015258789,68.02999877929688,68.52999877929688,62.254661560058594,77.08401637756553,0.09490360201366843,5.378241603629875,93.62830735119219,0.8439560293254117,0.10325839871978884,0.3348026601077745
2020-07-23,68.26000213623047,68.5,66.75,67.37000274658203,61.200889587402344,70.51656531688172,0.039981688844936025,5.212147116435907,78.36596604699409,0.7541301923883956,0.025718151418497658,0.20818622515367213
2020-07-24,71.4000015258789,76.88999938964844,71.3499984741211,73.9000015258789,67.13292694091797,80.55829881214919,0.15740031431368973,5.805329274742195,81.55460806513179,1.0259606789779443,0.1584110852984654,0.4714551384375145
2020-07-27,81.36000061035156,83.4000015258789,80.43000030517578,83.25,75.62672424316406,87.25289997254154,0.2793913881128862,7.268254515542003,99.31506157339007,1.230571800592283,0.3377809368285346,1.127706636760497
2020-07-28,79.3499984741211,79.58000183105469,76.48999786376953,76.91999816894531,69.87638854980469,69.7435351729317,0.14874591138495807,7.5499579994289245,68.40564270109553,0.9225379501462124,0.12099112329433927,1.0842726556774975
2020-07-29,77.11000061035156,83.37000274658203,77.05999755859375,82.66999816894531,75.09983825683594,74.70847930449843,0.25143800837556296,8.30233899602275,96.38791067682837,1.0448048972624546,0.30643234719697837,1.30241632310394
2020-07-30,80.01000213623047,81.27999877929688,78.61000061035156,79.93000030517578,72.61074829101562,68.90590779987825,0.2003304642106516,8.459803067584296,81.81341253827692,0.9018815209172187,0.19406078933503634,1.1779116072286104
2020-07-31,79.62999725341797,79.7699966430664,77.51000213623047,78.88999938964844,71.6659927368164,66.78560913884996,0.18810256324637398,8.35639918106005,76.36267451038725,0.8314872410024413,0.1042518077639777,0.9410393813254707
2020-08-03,77.7699966430664,79.1500015258789,77.41000366210938,78.94999694824219,71.72046661376953,66.84895108019087,0.18029558035692705,8.175369999159166,76.6771270933849,0.8009499160657024,0.10393599099516587,0.7077782793632394
2020-08-04,79.33000183105469,80.19000244140625,78.73999786376953,80.19000244140625,72.84693908691406,68.19951696706859,0.18256893141933128,8.062114528902404,83.17610704183451,0.8131565443027513,0.13612503636155257,0.5558077684958729
2020-08-05,80.9800033569336,84.0,80.56999969482422,81.62999725341797,74.15505981445312,69.74115621354966,0.19115674161868057,8.021298795824638,86.97800470339676,0.8288145904039166,0.151636196072904,0.47308073946460727
2020-08-06,82.04000091552734,82.0999984741211,80.22000122070312,80.5199966430664,73.146728515625,67.04314635080031,0.1951906092992739,7.771846104754551,80.87909922825727,0.7620580476089889,0.09645887707125102,0.2891820675727228
2020-08-07,80.48999786376953,80.79000091552734,79.41000366210938,80.02999877929688,72.70158386230469,65.83233565080602,0.0829497114923583,7.431309872417493,76.98550016983695,0.7221549397512536,0.04389349784085801,0.0867933937970502
2020-08-10,80.55000305175781,80.8499984741211,79.22000122070312,79.87000274658203,72.55624389648438,65.41692220873068,-0.04060046732696121,7.059558180735544,76.05798693670742,0.6953809508823633,0.03650833709052568,-0.09763989118089444
2020-08-11,79.08999633789062,79.19999694824219,77.94000244140625,77.94000244140625,70.80296325683594,60.46054441889676,0.01326019741805684,6.48805993552191,64.86957937047102,0.605768613318968,-0.05258112492474319,-0.36354326505261625
2020-08-12,78.16000366210938,79.55000305175781,77.7300033569336,79.38999938964844,72.12020111083984,62.74437357989182,-0.03967567993696541,6.114541945202221,63.55731182387137,0.6432283039356386,0.014351691822087684,-0.46978951245006684
2020-08-13,79.0,79.0999984741211,77.83000183105469,78.30000305175781,71.1300048828125,59.94150756012613,-0.02039289558439028,5.639651586178595,24.1012606275607,0.5798521789450511,-0.0891427074294387,-0.6165804693947878
2020-08-14,78.41999816894531,79.2300033569336,78.05000305175781,78.41000366210938,71.22992706298828,60.13503575534854,-0.006084694527703216,5.214415553526166,25.56598205314974,0.5640877808356878,-0.08365247682885434,-0.7101149185712625
2020-08-17,79.80000305175781,80.88999938964844,79.66000366210938,80.19000244140625,72.84693908691406,63.230813004038346,0.015706429786783715,5.002869658433104,45.100919044896884,0.6310666280704661,-0.0285542558310689,-0.6669303648739051
2020-08-18,80.22000122070312,80.81999969482422,79.25,79.41000366210938,72.13837432861328,60.99555581333146,-0.009726760893211894,4.699084938115758,30.349030522225977,0.5673290453111608,-0.06963047370357796,-0.6872096025889838
2020-08-19,79.01000213623047,79.2300033569336,78.25,78.54000091552734,71.3480453491211,58.5109970356312,-0.03785330997447234,4.318556555066974,17.14716056700673,0.4795009838074139,-0.11544664642776274,-0.7498553560003343
2020-08-20,76.31999969482422,77.0999984741211,75.9800033569336,76.80999755859375,69.77644348144531,53.81653205735509,-0.046075676965645185,3.795241147725205,10.349059215351641,0.20240061013796543,-0.506391684021275,-0.8839215652547945
2020-08-21,78.0199966430664,78.7300033569336,77.86000061035156,78.33999633789062,71.16635131835938,57.09509622436852,-0.02111690643291919,3.498526332976549,29.42635871297197,0.3252793398792817,-0.9822062410756506,-0.8647134935980714
2020-08-24,79.7300033569336,79.91000366210938,78.48999786376953,78.9000015258789,71.67506408691406,58.262954565667876,-0.01214478261619345,3.2831891907400323,36.40896996471641,0.43132079169916815,-0.9187756947555983,-0.8047079446034648
2020-08-25,79.8499984741211,80.4800033569336,79.47000122070312,80.04000091552734,72.71067810058594,60.61335667598117,0.026943997200086223,3.192553395689669,66.3398823177421,0.6123326684733617,-0.7896467113205238,-0.6868172185172745
2020-08-26,81.25,82.16999816894531,81.01000213623047,81.75,74.26409149169922,63.897565505711555,0.02972662787731939,3.2568437829194186,93.21488657582873,0.9844089059802064,-0.5959541874643864,-0.5042150695545597
2020-08-27,82.18000030517578,82.30999755859375,80.16999816894531,80.5999984741211,73.21941375732422,60.2585773219483,0.02937450767723182,3.151757040058093,72.98577170854,0.7355599355054525,-0.7262133111110484,-0.4552802586641276
2020-08-28,80.05999755859375,80.87999725341797,79.91000366210938,80.44000244140625,73.07404327392578,59.74865613790346,0.025889626551305556,3.01647535485349,70.45818593803672,0.6856490914081458,-0.7443393141342685,-0.43426142574372406
2020-08-31,79.0,79.76000213623047,78.69000244140625,79.25,71.99302673339844,55.95658749894785,-0.011722007324107553,2.756059832373849,51.65876206029999,0.44421967733271484,-0.8791294628884982,-0.49056260484106584
2020-09-01,80.12000274658203,81.5999984741211,79.98999786376953,81.55000305175781,74.08242797851562,61.09603158488372,0.02694895287002952,2.7513300338918807,87.99375666668675,0.8710660593529417,-0.6186055078163281,-0.3889283208791703
2020-09-02,81.3499984741211,82.70999908447266,79.87999725341797,82.16999816894531,74.64562225341797,62.37065788618137,0.04621818142544942,2.776652080312647,91.9762071568981,0.9664422725871715,-0.5802736925159337,-0.2901435025240602
2020-09-03,81.12000274658203,81.80999755859375,78.37999725341797,81.18000030517578,73.74629211425781,59.04398402431136,0.056893823111923814,2.664801355733286,77.26597695989406,0.7730420498734631,-0.7139038128858632,-0.2909967330698011
2020-09-04,80.5,81.47000122070312,77.41000366210938,78.91000366210938,71.68415832519531,52.172452728607404,0.00727600891774749,2.3204582442935844,43.53643633362581,0.37709431746744815,-1.0203131885447918,-0.42780060659987207
2020-09-08,78.0199966430664,79.1500015258789,77.22000122070312,77.31999969482422,70.23973846435547,47.96193172997787,-0.020025452936018318,1.8652704591306646,19.91080517937591,0.1388744903442683,-1.23493737544127,-0.6022481203183689
2020-09-09,78.62000274658203,79.69999694824219,78.55000305175781,79.4000015258789,72.1292724609375,53.274389710940866,-0.007996152076097274,1.6959201958493135,50.81724130894646,0.4749269932378675,-0.9541743448125757,-0.5770073197534806
2020-09-10,80.73999786376953,81.2300033569336,78.76000213623047,78.9000015258789,71.67506408691406,51.90271993606979,-0.03486243960951896,1.493775228334202,30.601110362222673,0.3932225237330197,-1.021664487809966,-0.5761859631595398
2020-09-11,80.01000213623047,80.30000305175781,78.5999984741211,78.81999969482422,71.60240936279297,51.67353153548853,-0.022084366857819893,1.3103972050091304,29.143881542833718,0.37337669637459736,-1.0324601446071602,-0.5650501909148897
2020-09-14,80.5,81.12000274658203,79.94999694824219,80.5,73.1285400390625,56.06238924520569,0.000745774596492943,1.3206255073641755,59.74499190505639,0.6491248671889701,-0.8056946698499292,-0.44471468546414683
2020-09-15,81.55999755859375,86.79000091552734,81.37999725341797,85.8499984741211,77.98865509033203,66.49724544599962,0.08328068187959858,1.8462526219912636,90.1776126292393,1.244295871175575,-0.19618573662844205,-0.048462400089145596
2020-09-16,86.48999786376953,86.48999786376953,83.04000091552734,83.12999725341797,75.5177230834961,58.84547344468776,0.019374298928171108,1.9623301048836055,61.7554464072885,0.857307453156114,-0.4247641422610679,0.03221713699797757
2020-09-17,81.0,82.29000091552734,80.61000061035156,81.91000366210938,74.79361724853516,56.78339283233358,0.001982634622761381,1.9509108291804862,49.00734159837813,0.7378139547036474,-0.491748970984298,0.02227737048013334
2020-09-18,82.37000274658203,82.83999633789062,80.11000061035156,80.2300033569336,73.25957489013672,52.57970273161207,-0.006599887399992954,1.753033077648074,31.452478915525777,0.5182116707425691,-0.7958376652935885,-0.0956787923640543
2020-09-21,79.80000305175781,80.6500015258789,79.08000183105469,80.58999633789062,73.58831024169922,53.376247735090246,0.026563078384288508,1.6137406465634594,35.21416117714307,0.5489732623476268,-0.7614870527496517,-0.15605788984768165
2020-09-22,80.83000183105469,80.88999938964844,79.4000015258789,80.4800033569336,73.48786926269531,53.08285488348238,0.04624349220759383,1.475323521742273,34.06480919736694,0.5217456866884936,-0.7719824531892387,-0.2042169694389666
2020-09-23,79.69999694824219,79.93000030517578,77.88999938964844,77.91999816894531,71.15028381347656,46.655327029782875,-0.013572695440552507,1.0959126446092526,7.314492900357871,0.1977875824958186,-1.0162442634046556,-0.38449608195467677
2020-09-24,76.81999969482422,79.0,76.16999816894531,78.37999725341797,71.57030487060547,47.87659433681713,-0.001461585247856334,0.8315033450148971,20.809778841007624,0.27994662541973236,-0.8151160177731797,-0.4612745932320057
2020-09-25,78.16999816894531,78.91999816894531,77.38999938964844,78.87999725341797,72.02686309814453,49.237025371455154,0.0059279253188389,0.6646575057243339,25.517875551819884,0.35421160244298516,-0.772125611985761,-0.4657730213990139
2020-09-28,80.30999755859375,80.37000274658203,79.47000122070312,79.7699966430664,72.83953857421875,51.65579142969392,-0.003951965466415408,0.6154188125175262,33.89828194987734,0.46953160975502956,-0.6956025172685047,-0.4009437169539277
2020-09-29,79.69999694824219,81.23999786376953,79.30999755859375,80.51000213623047,73.51527404785156,53.634081265476624,-0.057359381788275265,0.6438084008569388,40.86631680657478,0.5538277536571163,-0.6319739580527086,-0.30388495127878823
2020-09-30,80.58999633789062,81.94000244140625,80.56999969482422,81.06999969482422,74.026611328125,55.130363228425566,-0.01974518953282589,0.7144169257920452,46.13936213393104,0.6264402801597271,-0.5838254507052875,-0.201512257934234
2020-10-01,82.05999755859375,82.72000122070312,81.73999786376953,82.62000274658203,75.44194030761719,59.067805715247786,0.008668160237894185,0.9152668551685407,60.73449067339087,0.8127731420508066,-0.4505553364439987,-0.04302551787009812
2020-10-02,80.70999908447266,82.19999694824219,80.61000061035156,80.80000305175781,73.78004455566406,53.167934641446045,0.007104459264305918,0.8808417550094831,43.59702151962844,0.5836638102882037,-0.6070426549136662,-0.05395894677730495
2020-10-05,81.55000305175781,84.62999725341797,81.55000305175781,84.54000091552734,77.19512176513672,61.64579248101175,0.0490133760592002,1.2130532093856132,81.10468017532823,0.9711658869518424,-0.28547237937190384,0.15361503004639465
2020-10-06,83.7699966430664,84.44999694824219,82.7699966430664,83.12000274658203,75.89849090576172,57.39730056374644,0.032802987312765985,1.3176038547961766,82.15136323587366,0.78391160050031,-0.407565649055126,0.18622352345420168
2020-10-07,84.77999877929688,87.0,84.77999877929688,86.91999816894531,79.36833953857422,64.45670281111737,0.11550278206397091,1.7536597902451392,99.26129439031779,1.087291152003983,-0.08667767046375179,0.411218795141314
2020-10-08,88.86000061035156,88.86000061035156,86.5199966430664,87.80000305175781,80.17189025878906,65.86725598562279,0.12018371870477162,2.154621967374332,91.64698696089229,1.0548453291545974,-0.06664213396949716,0.5739095937346899
2020-10-09,88.33999633789062,88.80000305175781,87.63999938964844,88.77999877929688,81.06676483154297,67.41800999509178,0.12550736412164132,2.531895254302572,99.36956804047847,1.0348684309810345,0.0038759433032082577,0.6935406540008837
2020-10-12,89.12000274658203,91.2699966430664,88.68000030517578,90.91000366210938,83.01168823242188,70.54975007694047,0.13965148403347394,2.9930122606847407,97.61594028255035,1.0670472067442176,0.07109210296955247,0.8453423902953086
2020-10-13,90.5,90.6500015258789,89.43000030517578,89.63999938964844,81.85204315185547,66.44863958475119,0.11340186392527696,3.19330779712152,89.20531511171002,0.9318177860046469,-0.005705592245705109,0.8092973712671956
2020-10-14,89.6500015258789,89.87999725341797,88.2699966430664,88.5999984741211,80.90239715576172,63.208222572413085,0.09288262294162841,3.213042012142754,80.76369814635358,0.8294878884566155,-0.06859606191835352,0.6689602832200792
2020-10-15,87.29000091552734,89.48999786376953,87.19000244140625,88.1500015258789,80.49148559570312,61.80378897031057,0.06693286608875959,3.148151250613772,73.91308230752203,0.7743270163243564,-0.09580875076483443,0.5034677261601406
2020-10-16,88.55000305175781,88.58999633789062,86.44000244140625,86.69999694824219,79.16747283935547,57.379789391219596,0.07302012781554779,2.926468062692397,61.789297285504595,0.670612083203787,-0.1834917236218712,0.27146411180469965
2020-10-19,88.33999633789062,89.62000274658203,87.29000091552734,87.55999755859375,79.95274353027344,59.24321392146566,0.035722746490726154,2.7986021755704487,65.3271014709762,0.7004218195427527,-0.13148703684896898,0.14392548841346642
2020-10-20,87.79000091552734,88.9800033569336,87.7699966430664,88.26000213623047,80.59193420410156,60.747596168761774,0.06183842711928733,2.7303468124424866,71.76364327342658,0.7186520632180832,-0.08915652437086559,0.0788987621988051
2020-10-21,88.0,88.87000274658203,87.56999969482422,87.63999938964844,80.02579498291016,58.681562310636856,0.008283598323439945,2.5880117984766766,65.94748025911323,0.6631130766268446,-0.126649191814619,-0.02063907375088503
2020-10-22,88.44000244140625,88.94000244140625,87.87999725341797,88.20999908447266,80.5462646484375,60.02750466744739,0.004669646536210825,2.4988900667096177,68.51852287917212,0.6799832211780993,-0.15460332252502212,-0.0671979855944187
2020-10-23,88.25,88.44999694824219,87.43000030517578,88.30999755859375,80.6375961303711,60.27206629249452,-0.005294015396614005,2.409159969477493,65.17648135914523,0.6686542869964422,-0.2709967664378055,-0.1053434776167026
2020-10-26,87.20999908447266,87.77999877929688,85.7699966430664,86.7300033569336,79.19486236572266,54.59018694693039,-0.045979378903999724,2.166535730482656,30.046305385131728,0.5311343737073444,-0.39162668910406223,-0.23387631245227825
2020-10-27,86.95999908447266,87.22000122070312,85.9800033569336,86.70999908447266,79.17658233642578,54.52005633996006,-0.0326865489535314,1.9500195694792017,17.090953480113637,0.5050737178254451,-0.512225958487525,-0.3208859180459942
2020-10-28,85.1500015258789,85.41000366210938,83.83999633789062,83.8499984741211,76.56504821777344,45.52253380197284,-0.05361211892940043,1.495464785513345,0.13461824790910445,0.2114443678334119,-0.7614515851754938,-0.5420724344402563
2020-10-29,84.2699966430664,85.33000183105469,84.0199966430664,84.88999938964844,77.51473236083984,48.829676795385915,-0.03698221262575618,1.2177516510937765,14.131938204987343,0.28999925535035387,-0.6723629832518264,-0.6072593538670383
2020-10-30,84.43000030517578,84.75,83.16000366210938,83.87000274658203,76.58332824707031,45.887465917629804,-0.032641494032894514,0.8916103928628744,9.479296221258616,0.11357413236107826,-0.8929751110462242,-0.6899141331791061
2020-11-02,84.5999984741211,85.95999908447266,84.52999877929688,85.70999908447266,78.26348114013672,51.5578057736166,-0.02112826046422156,0.7965350027730645,37.94639664033842,0.32435267484408253,-0.9121782944623161,-0.6109486075787951
2020-11-03,86.19000244140625,88.23999786376953,86.05999755859375,87.69000244140625,80.07145690917969,56.80334156200563,-0.0064581809589498995,0.8965642503311807,70.12383005107917,0.5484857484536475,-0.762832235019421,-0.4252722765151733
2020-11-04,88.72000122070312,89.7699966430664,88.45999908447266,89.44999694824219,81.67853546142578,60.860402964395384,0.020652596814171975,1.1263974276180324,95.15884970307657,0.7702992259887992,-0.5646719460993623,-0.19429664951048853
2020-11-05,90.41999816894531,90.95999908447266,89.7699966430664,90.43000030517578,82.57339477539062,62.94722088091155,0.02516727666765184,1.3816308017670778,93.20513986742452,0.8633259676746149,-0.45433161460141264,0.00795424801346134
2020-11-06,89.80999755859375,91.5,89.05000305175781,91.41000366210938,83.46826171875,64.95923126604359,0.03510354628878587,1.6526504744006174,98.92090674570503,0.9353558284329327,-0.3450385860914434,0.18158107288733105
2020-11-09,92.19999694824219,92.4800033569336,88.94000244140625,89.02999877929688,81.29503631591797,56.88114068927428,0.026519068124605027,1.6280580462450427,62.982782289653414,0.6735060904061109,-0.5821037990620429,0.13195273259397422
2020-11-10,88.4000015258789,88.80000305175781,86.69999694824219,87.66000366210938,80.0440673828125,52.81004931860972,0.010956333562122333,1.4657495537989287,48.2832633835711,0.5150471064187633,-0.7163279379104791,0.0035494859200193574
2020-11-11,89.5,91.18000030517578,89.36000061035156,90.87999725341797,82.98429870605469,60.04779000560939,0.08384048123398324,1.613326256107735,82.83255197525195,0.8888862343258476,-0.40085246371330513,0.09996728337290572
2020-11-12,90.87999725341797,91.88999938964844,89.77999877929688,89.81999969482422,82.01637268066406,56.951078151413846,0.058074641848320896,1.6136849880819708,71.45918724024654,0.7445517622762703,-0.5047071908683022,0.08260685803005607
2020-11-13,91.54000091552734,93.80999755859375,91.20999908447266,93.22000122070312,85.12100219726562,63.46019785029792,0.11148214821183244,1.8997282097919097,94.4601251078145,1.0290523440731512,-0.19786857661922386,0.2545552117910532
2020-11-16,96.41999816894531,102.44000244140625,96.36000061035156,99.2699966430664,90.64537811279297,71.66900321157972,0.1582078485684213,2.633078174873197,83.55806017091744,1.2611574631991558,0.006245587376358772,0.6899872033302437
2020-11-17,97.9800033569336,98.08999633789062,95.69000244140625,95.70999908447266,87.39466857910156,62.73757125683052,0.0914584541433805,2.8543212508243623,65.09334137427247,0.936969450240123,-0.16235968956909738,0.7061614964127982
2020-11-18,98.5199966430664,98.80000305175781,96.37000274658203,96.93000030517578,88.5086898803711,64.37601755401019,0.08362239088102874,3.0964498490129833,71.42114893623757,0.9435294396418046,-0.10457849808552828,0.7356427434919803
2020-11-19,96.7699966430664,96.86000061035156,95.62000274658203,96.61000061035156,88.21649169921875,63.58626136128553,0.06834037693591277,3.218436678208012,67.44834930777422,0.8747061264787612,-0.11973400636627103,0.6805007550496618
2020-11-20,96.66000366210938,97.19999694824219,95.30000305175781,95.33000183105469,87.04769897460938,60.39463552054306,0.04288381214790893,3.1645740342357604,56.59341580653575,0.7748248855834576,-0.180356039489242,0.5177159814082852
2020-11-23,97.16000366210938,98.93000030517578,96.8499984741211,98.12999725341797,89.60442352294922,64.58254389436243,0.10221272519936409,3.3229817379513102,72.61751153860695,0.8762054624033693,-0.047745836677129304,0.5325700716419743
2020-11-24,98.48999786376953,98.58999633789062,96.0199966430664,96.63999938964844,88.24385833740234,60.89253584633355,0.10244095812090803,3.2793401578647177,63.1512005870851,0.7702719023386015,-0.11831457483534269,0.4067799701259136
2020-11-25,96.19999694824219,97.98999786376953,96.13999938964844,97.48999786376953,89.02001190185547,62.21871405379176,0.07273319519371202,3.2776729115290113,68.55144313776432,0.7874694672061938,-0.07805764466963287,0.33486420395697936
2020-11-27,98.54000091552734,99.2699966430664,98.05000305175781,98.73999786376953,90.16140747070312,64.14434518575501,0.09930986367505268,3.3415452476034773,76.49299055680989,0.8223367710200661,-0.018856625939626392,0.3230314389537483
2020-11-30,97.55999755859375,97.94999694824219,96.19999694824219,97.0199966430664,88.59083557128906,59.63991651856931,0.04076353995436044,3.2073851193392606,65.56541355278578,0.7136307239552224,-0.1552643237486688,0.17567014600830344
2020-12-01,98.69000244140625,104.30000305175781,98.5199966430664,100.86000061035156,92.09724426269531,65.46991429044385,0.01601699038748272,3.3835231986267393,76.97455234764703,0.9014463850576907,-0.05101069704369453,0.27468777260837873
2020-12-02,102.0,102.04000091552734,99.5199966430664,99.54000091552734,90.89190673828125,62.14664998955945,0.04001660760363568,3.369891065253487,67.21762578776628,0.7960682929864807,-0.14382338998156782,0.22162156022871304
2020-12-03,101.05999755859375,101.19000244140625,99.43000030517578,99.5,90.85536193847656,62.04381918665731,0.026513465076448917,3.3154847276886357,63.330774660159825,0.7669683029535314,-0.1458997983413006,0.15009846327726617
2020-12-04,101.51000213623047,103.75,100.69999694824219,103.7300033569336,94.7178955078125,68.05942764255835,0.07369828116448796,3.5781042525301316,93.66667005750868,0.9592149870039155,0.07356226017266726,0.3192442753749609
2020-12-07,106.0199966430664,107.61000061035156,104.97000122070312,106.38999938964844,97.14680480957031,71.15532413318458,0.11601806772522161,3.950480418282281,90.08934636342451,1.0151179721722867,0.11760813159772844,0.5381516203335233
2020-12-08,107.77999877929688,107.83999633789062,105.11000061035156,105.63999938964844,96.4619369506836,69.12093734370077,0.0765309697682286,4.128180533637792,82.45615529415772,0.9268733928113848,0.07977579395870311,0.5768325048574532
2020-12-09,106.01000213623047,106.5999984741211,103.51000213623047,104.41999816894531,95.34793853759766,65.82427345879148,0.08050509501786185,4.118016510063692,72.72727272727273,0.8447378423615913,-0.05797730997725246,0.47182239226230216
2020-12-10,103.0,105.11000061035156,102.19999694824219,104.2300033569336,95.17445373535156,65.30193423033093,0.06913548652724688,4.045042493061188,71.2121617724541,0.8084950688853837,-0.08330367191064442,0.34120035281399996
2020-12-11,104.01000213623047,105.12000274658203,103.22000122070312,104.02999877929688,94.99181365966797,64.71966723847896,0.0535750974221918,3.923840988275539,67.76651728458094,0.7846271482006186,-0.1545907877454377,0.20001074416601394
2020-12-14,103.7699966430664,104.9000015258789,103.5,103.55999755859375,94.56265258789062,63.29159205502613,0.0674089704436307,3.7458523126540038,63.79019551776287,0.7339575901209159,-0.44079990898261356,0.04341072146491376
2020-12-15,105.68000030517578,106.37999725341797,104.41999816894531,105.08999633789062,95.95973205566406,65.92735369903295,0.04193923307793557,3.6819781104813107,76.4957203650112,0.8068467701925826,-0.3293900034192366,0.0018084447318567065
2020-12-16,105.6500015258789,105.66999816894531,103.95999908447266,105.19999694824219,96.06017303466797,66.11572437686533,0.0568616775888362,3.5966014061842118,77.319591683173,0.7852429802048004,-0.32138035168242285,-0.04828717359484447
2020-12-17,104.9000015258789,105.31999969482422,103.8499984741211,103.9000015258789,95.27342224121094,63.16975930471509,0.04862740303347324,3.4205274303326267,66.15124554460378,0.7054182247047203,-0.3841196829966628,-0.15758860883788728
2020-12-18,104.0,104.80000305175781,103.16000366210938,104.27999877929688,95.62185668945312,63.936172941973716,0.009543721139434247,3.272395065413441,61.802600051899525,0.7096020357491114,-0.3563338269525851,-0.22546529482735078
2020-12-21,103.55999755859375,104.95999908447266,103.31999969482422,104.83000183105469,96.12622833251953,65.0693040559185,-0.010505507402444603,3.1608381636228664,64.20932310637158,0.7299303611065183,-0.37301254719155,-0.2533541139851474
2020-12-22,105.06999969482422,105.22000122070312,102.91000366210938,103.94000244140625,95.3100814819336,61.691488488633865,-0.0119410360724862,2.967789533207727,53.62668565700367,0.6438120552126103,-0.4420605058766348,-0.33841229494107194
2020-12-23,104.66999816894531,104.87000274658203,103.5999984741211,103.76000213623047,95.14505767822266,61.00193752816855,-0.0021277949212819003,2.7685499542767102,42.85721918162449,0.6105585414067414,-0.46703777529405766,-0.4125197721364602
2020-12-24,104.76000213623047,106.33999633789062,104.66999816894531,105.97000122070312,97.17153930664062,66.02412106760394,0.020983420370788597,2.7509857357929737,66.84405461781328,0.7831462842837122,-0.29853415727302834,-0.3350817510267099
2020-12-28,107.5999984741211,108.16999816894531,105.94999694824219,106.1500015258789,97.33660888671875,66.40365502654032,0.024684182107014063,2.718374890218982,66.16421725239616,0.7779482091609892,-0.287044960520915,-0.2847446257667374
2020-12-29,107.0,107.1500015258789,105.22000122070312,105.55999755859375,96.79559326171875,63.88479022180353,0.023613346418690284,2.615591621548575,56.28140575079872,0.7196187740128406,-0.560694622661274,-0.29844428992237493
2020-12-30,107.69999694824219,109.69999694824219,107.4000015258789,108.9000015258789,99.85826873779297,70.66793857513693,0.0406267983310693,2.7591224112120813,89.33339436848958,1.038750827328945,-0.340299067906091,-0.12090345195538488
2020-12-31,109.66000366210938,109.66999816894531,108.44000244140625,109.04000091552734,99.98665618896484,70.91455565786713,0.040875245486803546,2.847722506069161,90.27987208672575,1.0187681740550245,-0.3277978514369938,-0.019787599594871974
2021-01-04,111.47000122070312,114.0999984741211,110.44999694824219,111.69999694824219,102.42581176757812,75.18351859283628,0.07507224321447103,3.081857197303241,78.55225524052376,1.21958516202795,-0.25320786396904954,0.17563881577847695
2021-01-05,112.41000366210938,114.94999694824219,112.01000213623047,112.7699966430664,103.40696716308594,76.66705823553954,0.08141559621579164,3.304864234098636,81.89367507632566,1.1418709166868344,-0.28733566942401906,0.32648620740757783
2021-01-06,113.8499984741211,116.38999938964844,112.55000305175781,115.61000061035156,106.01114654541016,80.07220597474581,0.1028326855673225,3.6457372906707906,94.21365707332258,1.167771178778245,-0.11342008869236803,0.5443181321109316
2021-01-07,119.33999633789062,122.94000244140625,117.58999633789062,121.43000030517578,111.34795379638672,84.9269210073814,0.16827047113051896,4.284735892458712,92.4612969133517,1.2389620239642878,0.059077841139420474,0.9658648705291291
2021-01-08,125.91000366210938,126.29000091552734,116.9800033569336,118.69000244140625,108.8354263305664,75.59039875540124,0.14388943563042567,4.524095713883935,67.49358696776564,0.9997568680585546,-0.10655673351754959,0.9898703254079901
2021-01-11,119.73999786376953,123.5999984741211,118.80000305175781,122.5999984741211,112.4207992553711,79.11828186203485,0.15693134077673654,4.927497797156683,84.21726742988902,1.0520749663284465,0.024791989330593848,1.150343842227742
2021-01-12,125.16000366210938,125.19999694824219,121.68000030517578,123.0,112.78755950927734,79.44554128470881,0.15873730140466003,5.2019788527353406,85.92813814361602,0.9810701131140648,0.04047891392390759,1.1799144018269896
2021-01-13,124.4000015258789,124.80000305175781,118.0,119.2300033569336,109.33061218261719,68.54177663811767,0.12949989249000105,5.08727372216509,68.88498546077638,0.8094720271717416,-0.10738027054005886,0.8791780377473613
2021-01-14,123.44999694824219,134.64999389648438,121.66999816894531,126.44999694824219,115.95113372802734,75.48203310118303,0.16115705983738704,5.429874000696666,72.6484385696232,0.9801747113159431,0.02887378948825833,1.0282934861859268
2021-01-15,128.47000122070312,128.5399932861328,123.20999908447266,125.2300033569336,114.83240509033203,72.56858543931529,0.14847730154422,5.541015520603913,67.99186923582639,0.887947986573716,-0.006372870306983463,0.9553059021807115
2021-01-19,130.58999633789062,134.0500030517578,128.44000244140625,131.3000030517578,120.3984375,77.26946341484461,0.17546969286613878,5.960513447294078,88.61708570018313,0.9891064656106012,0.16899052358719147,1.1713630678827593
2021-01-20,135.19000244140625,136.1300048828125,130.10000610351562,130.63999938964844,119.79322814941406,75.74942454290502,0.15846380022426243,6.160779615337996,80.89103775952353,0.9131698964781687,0.12622467991912173,1.1607578039628326
2021-01-21,133.25,135.39999389648438,132.33999633789062,134.16000366210938,123.02096557617188,78.2112454550685,0.1604531182338973,6.46270194589237,92.88551445644771,0.9421642852079273,0.22338715156726383,1.2506049728310202
2021-01-22,130.0399932861328,131.25,128.80999755859375,129.13999938964844,118.41780090332031,67.66198238844305,0.06349328268628684,6.289545562763974,72.78036085123577,0.7857025099821632,0.0735118201649102,0.8961035841398992
2021-01-25,131.8300018310547,132.1699981689453,127.3499984741211,130.52000427246094,119.68321990966797,68.90370363557409,0.09967153108909144,6.165455569583589,76.74129365036437,0.7939064702608104,0.09521610097765844,0.6541535756072605
2021-01-26,129.0500030517578,129.32000732421875,126.25,126.6500015258789,116.13452911376953,61.74357268626575,0.0330341883619103,5.747755519508104,59.79642654459636,0.671974854712581,-0.028893348432506665,0.1867158216645688
2021-01-27,124.94999694824219,125.0999984741211,121.5,121.73999786376953,111.6322021484375,54.06704861414553,-0.010243659547796269,5.041964896759681,24.856366201346678,0.5155713887760885,-0.17455256654677528,-0.4588338188032335
2021-01-28,124.5,127.58000183105469,123.58000183105469,125.83000183105469,115.38262176513672,58.6760057303812,0.05535512389165742,4.69369409624747,46.21408756631896,0.6187701131006398,-0.10415038960894092,-0.6544629782407627
2021-01-29,124.0,124.36000061035156,120.55000305175781,121.5199966430664,111.43045043945312,52.67748787188277,-0.03898783171174369,4.091572900115008,19.415309956167814,0.4513668865206559,-0.27400260980926816,-1.0479051985514198
2021-02-01,124.54000091552734,126.8499984741211,123.37999725341797,126.66000366210938,116.14371490478516,58.1696756290557,0.011419335974210298,3.9031626783010904,47.76614081510358,0.619045688960471,-0.1602820795441378,-0.9893116657589092
2021-02-02,129.47000122070312,130.25,127.44999694824219,128.44000244140625,117.77590942382812,59.905083976652264,-0.021782077331127137,3.823496021425129,57.58411268440153,0.6752798364532631,-0.1429491446507104,-0.8448342947468781
2021-02-03,129.0,129.13999938964844,126.05999755859375,127.5,116.9139633178711,58.524257075381776,-0.024035288772348284,3.655957681473793,44.60844757019973,0.6141984629481128,-0.19692960444277902,-0.8113450199813794
2021-02-04,127.5,128.1999969482422,125.97000122070312,128.14999389648438,117.50997924804688,59.224164919991516,-0.044797131141949276,3.5232749677960937,48.780423308923844,0.6303956433587857,-0.354325020945973,-0.7542835463684741
2021-02-05,128.7899932861328,128.8800048828125,126.69999694824219,127.77999877929688,117.17072296142578,58.61780434785073,-0.010531169574012567,3.3547171175327266,46.405615390416344,0.5923815311089431,-0.37204075251720187,-0.7434064550552799
2021-02-08,128.6999969482422,133.25,128.6999969482422,132.5500030517578,121.5446548461914,63.768305086458994,0.015553015183986219,3.4837659200235698,77.0218137977437,0.8559410076766493,-0.18648682341217737,-0.4595680030098954
2021-02-09,133.97999572753906,134.41000366210938,131.75,132.67999267578125,121.66385650634766,63.90017205669064,0.047611398907566826,3.549270199262607,81.68348217083896,0.8273119239839648,-0.1799119956100484,-0.2900014335439698
2021-02-10,134.1199951171875,136.0,132.50999450683594,133.69000244140625,122.58999633789062,64.9670220889075,0.09815979599580538,3.6194685776167193,85.04855653802204,0.8495442430063198,-0.12882873129052455,-0.14878934515997422
2021-02-11,135.39999389648438,139.22999572753906,134.05999755859375,139.16000366210938,127.6058349609375,70.11769541883677,0.10593634473552993,3.9654801608657255,99.6253099953276,1.0979974280869962,-0.004278657618125105,0.22858227639075768
2021-02-12,138.9199981689453,139.80999755859375,137.16000366210938,138.05999755859375,126.59716033935547,67.95400930056142,0.13610920390332026,4.115778306920736,90.91380841578707,0.955481051693959,-0.06802497340010423,0.34920032802510015
2021-02-16,141.61000061035156,142.1999969482422,139.4199981689453,140.0500030517578,128.4219512939453,69.7713331588567,0.10571589172281848,4.300700217249952,90.06930945678697,0.9781759181216807,-0.018399516793130316,0.4825964739960753
2021-02-17,139.2100067138672,139.63999938964844,136.10000610351562,136.27000427246094,124.95582580566406,62.518869101241265,0.06096252125719781,4.1643235040052105,72.60972587736299,0.7713603520279452,-0.17849773690598195,0.27825497372397745
2021-02-18,134.85000610351562,135.8800048828125,133.39999389648438,134.6300048828125,123.45197296142578,59.62306865230777,0.055921546563081126,3.910392335280944,65.0346688242765,0.6812506211488695,-0.24795978162658042,-0.00246856449938182
2021-02-19,136.14999389648438,137.9499969482422,135.72000122070312,136.66000366210938,125.31343841552734,61.971108722789246,0.06640677853417443,3.787413342216607,70.56326580251543,0.7648962333554313,-0.161979828791405,-0.10157851443655197
2021-02-22,133.58999633789062,135.27999877929688,133.17999267578125,133.57000732421875,122.47998809814453,56.57770618434975,0.0453122162476256,3.4626696255122082,46.82691376572535,0.6127077794013744,-0.29285516903078124,-0.38104811670391303
2021-02-23,129.10000610351562,131.74000549316406,125.37999725341797,129.10000610351562,118.38109588623047,49.82255403668285,-0.026027956259896956,2.901686454222162,22.11658096071406,0.4118076013010054,-0.4821804977820129,-0.8388024562221554
2021-02-24,129.50999450683594,132.3800048828125,127.68000030517578,132.3000030517578,121.31539916992188,54.05196536392074,-0.002864099054821656,2.621291933676644,41.1415334357541,0.5455860115817819,-0.34664682060310653,-0.9335520700467228
2021-02-25,131.52000427246094,131.5399932861328,125.72000122070312,126.0,115.53849029541016,45.85691851537139,-0.057521055984410374,1.992222641453666,3.686104386629781,0.22714991297186882,-0.6134787145118527,-1.3496118780044246
2021-02-26,125.43000030517578,127.38999938964844,122.83000183105469,125.94000244140625,115.48347473144531,45.785724288988206,-0.09499847897396752,1.4715327139438938,16.055763522583327,0.2235660935450123,-0.6160198498224624,-1.577018246031117
2021-03-01,129.6300048828125,130.3000030517578,127.23999786376953,129.1300048828125,118.40862274169922,50.21174809701268,-0.06468184259193577,1.2406693586382438,32.524546411308364,0.3460964621059221,-0.610259174181839,-1.4804778544685187
2021-03-02,128.42999267578125,128.52000427246094,126.0,126.0,115.53849029541016,46.22418030144885,-0.10032133033897117,0.8539122920156792,16.365508353342282,0.17803915102467155,-0.7584333182084587,-1.552421668142666
2021-03-03,126.72000122070312,127.76000213623047,122.70999908447266,122.88999938964844,112.68672180175781,42.60384691253819,-0.09818753087181076,0.3482192301637886,0.9235522057721133,0.05907312171677368,-0.8962780082776397,-1.721486476423384
2021-03-04,121.94999694824219,123.1500015258789,113.48999786376953,115.58999633789062,105.99280548095703,35.56295221481345,-0.14142477484684757,-0.5112374769455278,7.314519474355693,-0.13670301354983191,-0.6431352358721336,-2.18383546843077
2021-03-05,120.9000015258789,121.30000305175781,115.37999725341797,120.80000305175781,110.7702407836914,42.82537573144071,-0.11605457336197322,-0.8583559524860708,25.461530550663724,0.11836985452770536,-0.47673205039386674,-2.0687199425606746
2021-03-08,120.54000091552734,121.0,113.69999694824219,113.93000030517578,104.47063446044922,36.916911901374164,-0.1470391524145498,-1.5622497538111504,1.6826096203887753,-0.03838839169977272,-0.6961540818856485,-2.2998912776899703
2021-03-09,117.06999969482422,118.4000015258789,115.33000183105469,116.37999725341797,106.71723937988281,40.0913086862069,-0.09852803286731815,-1.9468279959441206,11.815206450612768,0.10115614297335448,-0.6179024277207192,-2.185348971780517
2021-03-10,117.80000305175781,118.02999877929688,113.41000366210938,113.83000183105469,104.37895202636719,37.95076237296641,-0.13960673796928658,-2.397535755154514,1.711484449275083,0.08445351504367943,-0.6956871740811468,-2.1477408115600864
2021-03-11,118.23999786376953,120.80000305175781,117.06999969482422,120.58000183105469,110.56851196289062,46.14726750989269,-0.043015780453875,-2.285740381368578,32.784635435562826,0.29997323241327284,-0.4806971990919986,-1.6112025381018293
2021-03-12,119.0,119.0,117.27999877929688,118.30000305175781,108.47779083251953,44.03145899374983,-0.060663951402721183,-2.3223198673078738,25.77753861350141,0.25838207736856145,-0.5533169148936735,-1.3148266953765022
2021-03-15,118.6500015258789,119.11000061035156,116.70999908447266,119.08000183105469,109.19304656982422,44.96117319175704,-0.07782859016930033,-2.2742979106312164,29.889287317268572,0.3022162170037758,-0.5284730140911956,-1.0024488785063275
2021-03-16,119.72000122070312,121.25,118.0999984741211,119.3499984741211,109.44063568115234,45.299899149011395,-0.052777689916726045,-2.193546988127205,32.763365755823884,0.32853745798830203,-0.533329341498503,-0.7239773033387444
2021-03-17,117.75,119.5199966430664,115.38999938964844,118.76000213623047,109.30992126464844,45.14194312587164,-0.02996626828003701,-2.115133349842267,31.675539771777654,0.3427616455816268,-0.5490775680194594,-0.5038478003603943
2021-03-18,118.0,118.33000183105469,114.0999984741211,114.5,105.388916015625,40.571875199326755,-0.005697457130149575,-2.3142530489980393,6.453501345646366,0.21705633526598633,-0.7088577767304023,-0.5725646653153298
2021-03-19,114.37999725341797,114.88999938964844,113.20999908447266,113.62999725341797,104.58814239501953,39.688183758706664,-0.05581010156639521,-2.5053686154447847,2.743292139932317,0.20065926152640307,-0.7726595744754405,-0.6182917024108319
2021-03-22,114.79000091552734,118.33000183105469,114.79000091552734,117.18000030517578,107.85567474365234,44.95655085456593,0.032401835220830844,-2.389682179209714,27.285226034529952,0.3609766089524352,-0.6613073928691251,-0.3861730794365279
2021-03-23,116.0999984741211,116.75,114.62000274658203,114.88999938964844,105.74787902832031,42.384531046836806,-0.009083446659558514,-2.4270253318550172,16.901407369655587,0.2801809654811999,-0.7712601877459305,-0.3342349340025037
2021-03-24,112.47000122070312,114.69000244140625,108.8499984741211,108.95999908447266,100.28974151611328,36.55274062007996,-0.039176581397568855,-2.8344807338631375,0.8835387141073887,0.030213109793427947,-0.7592701152613818,-0.6110023020660216
2021-03-25,108.0,112.75,107.88999938964844,110.44999694824219,101.66119384765625,38.830209476961386,-0.08055926553686354,-3.02563610972079,19.16165749730744,0.1422162384397659,-0.6599475468147196,-0.642046248635082
2021-03-26,112.0,116.69999694824219,111.19999694824219,116.55999755859375,107.28499603271484,47.19988215317151,-0.01099575120999896,-2.7224055220120955,64.89519291060246,0.4625551429525007,-0.40899702177900676,-0.24460975342832292
2021-03-29,116.55000305175781,116.76000213623047,112.38999938964844,114.38999938964844,105.28767395019531,44.85261767931134,-0.0357657629520538,-2.603169112784626,48.652692388080325,0.3626566576551426,-0.5081427447174868,-0.08524912748689673
2021-03-30,115.27999877929688,116.08999633789062,114.29000091552734,115.06999969482422,105.91356658935547,45.762854418059774,-0.032228148802723955,-2.4335704951365393,53.74251479908311,0.42781846156151876,-0.48146816945623966,0.08413794378763573
2021-03-31,115.79000091552734,118.36000061035156,115.55999755859375,118.27999877929688,108.86812591552734,49.96151853480505,-0.0040416765835140644,-2.0518515931726347,77.76945295644735,0.7019146797929434,-0.3179025957436383,0.3993481469592193
2021-04-01,122.80999755859375,124.87999725341797,121.63999938964844,124.80000305175781,114.86930847167969,57.20769341910854,0.08995625739854018,-1.2841036965212111,99.52916885392469,1.0843913821061302,0.028789285436835316,0.9829518062931641
2021-04-05,127.06999969482422,127.4000015258789,122.68000030517578,124.5,114.59317016601562,56.80009894917252,0.0956612053898811,-0.6922480785356973,85.13582158715633,1.0017519914558888,-0.03842388301335665,1.301341517690496
2021-04-06,124.0,124.01000213623047,121.54000091552734,122.44000244140625,112.69709777832031,53.957356894976186,0.04488797688369117,-0.36152362785382447,74.5771474045006,0.8322471992102306,-0.13560851551394812,1.3304633205766725
2021-04-07,122.44000244140625,122.61000061035156,119.83999633789062,119.88999938964844,110.35000610351562,50.5825501714727,0.043519805006801304,-0.2697601605254298,61.50691279380107,0.6638617243985419,-0.25591048464833843,1.1449355971572257
2021-04-08,121.37999725341797,123.81999969482422,121.37999725341797,123.43000030517578,113.60832214355469,54.80830864045104,0.13280102656662596,0.04153881432858314,79.65145676057742,0.8361898116423514,-0.08890301754056691,1.1897098642177386
2021-04-09,122.75,123.44000244140625,121.69999694824219,122.80000305175781,113.0284652709961,53.92457105586085,0.11181524624208317,0.2419784797850621,76.42235791671798,0.7836899618114926,-0.11862402261835661,1.1288309981104525
2021-04-12,122.20999908447266,122.45999908447266,119.23999786376953,120.9000015258789,111.27965545654297,51.24107116672361,0.037234092105572936,0.2697699788852143,66.68375557002442,0.6653059400246437,-0.20826059991044976,0.92774948568561
2021-04-13,122.4000015258789,122.9000015258789,120.3499984741211,121.2699966430664,111.62020874023438,51.74467301916216,0.06014507256599266,0.3129351136402708,68.58019368727307,0.6762800277142115,-0.19080528230907484,0.7805564389264081
2021-04-14,121.98999786376953,122.43000030517578,120.5,120.83999633789062,111.22442626953125,51.08431883193959,0.05014333716819186,0.31464406242592546,66.37619441462685,0.6459010233295635,-0.2110914139014517,0.6260854675439513
2021-04-15,121.69999694824219,122.0,116.55999755859375,118.3499984741211,108.93256378173828,47.31850385886189,0.0005918891839924445,0.14734412139143713,44.135799416681145,0.5106060331920862,-0.3285625690448401,0.35272008504887786
2021-04-16,119.19000244140625,120.5999984741211,117.8499984741211,118.83999633789062,109.3835678100586,48.128855929192035,-0.047756365339080675,0.04692102662770214,42.97132598451452,0.5260287868797696,-0.3054460145118814,0.1934036669014901
2021-04-19,118.0,118.87999725341797,115.19999694824219,115.4000015258789,106.21729278564453,43.114740579995456,-0.0730922913489227,-0.2619341546971734,8.466823483403303,0.3259715878053897,-0.4677358493517365,-0.11736454459170204
2021-04-20,116.05000305175781,116.77999877929688,114.55000305175781,114.94999694824219,105.80310821533203,42.49112497239782,-0.06117273380499144,-0.5325797848345187,3.112793338380015,0.3094211783040982,-0.4889651945573606,-0.3308693419454416
2021-04-21,114.5,117.48999786376953,113.7699966430664,117.4000015258789,108.05815124511719,46.987047240841385,-0.020768959960441924,-0.5747230713966957,26.632454749814162,0.43876700101382443,-0.3733812487413068,-0.3011210535506599
2021-04-22,117.5,117.5,114.41000366210938,115.31999969482422,106.14366149902344,43.85259191750168,-0.06570522743130525,-0.7417674891519417,11.371991903776744,0.2753850551063844,-0.4715098769559856,-0.38586942321464957
2021-04-23,116.58000183105469,118.72000122070312,115.93000030517578,118.63999938964844,109.19947814941406,49.62858915527579,-0.03387630817070442,-0.6403210034500892,47.55859505967167,0.45773731441137355,-0.5054887798482317,-0.21986661325269596
2021-04-26,120.0,121.54000091552734,119.4000015258789,121.5199966430664,111.8503189086914,54.04501481575583,0.005128192119280062,-0.3595032222667491,77.11440444432974,0.656196333617731,-0.41795472379410076,0.0692565418490591
2021-04-27,121.5,121.6500015258789,119.88999938964844,121.2699966430664,111.62020874023438,53.605641014811845,0.0,-0.15277998119564157,74.62684301064168,0.6185900117180207,-0.5397246612393316,0.2363794230538147
2021-04-28,120.0,120.41999816894531,118.7300033569336,119.66000366210938,110.13832092285156,50.744547195191814,-0.00976498942820092,-0.09720498242617262,60.91006708655926,0.46857674595344834,-0.6484471327368642,0.23784975683440396
2021-04-29,120.72000122070312,120.83000183105469,117.61000061035156,119.0999984741211,109.62287139892578,49.749899429933144,0.006337017997397165,-0.09007000256598602,58.3789592608934,0.41625140682947775,-0.6862643990076757,0.19654893219073716
2021-04-30,118.01000213623047,118.18000030517578,116.6500015258789,116.73999786376953,107.4506607055664,45.68582296949846,-0.01767090928912307,-0.24174616057668014,32.53011645474844,0.23400267812425926,-0.8456341653456572,0.024426429424693308
2021-05-03,117.47000122070312,117.55000305175781,115.7300033569336,115.94000244140625,106.71432495117188,44.362859596253216,0.0046793902620960726,-0.4121252026404661,25.057793079631114,0.1853183505806405,-1.0710300690370422,-0.12909110937201818
2021-05-04,115.0,115.81999969482422,113.73999786376953,115.36000061035156,106.18048095703125,43.38201712012824,0.0035667453259613513,-0.5807433542952195,19.612618978344905,0.16658759212597116,-1.131951937850721,-0.24968299829892415
2021-05-05,116.0,116.48999786376953,114.8499984741211,115.37999725341797,106.19888305664062,43.428448919919354,-0.01720618173689681,-0.7055888223344158,20.73323173672332,0.20115284224556826,-1.1301263330623685,-0.3075039680626913
2021-05-06,115.30000305175781,117.63999938964844,114.45999908447266,117.0,107.68998718261719,47.20649215013629,0.014568233861123936,-0.6857886525439681,41.21366152896468,0.36759167797430176,-1.0057121470128572,-0.22826500442302045
2021-05-07,118.4000015258789,119.41999816894531,116.05000305175781,116.83000183105469,107.53350067138672,46.85285448736546,-0.015256276918721556,-0.674063796768896,39.06450741719555,0.36932943687136455,-1.059564924788859,-0.17189849050445072
2021-05-10,114.9800033569336,115.37999725341797,112.2300033569336,112.30999755859375,103.37316131591797,38.57842895654633,-0.07579019600018966,-0.9655289633267712,0.8491955117769688,-0.022594390948856718,-1.212069687058915,-0.38794755411659354
2021-05-11,109.7300033569336,112.98999786376953,109.12999725341797,112.8499984741211,103.87019348144531,39.94302980383515,-0.06943200829184182,-1.147837732635197,29.712459674519902,0.08181149142291373,-0.7774738770738467,-0.4653089942890918
2021-05-12,109.3499984741211,110.08999633789062,108.05999755859375,108.20999908447266,99.59941101074219,33.13164579414335,-0.09568794788047974,-1.59998350278828,1.1037636651173968,-0.16519974020160558,-0.9889286274097715,-0.754898562667395
2021-05-13,109.36000061035156,111.43000030517578,107.9000015258789,108.75,100.0964584350586,34.530928928015186,-0.08690169161141437,-1.9034059435297253,6.181807084517046,-0.015273050173149644,-0.9495304066051135,-0.8563355146597948
2021-05-14,110.61000061035156,112.83000183105469,110.23999786376953,112.45999908447266,103.51126098632812,43.30816768270429,-0.03666240573459967,-1.862403257309865,33.16361860795455,0.269814767167761,-0.7011811301491475,-0.6463684815324124
2021-05-17,109.06999969482422,110.02999877929688,107.87000274658203,109.80000305175781,101.06289672851562,39.245538848277576,-0.052958477929201275,-1.996527173531096,14.891978715400606,0.12846833663974647,-0.875984515317478,-0.6249266860728591
2021-05-18,113.0,113.4800033569336,110.73999786376953,110.83999633789062,102.0201416015625,41.554006452132114,-0.039181771621022765,-2.007131942934988,22.916618835775505,0.22011865864621621,-0.8065182629339841,-0.5040105186568025
2021-05-19,108.5,112.48999786376953,108.0,112.4000015258789,103.45601654052734,44.93393782028276,-0.02582763996350501,-1.8829986985626732,39.22078419638003,0.3351730762957605,-0.7023183307016164,-0.2953905727750483
2021-05-20,112.38999938964844,113.72000122070312,112.0999984741211,113.27999877929688,104.2659912109375,46.80281721203255,-0.031794933412642945,-1.7021872298098988,46.839811055162194,0.3974404100614081,-0.6435393218364585,-0.08200603800205508
2021-05-21,114.0,114.0,111.69000244140625,111.8499984741211,102.94977569580078,44.17888702246742,-0.042626018375365726,-1.6421363716064765,34.45885112502238,0.32717759964445026,-0.739055695692326,-0.012322703256397727
2021-05-24,112.26000213623047,114.54000091552734,112.12000274658203,113.62999725341797,104.58814239501953,48.080795681444,0.011753351291912795,-1.4507049293007397,49.8701020753943,0.46152899813652365,-0.6201611496579506,0.15222120812410678
2021-05-25,114.8499984741211,114.94000244140625,113.5999984741211,114.27999877929688,105.18641662597656,49.4697996792759,0.01267180795967593,-1.238279330811776,55.49782314461969,0.5350504818859273,-0.58906684492136,0.3008730130507642
2021-05-26,114.0,116.0,114.0,116.0,106.7695541381836,53.049285903868174,0.07198981454486786,-0.9367529695497709,70.389614507349,0.7006747682341573,-0.46691116405377536,0.4939373036157826
2021-05-27,116.0,116.52999877929688,115.0,115.7699966430664,106.55784606933594,52.513557625407,0.06455161086912398,-0.7062864896794274,91.22398978753095,0.7128133650259708,-0.4956066837485902,0.5890490957065158
2021-05-28,116.30000305175781,117.83999633789062,115.94999694824219,117.36000061035156,108.02132415771484,55.83393348951557,0.04357074900268487,-0.4068889721155543,95.18559642849218,0.8523318970876196,-0.36889857393018305,0.7233441470750237
2021-06-01,119.70999908447266,120.04000091552734,117.43000030517578,118.51000213623047,109.07981872558594,58.11512591576423,0.07932606581232382,-0.08855667881187218,87.42811002879988,0.9190376293327293,-0.28259029079469833,0.847664787956045
2021-06-02,118.9000015258789,119.44999694824219,117.91999816894531,118.94999694824219,109.48481750488281,58.98796519136921,0.07316864872108741,0.1911252087755042,91.04351576595496,0.9110658741654488,-0.24931183227115253,0.9155799940966601
2021-06-03,118.05000305175781,118.26000213623047,116.45999908447266,116.81999969482422,107.52430725097656,53.20765347127936,0.03932386773132257,0.26040703119758857,73.54148146940783,0.7305245487162336,-0.41040555033833886,0.7915330869184571
2021-06-04,118.2300033569336,119.8499984741211,118.05000305175781,119.51000213623047,110.0002670288086,58.71049125543009,0.05499660772677295,0.4963775519971576,95.64503813444037,0.9101182355432671,-0.20695771546930494,0.8349918788950799
2021-06-07,118.13999938964844,118.75,117.56999969482422,118.22000122070312,108.8128890991211,55.34885588691296,0.05695120133767784,0.5863384370704321,84.88372461436391,0.8017835384941879,-0.30452370629396924,0.7454730466270675
2021-06-08,117.55000305175781,117.68000030517578,115.05999755859375,115.91999816894531,106.6959228515625,49.866656971710384,0.02015314937502266,0.4925527719483521,65.78071068691793,0.6206593611664132,-0.4784733008765341,0.5162759021718774
2021-06-09,116.0,117.6500015258789,115.97000122070312,117.12999725341797,107.80962371826172,52.53045049563662,0.024938648700362,0.49630925968648165,65.14965037265259,0.6912682013472842,-0.3869613013479643,0.4165429212905851
2021-06-10,117.04000091552734,118.8499984741211,116.62999725341797,118.23999786376953,108.83131408691406,54.89803133821708,0.019310373311684836,0.5693872803706567,78.44307328514479,0.752717595720397,-0.303009738293548,0.39636245705083883
2021-06-11,118.29000091552734,118.41999816894531,117.16000366210938,118.25,108.84052276611328,54.91985550813002,0.0214219485563929,0.6205774053502865,77.39897311408453,0.7372299697002548,-0.3022530677442691,0.36158425604120126
2021-06-14,118.55000305175781,121.0,118.45999908447266,120.98999786376953,111.36248779296875,60.54995577203494,0.030930593207464163,0.8395508817329483,99.86483602475636,0.9120925584669292,-0.11600717616467367,0.47901372338444903
2021-06-15,120.3499984741211,122.0,119.2699966430664,119.44999694824219,109.94502258300781,56.294420317166285,0.007931841724072575,0.8961505131003535,68.12496185302734,0.7713127802481591,-0.2430698154994419,0.43319115812121933
2021-06-16,119.55000305175781,119.9000015258789,117.5,118.0199966430664,108.62879943847656,52.597760917306815,-0.007818600660023711,0.833266684912635,43.142809186662944,0.6270552462904471,-0.3370857543945312,0.29292117794785866
2021-06-17,117.68000030517578,120.23999786376953,117.58999633789062,119.12000274658203,110.0618667602539,55.98659863112481,0.023599868477685915,0.8797171991313586,58.501495096961435,0.7593341393855713,-0.5399181441992905,0.27559224010474126
2021-06-18,117.51000213623047,117.88999938964844,115.20999908447266,115.79000091552734,106.98509979248047,48.044923519277496,-0.027410544699300265,0.6800072334666158,10.518776658898025,0.38815349549532197,-0.8383437209550137,0.04779355836119392
2021-06-21,115.37999725341797,115.4000015258789,113.0199966430664,114.13999938964844,105.46055603027344,44.66414274366623,-0.030808235096063896,0.40320176902425,12.47218627949911,0.14332606068703171,-1.0560332558295777,-0.20103157055049103
2021-06-22,113.5,114.48999786376953,112.01000213623047,114.33000183105469,105.63611602783203,45.14285337454696,-0.009932964591392035,0.1941584151463906,23.223225134392692,0.1420322999198734,-1.020026773910978,-0.34103700296594197
2021-06-23,116.19999694824219,117.41999816894531,115.80999755859375,116.05000305175781,107.22531127929688,49.40936502652844,-0.005419854172683314,0.14571312773757641,40.440458252539884,0.3483041084069437,-0.8609481361438633,-0.3145048499811493
2021-06-24,116.72000122070312,117.66999816894531,116.2699966430664,117.23999786376953,108.32483673095703,52.18049870146647,-0.0046537833362239045,0.18758283799524947,52.35232077983273,0.5097486503118791,-0.7508855048346238,-0.2155137866331312
2021-06-25,117.44999694824219,117.93000030517578,116.52999877929688,116.52999877929688,107.66881561279297,50.406429731124476,-0.010765357640170392,0.16962876309499347,45.2452213174035,0.39174235563377,-0.8165532984728224,-0.1878398384430906
2021-06-28,117.29000091552734,119.94999694824219,117.18000030517578,119.61000061035156,110.51459503173828,57.2037277779338,-0.007613809443685948,0.36400797716315975,76.07607706988419,0.827699980185651,-0.5316904328594044,0.017588063936573473
2021-06-29,119.4000015258789,120.29000091552734,118.41999816894531,120.2300033569336,111.08747863769531,58.438679886142175,0.010391157579006771,0.5535665901287786,82.28231209652598,0.8778671187742714,-0.47434471429476954,0.17856884339839935
2021-06-30,120.16000366210938,120.76000213623047,119.01000213623047,120.16000366210938,111.02279663085938,58.234353146467875,0.022038328737479018,0.6902164770150043,81.58161430080288,0.8409062844294358,-0.48081939103824695,0.2621572063778934
2021-07-01,120.0999984741211,120.20999908447266,118.02999877929688,118.41999816894531,109.41509246826172,53.25059869022959,-0.005876461221587692,0.6712588770277748,64.16413817225938,0.5998409640905482,-0.6417507730586852,0.19378608343400905
2021-07-02,118.75,119.18000030517578,118.41000366210938,118.91000366210938,109.86782836914062,54.433229296178645,0.026945140792987043,0.6818155167653018,69.0690991126531,0.6659505440834181,-0.5964318543709413,0.1648046195048123
2021-07-06,119.8499984741211,120.95999908447266,118.22000122070312,120.05000305175781,110.92115020751953,57.149245586330515,0.051778545294968614,0.7590768527193028,89.83244309492675,0.7903301162923172,-0.49099421036513413,0.19998345535887418
2021-07-07,120.63999938964844,121.05000305175781,118.20999908447266,118.25,109.2580337524414,51.89010342191362,0.034286736968397236,0.6894134091217896,69.02651805102748,0.545082018498611,-0.6574723695957488,0.09972004287924285
2021-07-08,115.87000274658203,118.27999877929688,115.37999725341797,117.87000274658203,108.90693664550781,50.82672987736749,0.015683100810317985,0.6013623071750785,64.82300903627423,0.48676537324369823,-0.6926172326599251,0.0033227543892294653
2021-07-09,118.0,120.79000091552734,117.62000274658203,120.55999755859375,111.39234924316406,57.47093560952988,0.028317721076521973,0.7067408447376451,94.57958580156318,0.8139037625449529,-0.44382712964398435,0.09541383218191746
2021-07-12,121.19000244140625,122.7300033569336,119.5199966430664,122.62999725341797,113.30494689941406,61.753602736326265,0.052346923800947076,0.9194790367437202,99.06710734955433,0.9872139368186683,-0.2612029276374781,0.26404502107876526
2021-07-13,123.19000244140625,125.4800033569336,122.12999725341797,123.9000015258789,114.4783935546875,64.139590187099,0.03586674250410882,1.1589106217038938,84.35642696785382,1.0418328935830823,-0.1987489833138866,0.42403744111089203
2021-07-14,125.1500015258789,125.77999877929688,124.06999969482422,124.38999938964844,114.9311294555664,65.04562611002248,0.03460021655912193,1.3638954964798657,86.6346232143368,0.9985212020012616,-0.16986288805619973,0.5232676374103519
2021-07-15,120.12000274658203,120.69999694824219,116.87000274658203,117.52999877929688,108.59276580810547,47.10271186436579,-0.02188767439207584,1.0535192038963999,20.67308856185201,0.38831920503287737,-0.6301653711837093,0.14462669745390366
2021-07-16,118.75,118.98999786376953,115.16999816894531,115.73999786376953,106.93888854980469,43.71420569060995,-0.022631282966518618,0.6786217551864763,5.372287106827337,0.25115209565299124,-0.7502726813865448,-0.21506228501504943
2021-07-19,114.0,115.62000274658203,113.2300033569336,115.3499984741211,106.57854461669922,42.98857763182331,-0.02993855254324196,0.35004072672129416,16.892397533546553,0.2216495709036019,-0.7764414556023986,-0.4609766115379429
2021-07-20,115.87999725341797,116.87000274658203,114.43000030517578,116.4000015258789,107.54869079589844,45.60642157661382,-0.030404115043088265,0.1584207043986566,25.258958766603058,0.29193641633767287,-0.705987830641806,-0.5367285229012498
2021-07-21,116.2300033569336,117.87000274658203,115.93000030517578,117.87000274658203,108.90693664550781,49.12837327234077,-0.003213467192070385,0.10529173965168749,36.97212017607798,0.40189120492143976,-0.7264675926910982,-0.4758639615018925
2021-07-22,118.08999633789062,118.08999633789062,116.20999908447266,116.55999755859375,107.696533203125,46.25413495771343,-0.011114107876550428,-0.025957584274687934,26.53382801818654,0.2703315112797844,-0.8229141173030476,-0.4954020693144392
2021-07-23,117.6500015258789,117.6500015258789,115.33000183105469,116.79000091552734,107.90904998779297,46.84217294158949,-0.03127054307623245,-0.11314535819974035,28.366524757850225,0.2963928808521224,-0.8059805027864019,-0.4723742264189598
2021-07-26,115.79000091552734,116.0999984741211,114.87000274658203,115.6500015258789,106.85575103759766,44.25758601676124,-0.05691892576889557,-0.2575759101123889,19.282860969279973,0.19584242165011834,-0.8899087366022008,-0.503578794444601
2021-07-27,115.31999969482422,115.4000015258789,112.05000305175781,113.54000091552734,104.90619659423828,39.87233753592568,-0.08361575196175763,-0.5118661850178333,10.85213639783554,0.06460553885578732,-0.902306531719509,-0.6231885657816243
2021-07-28,113.94000244140625,115.51000213623047,113.87999725341797,115.06999969482422,106.31986236572266,44.190607948258474,-0.07492545431890985,-0.6018139035751593,21.995612402187575,0.22706370129148395,-0.7993446809267297,-0.57588563418638
2021-07-29,116.0,117.11000061035156,115.61000061035156,116.1500015258789,107.31771850585938,47.07971455153194,-0.011741549197662349,-0.5918440666714772,29.86161507608837,0.335978873535949,-0.7266675905664421,-0.4516681912837176
2021-07-30,115.5,117.41999816894531,115.19000244140625,116.63999938964844,107.77045440673828,48.385259143726266,0.007776084717266318,-0.5438125620584768,33.4304280130561,0.38577104442027055,-0.6936933704819576,-0.3195127633899589
2021-08-02,117.5,118.37999725341797,116.66000366210938,116.86000061035156,107.97371673583984,48.99366072495205,0.013090553301869923,-0.48493972950202546,35.03276806522273,0.41306804736415437,-0.6788891175793971,-0.2045023525112981
2021-08-03,117.30999755859375,118.63999938964844,116.83999633789062,118.41000366210938,109.40583801269531,53.18107211596323,0.017267966751183472,-0.3274355501711868,73.52607049741924,0.5515109574341784,-0.5745830926341031,-0.027378132492447083
2021-08-04,118.43000030517578,119.55000305175781,118.27999877929688,118.73999786376953,109.71076965332031,54.04614128910395,0.007380916519844627,-0.17798437712903423,89.19993082682292,0.5774970455173847,-0.5523739349128534,0.10752046649201707
2021-08-05,119.06999969482422,119.23999786376953,118.23999786376953,119.22000122070312,110.1542739868164,55.33867256145796,0.022820983281382823,-0.02645195788706526,95.5999755859375,0.6120942378003514,-0.520072079741367,0.21747958142585555
2021-08-06,118.37000274658203,118.5999984741211,117.44999694824219,118.20999908447266,109.22107696533203,52.02297852484088,0.012158637090100344,0.023847465300452828,82.13328043619792,0.5371309316804244,-0.588039837343258,0.21768932820407913
2021-08-09,118.41999816894531,118.79000091552734,117.31999969482422,118.22000122070312,109.23030853271484,52.053583261729926,0.022222084184141844,0.06362736441629743,82.26664225260417,0.5621428438842468,-0.5873674724302599,0.2087467347917184
2021-08-10,118.5,119.05000305175781,114.08000183105469,116.36000061035156,107.5117416381836,46.151360980104606,0.02483690314332132,-0.03209108977118907,57.466634114583336,0.40604987744284543,-0.7125362582503617,0.08379657996100726
2021-08-11,116.5,117.29000091552734,115.19999694824219,115.98999786376953,107.1698989868164,45.05697271001394,0.007995087673926538,-0.13199771280686032,52.53326416015624,0.36219712442147545,-0.9461742784263495,-0.01964643777640407
2021-08-12,115.55000305175781,115.94999694824219,114.44000244140625,115.69999694824219,106.90192413330078,44.17268579188337,-0.003874424264208476,-0.22869543082609375,48.666585286458336,0.32776858012686116,-1.0684105224609368,-0.09942769622894243
2021-08-13,115.06999969482422,115.5199966430664,114.48999786376953,115.5,106.71714782714844,43.538175977822874,-0.009773611750902966,-0.31569568853434704,45.999959309895836,0.2958591244395185,-1.0930473632812494,-0.15465980420821024
2021-08-16,115.0999984741211,115.4800033569336,114.0999984741211,114.62999725341797,105.91329193115234,40.7929017023135,-0.019082651472750345,-0.4399994512362237,13.227499700610485,0.15965745350485358,-1.2002281494140619,-0.2307653340626774
2021-08-17,113.7300033569336,113.8499984741211,110.75,111.11000061035156,102.66095733642578,32.00103276725895,-0.06165009837488622,-0.7749116091250937,4.090914608031322,-0.18493641092323299,-1.3012090748148577,-0.47169457231466044
2021-08-18,111.73999786376953,113.0,110.37999725341797,110.44999694824219,102.05116271972656,30.666486372484442,-0.06981636313187545,-1.0765342664062967,0.7633549679640512,-0.10460197991324027,-1.2902692766889288,-0.6335863937517043
2021-08-19,109.0,110.97000122070312,107.68000030517578,110.5199966430664,102.11582946777344,30.995134765442643,-0.07297442239967045,-1.2980227492370269,23.925827133514375,0.0012012318780009168,-0.8507590185271482,-0.69296583655901
2021-08-20,109.13999938964844,109.70999908447266,107.7300033569336,108.12000274658203,99.8983383178711,26.37779033272534,-0.08535658964816906,-1.627136248605729,3.7068436360130477,-0.07984525139700202,-1.0375737309787414,-0.8290423141201915
2021-08-23,110.08000183105469,111.33000183105469,109.2699966430664,110.95999908447266,102.52236938476562,38.12434065637583,-0.061410969519876124,-1.6691587010460411,27.632670769527422,0.1847539551530298,-0.8165096652901196,-0.6951934610579804
2021-08-24,111.81999969482422,113.06999969482422,111.80000305175781,112.11000061035156,103.58492279052734,42.149430795158686,-0.03652455804196186,-1.6025250878521642,38.3218100412357,0.282975579820771,-0.726993813571578,-0.49724258805194754
2021-08-25,115.70999908447266,119.18000030517578,115.61000061035156,117.02999877929688,108.13078308105469,55.489740141397895,0.008965988615483145,-1.1854654900356474,81.30433455757473,0.6501350762572679,-0.3440233638101974,-0.04606089848319983
2021-08-26,117.9800033569336,118.45999908447266,116.3499984741211,118.0999984741211,109.11943817138672,57.770540102431006,0.020743443638309156,-0.7711517110871505,90.60867972995923,0.7195935783874329,-0.26073314800829167,0.31328172780961694
2021-08-27,118.33000183105469,119.30000305175781,117.69000244140625,118.48999786376953,109.47977447509766,58.60315129581043,0.02588737334344704,-0.4117785951654894,93.02921689733215,0.7369050451249061,-0.23037626339723322,0.5554122046806413
2021-08-30,118.87999725341797,119.5,118.47000122070312,118.98999786376953,109.94175720214844,59.70021500658869,0.03803550241469922,-0.09205215607648543,95.68526100340095,0.7591429367906434,-0.19145607635820247,0.7166044378817038
2021-08-31,120.01000213623047,120.80000305175781,118.69999694824219,119.01000213623047,109.96025085449219,59.74620390894185,0.0711009687367925,0.15975784156607012,86.35670319509904,0.7562512220118519,-0.20820045183218786,0.7886804616182681
2021-09-01,120.22000122070312,121.36000061035156,119.55999755859375,120.45999908447266,111.29998016357422,63.036969435388485,0.09062922163119902,0.4535898726319558,93.42104162425791,0.8422085715415938,-0.11738159520151253,0.883642438126081
2021-09-02,120.94000244140625,121.38999938964844,120.45999908447266,120.79000091552734,111.60488891601562,63.76304088297107,0.09292447113928426,0.6995991197170047,95.62364322255407,0.8497918148645442,-0.09572072407466473,0.9199169924762769
2021-09-03,121.58000183105469,124.4800033569336,121.26000213623047,123.97000122070312,114.5430679321289,69.89903871557053,0.14659632843600545,1.0979413056705243,96.96427355007471,0.988517464920777,0.026515855967956414,1.0834583150246224
2021-09-07,124.62000274658203,125.27999877929688,123.88999938964844,124.69999694824219,115.2175521850586,71.10847277924057,0.12382841790017607,1.4428794780659413,96.7045347651165,0.9653084417919392,0.04627003030517141,1.1712617439016704
2021-09-08,122.97000122070312,123.13999938964844,121.2300033569336,121.88999938964844,112.6212387084961,60.95567026705881,0.08723582230439342,1.5062070987317935,80.73863816162788,0.7863516344899719,-0.10124779365260335,0.9955871151297769
2021-09-09,122.19000244140625,123.48999786376953,121.87999725341797,122.68000030517578,113.35115814208984,62.57354810757322,0.04827834324590041,1.5903857230133975,85.18519001544573,0.7978444956559871,-0.05977509496646323,0.8739819677881744
2021-09-10,123.0199966430664,124.33999633789062,122.88999938964844,122.97000122070312,113.6191177368164,63.17678586589548,0.041236278712893926,1.656420653225768,85.57153497583708,0.7838097840113142,-0.04455011667339302,0.7611680872867557
2021-09-13,122.94000244140625,124.0999984741211,122.19999694824219,123.62000274658203,114.21968078613281,64.55567866807215,0.043294812523689385,1.7312407845586752,87.68548546848912,0.785557077758693,-0.010427213185675695,0.6792694119677951
2021-09-14,123.62999725341797,123.62999725341797,122.4000015258789,123.08999633789062,113.72998809814453,62.500534755498045,0.034456706827331596,1.7342217004147773,77.35260748611798,0.7367593820029876,-0.03825066377905624,0.5499152857109724
2021-09-15,122.41000366210938,122.5,120.87999725341797,121.5,112.26090240478516,56.67169417843594,0.020922574588678966,1.6117305363039194,57.67078779262742,0.6447621139049063,-0.1217214490475611,0.3338420174824068
2021-09-16,120.0,121.12999725341797,119.3499984741211,120.79000091552734,112.06329345703125,55.91628730649204,0.006858161990102918,1.4832906397896373,40.843214358949616,0.6157972720294423,-0.13294923114336463,0.155123570875477
2021-09-17,120.19000244140625,120.47000122070312,117.69000244140625,117.75,109.24290466308594,46.40813900537507,-0.021163806315932288,1.1645765553779386,0.7904820493025986,0.43501695656202566,-0.2957947748849829,-0.1585461214210775
2021-09-20,115.19999694824219,116.01000213623047,113.55000305175781,114.69999694824219,106.41327667236328,39.205247616481515,-0.07097584695900439,0.6980562498671316,9.803873106146836,0.1965696260655163,-0.560433453437111,-0.5405858217636097
2021-09-21,115.6500015258789,115.87000274658203,114.55000305175781,114.95999908447266,106.65448760986328,40.059304559052464,-0.07432083404654877,0.34040385704508547,12.020430914604084,0.15917225046687622,-0.763714916376602,-0.7482454954229949
2021-09-22,115.2300033569336,116.23999786376953,114.91000366210938,115.87000274658203,107.49874877929688,43.073686606151554,-0.045484226491754765,0.11652247127503686,19.778350723329304,0.17052769552423064,-0.8978786425006211,-0.7955306236200407
2021-09-23,116.97000122070312,116.97000122070312,115.58999633789062,116.19000244140625,107.7956314086914,44.137557900641596,-0.049011645089981126,-0.03909577284832204,22.506396856141958,0.20185953771303783,-0.87256894620657,-0.7729365735761821
2021-09-24,116.0,116.55999755859375,115.52999877929688,115.63999938964844,107.28535461425781,42.66178093645151,-0.05574557564537608,-0.19815134283320698,17.817537077049757,0.17494992873981943,-0.9160708200593961,-0.7574773757907056
2021-09-27,115.69999694824219,116.56999969482422,115.01000213623047,116.1500015258789,107.75850677490234,44.51434335324707,-0.056567957174810335,-0.2862695068114196,24.09638639407297,0.2316060497062035,-0.8757338777761445,-0.6828139792637038
2021-09-28,114.33000183105469,115.04000091552734,111.8499984741211,111.9000015258789,103.8155517578125,34.50838014826682,-0.0871752165468993,-0.6421244605528312,0.4003447582874236,-0.012635848569447246,-0.9802462050438079,-0.8552258886363842
2021-09-29,112.30000305175781,112.8499984741211,111.0199966430664,111.62000274658203,103.5558090209961,33.96672990670484,-0.07754341179621593,-0.9351874132994187,4.504550429898062,0.04136613979976866,-0.9054352387021039,-0.9364584600502107
2021-09-30,112.43000030517578,113.3499984741211,111.6500015258789,111.6500015258789,103.58361053466797,34.085986346022594,-0.07566869276079835,-1.154118559187959,4.816550417575137,0.10043718121629747,-0.9034856237296601,-0.9357984626779109
2021-10-01,112.0,112.30000305175781,110.30000305175781,111.55999755859375,103.5001220703125,33.888057803387525,-0.05256892985850792,-1.3203681265653509,9.452325993352751,0.14123574132252234,-0.8359307690818955,-0.8888137802809998
2021-10-04,111.0,111.43000030517578,108.5199966430664,109.0199966430664,101.14361572265625,28.803983002784562,-0.04952070939354525,-1.614501145052636,3.5765370524894577,0.061487420901010004,-0.8221181372444137,-0.9582896021929188
2021-10-05,109.80000305175781,110.3499984741211,109.22000122070312,109.26000213623047,101.36628723144531,29.874568899097113,-0.04958253981550165,-1.8126534711534918,5.868401723601751,0.11603405632759384,-0.8341940296851937,-0.9303373333887284
2021-10-06,108.44000244140625,109.5199966430664,107.58000183105469,109.33999633789062,101.44052124023438,30.251121795336573,-0.056356260959841475,-1.94379103734049,13.65395337605163,0.16019686017377205,-0.7483175777483809,-0.8501368364413284
2021-10-07,111.0,111.70999908447266,110.48999786376953,110.83000183105469,102.82286071777344,37.03173055458435,-0.04613146772214205,-1.9202731342704387,34.61129085463849,0.2613772932432679,-0.6658390616023735,-0.6559745360271838
2021-10-08,110.9800033569336,111.06999969482422,109.51000213623047,110.04000091552734,102.0899429321289,35.08426801556743,-0.04842610345847198,-1.9367057179269924,26.198075019946927,0.24277544414965083,-0.7143280880465562,-0.5340571718849303
2021-10-11,110.08000183105469,111.70999908447266,109.9000015258789,110.26000213623047,102.29402923583984,36.09211095978638,-0.05071040516993519,-1.9126181178717636,28.5410061701412,0.2723378163180475,-0.7113441808618607,-0.4027980075744537
2021-10-12,110.47000122070312,111.02999877929688,108.55999755859375,109.19999694824219,101.31060791015625,33.401107744383594,-0.024128791931867233,-1.9483007683412195,17.252345287406378,0.2233659285094249,-0.8022007165086412,-0.3474303107246386
2021-10-13,109.31999969482422,110.05000305175781,108.94999694824219,109.9800033569336,102.03427124023438,37.116625975006556,-0.014692925439394933,-1.8990404053219279,26.696352571463,0.2899769721525586,-0.791279148660633,-0.2327983629510002
2021-10-14,114.13999938964844,114.73999786376953,111.16000366210938,112.55999755859375,104.42787170410156,47.54144435015614,0.008150528496503995,-1.6542474156225249,55.39484884205452,0.5119838865015958,-0.6265407506756365,0.020072154199989534
2021-10-15,114.77999877929688,114.94999694824219,112.95999908447266,114.86000061035156,106.56171417236328,54.74425155728009,0.029580565131806402,-1.2794283051365392,97.58712698034459,0.7465560094744349,-0.4904438471650986,0.3297091412156954
2021-10-18,113.41999816894531,115.3499984741211,113.41999816894531,115.33999633789062,107.00702667236328,56.0989649863901,0.057971142398003384,-0.9375683188791357,99.87127232237103,0.7855571687714566,-0.4430197226767718,0.5501850575963836
2021-10-19,115.80000305175781,116.9800033569336,115.62999725341797,116.95999908447266,108.5099868774414,60.406822410114245,0.07047411758985689,-0.5452208053102303,99.78718862538624,0.9074834888589506,-0.2830654366569628,0.7694614530271024
2021-10-20,116.87999725341797,117.02999877929688,115.55000305175781,115.58999633789062,107.23896789550781,55.451320029029496,0.05716104949363765,-0.32900086248736393,84.76187400595819,0.7878217776199946,-0.4180882588020637,0.7977085514880378
2021-10-21,115.01000213623047,116.3499984741211,114.61000061035156,116.29000091552734,107.88838958740234,57.37539293538647,0.04926461717042363,-0.10715339605082029,92.16933224611063,0.8495620432203104,-0.34936636445104685,0.8254813260387623
2021-10-22,116.23999786376953,117.1500015258789,114.2300033569336,114.2300033569336,105.97721862792969,50.46735577587358,0.03807697001442256,-0.07663122544464358,69.48800144137364,0.6750366177271239,-0.5494799638699928,0.6862084288988117
2021-10-25,114.4000015258789,114.55000305175781,113.11000061035156,113.63999938964844,105.42984771728516,48.660303706226074,0.030654951270084885,-0.09314919675379235,63.32286052079189,0.6389197637598987,-0.60667650808102,0.5350059815766852
2021-10-26,114.94000244140625,115.30000305175781,113.72000122070312,114.18000030517578,105.93084716796875,50.41051286590687,0.045604693853083855,-0.06722311800630344,65.42491444690468,0.6777330335427869,-0.5543254666327585,0.44993776587601564
2021-10-27,114.02999877929688,115.05999755859375,113.70999908447266,113.75,105.53190612792969,48.97865579586262,0.034279020619065514,-0.07624912510655157,60.41909248438373,0.6258134265772622,-0.5960120970152885,0.3523230228839796
2021-10-28,113.66000366210938,116.0199966430664,113.54000091552734,116.01000213623047,107.6286392211914,56.0451565219215,0.030650509915200352,0.07559615083409496,86.72876760022346,0.807079638062151,-0.37691772291664527,0.41042656318135207
2021-10-29,114.06999969482422,114.19000244140625,113.22000122070312,113.69999694824219,105.48552703857422,48.63114220671421,-0.010099191272846197,0.03220885071478449,59.83698504941341,0.5866014937337058,-0.6008583969979888,0.2915729574729245
2021-11-01,113.58000183105469,114.33999633789062,113.3499984741211,114.12000274658203,105.87518310546875,49.92811392249703,-0.010577282652288189,0.027189997260207984,63.04881600236697,0.6068104482358833,-0.5601419832759205,0.2290073422113452
2021-11-02,113.58999633789062,114.80000305175781,113.54000091552734,114.11000061035156,105.86589813232422,49.89578595827332,-0.024367238640472855,0.022248556545029195,49.248714529352796,0.5874626970004988,-0.5611121999363821,0.17902030258645601
2021-11-03,113.44000244140625,114.0999984741211,112.7300033569336,114.01000213623047,105.77311706542969,49.550527069543115,-0.013669012849008677,0.011133533739762653,28.959260397211988,0.5576740280375265,-0.7064329692719393,0.13380112457722732
2021-11-04,113.37000274658203,117.8499984741211,112.41000366210938,117.79000091552734,109.28001403808594,60.63748038323434,0.012898741523583723,0.26590951856243655,98.8971026505159,0.914675463436006,-0.3044955426765621,0.3233588970440526
2021-11-05,118.16999816894531,119.52999877929688,116.25,117.80000305175781,109.289306640625,60.66215016126349,0.031252830141953014,0.4621870085160587,75.70229053440087,0.8779400946998218,-0.3155178668298719,0.4261874418273411
2021-11-08,118.38999938964844,122.25,117.05000305175781,120.91000366210938,112.17460632324219,67.4777123881752,0.06397390067415643,0.8242306523053036,86.38214596960026,1.0885212441369554,-0.11796726661524636,0.6518340302741561
2021-11-09,121.25,123.2699966430664,120.16999816894531,121.77999877929688,112.98174285888672,69.09101760485453,0.06656130748900502,1.155282121196362,86.27993713824458,1.0879115308605427,-0.10045349185993649,0.808522643399451
2021-11-10,119.5999984741211,120.80000305175781,117.68000030517578,118.19999694824219,109.66038513183594,56.63983124321369,0.039120671230002735,1.1552711849782957,53.31488976360804,0.7435735924010162,-0.5058331461159052,0.6484622119340385
2021-11-11,119.26000213623047,120.47000122070312,117.80000305175781,118.19000244140625,109.65113067626953,56.60921892557497,0.018791387401281057,1.1411648797293332,53.22285925444047,0.7201268128653736,-0.6360400339740104,0.5081529646302271
2021-11-12,118.38999938964844,118.81999969482422,117.2699966430664,118.69000244140625,110.11500549316406,57.83925305399681,0.043887333026235265,1.1508886083212675,57.826913795513825,0.7470360769944,-0.5933259348297536,0.41661444096561107
2021-11-15,119.31999969482422,119.63999938964844,117.51000213623047,118.12000274658203,109.58618927001953,55.894011098666475,0.0350507650206755,1.1064260291602248,52.57829442878208,0.6731677572108486,-0.6420199095009904,0.2961422910514395
2021-11-16,117.69000244140625,118.37999725341797,117.16000366210938,118.08000183105469,109.54906463623047,55.75225052994923,0.03479086815380894,1.0561695974018597,52.20996163522057,0.6617995483682461,-0.6454383862766349,0.19455409427754444
2021-11-17,118.0,119.55000305175781,117.51000213623047,119.05999755859375,110.45826721191406,58.52649106840355,0.04429433750719669,1.07108752187575,61.233869194437986,0.7370087855362423,-0.561718021330002,0.17007637821096344
2021-11-18,119.97000122070312,123.55999755859375,119.80000305175781,123.38999938964844,114.4754638671875,68.05631809564224,0.047542543573346085,1.3622452805145713,98.47535191029195,1.0389821728637891,-0.19675683087778512,0.39317046274686507
2021-11-19,122.02999877929688,124.80000305175781,122.0199966430664,124.26000213623047,115.2825698852539,69.56924896554976,0.05483851466215728,1.630321775165768,95.64163888516005,1.0118337113174563,-0.15015444998774607,0.5539861949564386
2021-11-22,123.5,128.08999633789062,123.20999908447266,124.75,115.73719024658203,70.41911078242754,0.03175927279899615,1.8515231235330623,78.69899299730247,0.9721217770368594,-0.16980687891444576,0.6435793783017643
2021-11-23,122.72000122070312,123.19999694824219,119.5199966430664,121.36000061035156,112.59211730957031,58.29075683306273,-0.0034485708881570876,1.7770647178116696,57.07908883188466,0.7110380235522602,-0.37038560379290086,0.45264416076633873
2021-11-24,120.0,120.87000274658203,118.4000015258789,120.70999908447266,111.98905944824219,56.288837602868284,0.021235328634006345,1.6552016158598335,37.668922837413945,0.6457803410042043,-0.4088459445467321,0.25708211182232965
2021-11-26,117.5,119.04000091552734,116.5199966430664,117.08999633789062,108.63059997558594,46.674996067856576,-0.009307069561339754,1.3005739821122142,4.9265316323146084,0.3707769021710223,-0.6230335109633673,-0.10755749550496452
2021-11-29,118.36000061035156,119.87999725341797,117.9000015258789,119.27999877929688,110.66236877441406,52.01452932944081,0.004970832801565628,1.1535630916313082,23.854815981241053,0.5157505919205773,-0.49345635867513177,-0.21481970907682468
2021-11-30,118.0999984741211,120.16999816894531,115.76000213623047,117.1500015258789,108.6862564086914,47.07706664096053,-0.008212101062394783,0.883176581130816,11.273317464020241,0.32060299051352803,-0.6194839918879258,-0.41042389120354184
2021-12-01,119.22000122070312,123.51000213623047,119.22000122070312,120.62999725341797,111.91485595703125,54.65118856628539,0.021595723602539696,0.8936485236223951,39.49714036793128,0.6004295060973838,-0.4135783122681501,-0.31805721903675055
2021-12-02,120.3499984741211,123.4000015258789,120.0199966430664,121.69999694824219,112.90756225585938,56.70300010550637,0.02217394049144672,0.9627224053196045,48.175163060595246,0.6864693319045807,-0.3502679320049359,-0.1920025748959615
2021-12-03,121.0,121.8499984741211,117.9800033569336,119.33000183105469,110.70877838134766,51.17950367148298,-0.03290386741922169,0.8478568921385031,28.953782430356217,0.42458640773387896,-0.7916695969413107,-0.2546767895609001
2021-12-06,118.88999938964844,119.5,116.58000183105469,119.13999938964844,110.53248596191406,50.75262707451117,-0.04120383443974074,0.735557945657059,27.412804889744987,0.3943987390844896,-0.8059674479013587,-0.30270597106920993
2021-12-07,120.54000091552734,122.58000183105469,120.26000213623047,122.31999969482422,113.48274230957031,57.18811429155715,-0.019479027719685793,0.8508586649802765,53.203573751157876,0.7346234295842368,-0.5666926924226403,-0.13881919419040512
2021-12-08,121.62999725341797,122.22000122070312,120.11000061035156,121.80000305175781,113.00031280517578,55.90169619795002,0.003625435824100798,0.896429356546332,48.98624295146948,0.6779344127106648,-0.6058191913085501,-0.0694484104169768
2021-12-09,121.18000030517578,122.08999633789062,119.48999786376953,119.5,110.86647033691406,50.491558524599775,-0.01002409625421441,0.7691960661407995,30.332519242109328,0.41953509648118326,-0.7788803001267854,-0.1681859815350284
2021-12-10,120.0,120.79000091552734,118.23999786376953,119.12999725341797,110.52320861816406,49.658973168428105,0.01742242648943737,0.6361738521347139,27.331684525315925,0.37141835287660013,-0.8067198686728746,-0.2524606158817476
2021-12-13,118.86000061035156,119.02999877929688,116.38999938964844,116.41999816894531,108.00901794433594,43.94338391732243,-0.023976992897079552,0.3440891897476942,8.516077841481854,0.10436224857756196,-1.0106283728220173,-0.4612205514802463
2021-12-14,115.44000244140625,116.9800033569336,115.25,116.29000091552734,107.88838958740234,43.68359683603704,-0.007341009320339986,0.10189516067102582,12.59080685906406,0.11894595192311204,-0.9553343078045636,-0.5832591512404243
2021-12-15,116.79000091552734,120.51000213623047,116.4800033569336,120.4000015258789,111.70147705078125,53.11850258743567,-0.0019066182449622993,0.1860603291292285,62.34867062914778,0.5220192491564809,-0.6583647944935244,-0.39217511334816035
2021-12-16,120.33999633789062,120.75,116.13999938964844,116.56999969482422,108.59554290771484,46.31237796427197,-0.038190704519623586,0.02560260850688036,15.980621712364512,0.19961126550696923,-0.9002600459665208,-0.45551076180169137
2021-12-17,116.29000091552734,117.48999786376953,115.93000030517578,116.31999969482422,108.3626480102539,45.83809984012196,-0.021191909127677877,-0.11758028845971302,12.95398811255663,0.20454618602537863,-0.9183982830292268,-0.4906027275017557
2021-12-20,115.91999816894531,116.62000274658203,113.91000366210938,114.94000244140625,107.07703399658203,43.2076389141712,-0.03126186781434259,-0.3222226900504759,10.72915565636248,0.10108263266315612,-0.8638739911761537,-0.5722164129923527
2021-12-21,116.06999969482422,117.5,115.08000183105469,117.44000244140625,109.40602111816406,48.925700638874716,-0.035923710587512425,-0.3097718057880967,37.19704503594821,0.37515246370754873,-0.8511649228993933,-0.44673108988127297
2021-12-22,116.91999816894531,121.44000244140625,116.83000183105469,121.30000305175781,113.001953125,56.24999932250304,1.4516064456016053e-05,-0.035259462943707576,85.23645848182937,0.8304370672496111,-0.47658861265001534,-0.116146615064421
2021-12-23,120.95999908447266,121.79000091552734,119.83999633789062,120.68000030517578,112.42435455322266,54.88841775583171,0.014051896949314857,0.13764600532904775,78.08532955999415,0.7517410616634711,-0.5367551401067007,0.059580000406971784
2021-12-27,121.22000122070312,123.26000213623047,121.19999694824219,122.69999694824219,114.3061752319336,58.419798469585494,0.03422780302044015,0.40652452420296625,94.01063872322266,0.9242889517134409,-0.3407321215839583,0.2858514262200892
2021-12-28,123.37999725341797,123.66000366210938,121.87000274658203,122.05999755859375,113.70996856689453,56.90004765544101,0.05278217255430162,0.5686393554514603,83.58968098958334,0.8204791834598956,-0.40251642002203586,0.37314840872619304
2021-12-29,121.80000305175781,123.1500015258789,120.97000122070312,121.41000366210938,113.10443115234375,55.32581474528286,0.048346644016924456,0.6452574114794413,76.92307692307693,0.7284545838740002,-0.4646228215144237,0.36731670313628095
2021-12-30,121.0,121.55000305175781,120.19000244140625,120.41999816894531,112.18215942382812,52.92414755117824,0.00430327678503617,0.6318158603205115,66.76917442908655,0.6227304163978066,-0.5592147936698725,0.28236901465866027
2021-12-31,121.3499984741211,121.75,120.22000122070312,120.30999755859375,112.07968139648438,52.65065510782477,0.032083623282130214,0.6067208494515482,65.64096304086539,0.617349111643255,-0.5697253605769237,0.2039598017571429
2022-01-03,124.12999725341797,129.58999633789062,124.0,128.8000030517578,119.98889923095703,66.87734956452186,0.10729020962650315,1.1414197273449684,94.96177515852409,1.2142195950227066,0.005684847470426235,0.6445819666545214
2022-01-04,130.8699951171875,135.5,130.3000030517578,133.39999389648438,124.2741928100586,71.81809136784712,0.1606054834692705,1.8406746464557318,90.27324474423325,1.2358720273604997,0.09804589652291794,1.1546852893525006
2022-01-05,130.7100067138672,130.8800048828125,126.87999725341797,127.05999755859375,118.36792755126953,58.79965298972305,0.08191419760550622,1.9496746458234429,60.90780975912453,0.8426709428119882,-0.17551900670142942,1.0285643595668834
2022-01-06,127.0,129.0,124.80999755859375,128.47000122070312,119.68147277832031,60.51394781399699,0.059109771721658655,2.1017982243345705,67.43862912584581,0.8739313293989063,-0.11467855047840086,0.9686889937608023
2022-01-07,126.55000305175781,127.13999938964844,123.30999755859375,123.5,115.05145263671875,52.25975610277889,0.02336769549566231,1.8767465687922253,44.41870293910195,0.6117373677628478,-0.3291306545519823,0.5719615349448037
2022-01-10,125.11000061035156,125.87000274658203,123.26000213623047,125.01000213623047,116.45816802978516,54.29937599096848,0.0188265663992786,1.776079013670265,48.628801153749876,0.670920755476647,-0.2639747661001807,0.3688455619653712
2022-01-11,126.54000091552734,129.5500030517578,125.5,129.1699981689453,120.33358001708984,59.440452086802146,0.05825005084139745,1.9428319662919917,66.09532698517519,0.8405075026947887,-0.08447441201705812,0.4544349680407427
2022-01-12,130.5,132.9199981689453,130.22000122070312,132.22999572753906,123.18426513671875,62.75914872713109,0.08911970894224441,2.243124868086191,79.11875154682771,0.9317879106682861,0.04756290170058851,0.6500611504975486
2022-01-13,140.75,145.0,138.9199981689453,139.19000244140625,129.66812133789062,68.97684164223574,0.1558711474611567,2.8838484789612897,76.58203091365775,1.0971758094926867,0.12485492222384718,1.1347800747004717
2022-01-14,136.08999633789062,143.8800048828125,136.08999633789062,140.66000366210938,131.03756713867188,70.11186460679134,0.16914649922249114,3.4308157427250756,82.50706664665782,1.0434596115569144,0.16890271772365725,1.4463108449156596
2022-01-18,136.75,137.17999267578125,133.2899932861328,133.8300018310547,124.6748046875,59.262925542402144,0.039052824774427286,3.3926721985114114,54.97783446949103,0.7747752229916111,-0.03575354476091955,1.1362117759030652
2022-01-19,134.6199951171875,135.89999389648438,130.94000244140625,131.00999450683594,122.04768371582031,55.4478798597575,-0.01791610183814507,3.150346317887413,43.611419307382526,0.6553110588619399,-0.14912291740720934,0.6885533278580747
2022-01-20,131.9199981689453,132.75,128.1999969482422,128.3300018310547,119.5510482788086,52.02058381047606,0.009995281255782862,2.760558089050858,32.728010532136445,0.5345365535299095,-0.28540622560800866,0.18490025124091325
2022-01-21,127.08000183105469,127.9800033569336,124.2699966430664,124.52999877929688,116.01097106933594,47.53402322740408,-0.030668921628187573,2.190081006829184,5.841751462096048,0.3714526330107184,-0.5341869917022763,-0.394458288567789
2022-01-24,123.7699966430664,126.06999969482422,120.12999725341797,125.95999908447266,117.34317016601562,49.30591301252329,0.01991906644180408,1.8060003761931003,23.441902642555696,0.41680687910561687,-0.4940557611432248,-0.679060272481887
2022-01-25,125.48999786376953,125.81999969482422,121.69999694824219,122.4800033569336,114.10122680664062,45.29680732006827,-0.020238522235226375,1.2676734734937543,9.449159002761245,0.2686536567725752,-0.6244113301557996,-1.0543586210592677
2022-01-26,125.37999725341797,126.66999816894531,121.88999938964844,123.08000183105469,114.66019439697266,46.11042272990958,-0.0471471522688135,0.8675357927465901,11.861697836129705,0.2903572580707092,-0.6019357560262852,-1.221861580581983
2022-01-27,124.0,124.13999938964844,116.02999877929688,116.37999725341797,108.41854858398438,39.11454855354449,-0.11986690456241567,0.11911626988347977,1.2081410402943678,0.04335920135771401,-0.64473558421092,-1.6815560242148395
2022-01-28,118.70999908447266,119.5999984741211,114.19000244140625,117.61000061035156,109.56439208984375,40.88764364788324,-0.1550398744164755,-0.3960888128855861,11.100287049491769,0.11137887316863007,-0.5321334215546633,-1.825007570924138
2022-01-31,119.5199966430664,122.7699966430664,118.80999755859375,122.62999725341797,114.24097442626953,47.59538068723571,-0.12818150610677304,-0.4754347055074222,27.393688675115047,0.29938782132848724,-0.3803456024374444,-1.5332411642315567
2022-02-01,122.9000015258789,123.23999786376953,120.0999984741211,123.05000305175781,114.63224792480469,48.12575934702557,-0.08055000998691908,-0.5053824662187082,28.756901371062476,0.32964724366678466,-0.367646039648092,-1.253967285094781
2022-02-02,126.2300033569336,126.47000122070312,122.55000305175781,124.1500015258789,115.65699768066406,49.56544197342404,-0.052362206644056664,-0.45237296517339887,32.32716609448267,0.3889321129917477,-0.334385739840845,-0.9538784585114684
2022-02-03,121.44999694824219,123.87999725341797,119.25,119.83999633789062,111.64181518554688,44.36942071666007,-0.06615778955627694,-0.6836402475474247,19.029954300727116,0.2386727438353223,-0.464706506257045,-0.975936998383861
2022-02-04,120.44000244140625,121.83000183105469,119.38999938964844,121.0199966430664,112.74110412597656,46.03734561928245,-0.028185842366624803,-0.7817049367701596,29.708556341393482,0.30211738483837447,-0.42902688835577496,-0.870136944899141
2022-02-07,122.55999755859375,124.0999984741211,121.87999725341797,122.30999755859375,113.94287109375,47.87720116370596,-0.028977392271360314,-0.7663255358315375,37.402111069408896,0.354534136436752,-0.3900211414228859,-0.6812206893549587
2022-02-08,122.0,123.86000061035156,121.61000061035156,123.70999908447266,115.24707794189453,49.87457513231559,0.010042408546541814,-0.6547851738605529,51.29309210850842,0.4106618171076799,-0.347690503594557,-0.4420219972783912
2022-02-09,124.87999725341797,125.55000305175781,122.76000213623047,125.5199966430664,116.93328094482422,52.41357568710085,0.01982454817738888,-0.44281279564780684,82.16093871975559,0.4863742764141459,-0.2929614176956404,-0.15846087908239725
2022-02-10,124.80000305175781,128.66000366210938,124.36000061035156,124.70999908447266,116.17868041992188,51.164565593343454,0.07157568457879004,-0.3242071681798777,72.70211303102585,0.4689502258673243,-0.31745348470951346,-0.017364208603498354
2022-02-11,125.5,126.58000183105469,120.44999694824219,121.01000213623047,112.73180389404297,45.79616873895525,0.028909135018993393,-0.46663535630993214,47.1319911505358,0.3386525837920412,-0.43111412689308687,-0.1447332027672379
2022-02-14,119.94999694824219,121.55000305175781,118.0,119.7699966430664,111.5766372680664,44.12521010552233,-0.023322080116908284,-0.6539407483861093,38.56249986818601,0.2728228765374899,-0.49567404451665653,-0.28711293313820907
2022-02-15,122.0199966430664,124.61000061035156,121.45999908447266,124.5199966430664,116.00167083740234,51.4351707339681,0.011946227500449602,-0.48516595233902465,71.38903476304063,0.6059580803785497,-0.2985513998591498,-0.0746675928688817
2022-02-16,123.13999938964844,124.29000091552734,121.56999969482422,123.5999984741211,115.14461517333984,50.068876840994264,-0.004430190283331914,-0.4071178524059118,65.03106592175943,0.5781918629648393,-0.330566117591347,0.012118079383568514
2022-02-17,122.48999786376953,122.75,119.6500015258789,119.76000213623047,111.56730651855469,44.72818758915543,-0.000667390322061312,-0.590617265908461,16.510333317110735,0.25625234585584955,-0.5632505668001678,-0.1580345526057163
2022-02-18,120.5199966430664,120.69000244140625,118.44999694824219,119.30999755859375,111.14808654785156,44.13406829542179,-0.014129873842152252,-0.7578520075013071,12.288903457417115,0.24044105013665434,-0.5922222278462859,-0.2784094191791977
2022-02-22,117.5,119.36000061035156,115.72000122070312,116.91000366210938,108.91227722167969,41.005725478618,-0.04415014141544005,-1.0386127962900538,9.19630770391823,0.06478673815548477,-0.7467356444017016,-0.47657023472914917
2022-02-23,118.55000305175781,119.43000030517578,115.76000213623047,115.9000015258789,107.97138214111328,39.72945107720981,-0.06313128220439157,-1.3155950691117742,1.3910376446282942,0.04728984475187834,-0.8117594869166703,-0.6293732567729624
2022-02-24,108.0,111.9800033569336,104.37999725341797,111.87999725341797,104.22635650634766,35.05293694968698,-0.10866815961892329,-1.7881402774329338,30.889612934019894,-0.11496810278797427,-0.38832787094386095,-0.9232552977104869
2022-02-25,112.29000091552734,113.0,109.36000061035156,111.2300033569336,103.62083435058594,34.34892066037342,-0.10809079621102813,-2.1877824127860124,28.212538284436196,-0.06652827403221748,-0.413266997629798,-1.0876970891765296
2022-02-28,109.37000274658203,109.7699966430664,105.0,107.01000213623047,99.68952178955078,30.11935148989849,-0.11569301345297978,-2.7696073735243827,10.831977712621397,-0.14142373222646742,-0.5751826287405,-1.3721530218393923
2022-03-01,110.0,111.11000061035156,107.05000305175781,108.05000305175781,100.65837097167969,32.330802630656606,-0.09785441256985761,-3.1324149582212226,15.115341143510195,0.006050757937354861,-0.535279460437295,-1.4010755540405828
2022-03-02,108.4000015258789,109.97000122070312,107.86000061035156,109.61000061035156,102.11166381835938,35.621896308581185,-0.11973971511593451,-3.279135078963268,21.540370578573786,0.1256089007602926,-0.47542392241900777,-1.2342091368878254
2022-03-03,109.91000366210938,110.0,107.5999984741211,108.79000091552734,101.3477554321289,34.6674661704882,-0.11982201443324991,-3.417953675484633,19.864877264718285,0.1368346034675936,-0.5068863682426223,-1.0920570032832742
2022-03-04,107.0,108.12000274658203,103.80999755859375,105.05999755859375,97.8729248046875,30.645234307061997,-0.12274547213873699,-3.755494709825572,6.00961450289,0.05779482585304227,-0.6209163499266229,-1.1433628589648275
2022-03-07,103.29000091552734,104.08999633789062,99.05999755859375,99.29000091552734,92.49765014648438,25.6814179753338,-0.16779808794403117,-4.399560281221218,0.9002087258763352,-0.03680241586379424,-0.6037008803700874,-1.4319108397184488
2022-03-08,100.20999908447266,103.11000061035156,98.62000274658203,100.0,93.15906524658203,27.243073461369946,-0.14464128725390268,-4.819399212352097,5.375914888406351,0.0571925121145404,-0.5637888593065024,-1.4655203743532015
2022-03-09,104.51000213623047,105.72000122070312,102.76000213623047,104.94999694824219,97.77045440673828,37.15781594629577,-0.09447806939289605,-4.741160697399837,26.23288405374155,0.23350872731285438,-0.41028056970546334,-1.0821592285656472
2022-03-10,104.19000244140625,105.52999877929688,102.5199966430664,103.95999908447266,96.8481674194336,36.09828735224244,-0.07079005094517254,-4.701971774599184,24.195724566063056,0.22974805938881787,-0.4409825323950839,-0.8082251873645792
2022-03-11,105.36000061035156,105.36000061035156,101.30000305175781,101.41000366210938,94.47262573242188,33.45240174129154,-0.08828541745970153,-4.810878458650284,13.40702183011635,0.18205109905333952,-0.5303325160930842,-0.7081392216355153
2022-03-14,101.5199966430664,101.86000061035156,99.06999969482422,99.30000305175781,92.5069580078125,31.401401848836244,-0.07204933530427604,-5.005982562292909,3.2676616287971,0.15557965045812047,-0.6172075891199368,-0.6944933420549964
2022-03-15,98.02999877929688,102.13999938964844,97.62000274658203,102.08999633789062,95.1061019897461,36.909564708685494,-0.055159535449820996,-4.898389061708146,29.063682636973205,0.2655694449704142,-0.4751419398224745,-0.44284326371877025
2022-03-16,102.98999786376953,105.79000091552734,102.80999755859375,105.69000244140625,98.9346923828125,44.03776410879161,-0.03111271833938789,-4.449786834857212,52.47074860842894,0.41340385943965574,-0.33270529709442204,0.024261049675033952
2022-03-17,105.75,106.52999877929688,104.75,106.48999786376953,99.68354034423828,45.338640918384584,-0.016420838140861704,-3.9867277719441443,65.75238340852445,0.46535608881465135,-0.2998854825630517,0.4053242606122476
2022-03-18,105.70999908447266,107.04000091552734,104.88999938964844,106.72000122070312,99.89886474609375,45.72929365318267,0.020699697546069595,-3.5607642870688023,67.45737520508597,0.49892074717046164,-0.2832196779515786,0.6775105690863263
2022-03-21,106.72000122070312,107.22000122070312,105.12999725341797,106.91999816894531,100.0860595703125,46.09000929145089,0.08203894273866097,-3.171073989885282,75.12114285643855,0.5387359986113347,-0.26892998166986154,0.8638471407736716
2022-03-22,106.38999938964844,107.95999908447266,106.2300033569336,107.04000091552734,100.1983871459961,46.320569644120845,0.07556239299720047,-2.8203454213655017,76.0904705883078,0.5779362802420827,-0.2637797025200441,0.9798599543643265
2022-03-23,106.5,108.19000244140625,105.3499984741211,105.3499984741211,98.61639404296875,43.49895879931247,0.008652303411736728,-2.6404012507679133,73.13146594814177,0.5109258905179095,-0.3172151187045706,0.9353527288724974
2022-03-24,106.77999877929688,107.9800033569336,105.83000183105469,107.91999816894531,101.02216339111328,48.6242171471452,0.043098347474173515,-2.276105390207126,97.44556026247427,0.7094286024223191,-0.16079315656085919,1.044925620400769
2022-03-25,107.69000244140625,107.9800033569336,105.83999633789062,106.7300033569336,99.908203125,46.51995893999966,0.0575360042174915,-2.053900355684888,86.18733087393021,0.6479831867103153,-0.2123780029081064,1.0183264341074003
2022-03-28,105.62000274658203,106.72000122070312,104.61000061035156,106.33000183105469,99.53376770019531,45.80245046644471,0.07595979636244632,-1.8863357269219332,82.40302115370596,0.6178083448599826,-0.2401345250800127,0.9526453766033853
2022-03-29,107.91999816894531,109.76000213623047,106.79000091552734,109.25,102.26714324951172,51.66343475011504,0.07529528715768086,-1.5148923621416197,95.7989937242885,0.8276488525079414,-0.006625078034919356,1.0620736333750527
2022-03-30,107.79000091552734,109.33999633789062,106.51000213623047,106.7300033569336,99.908203125,46.94515211764265,0.009839932977409482,-1.3948713366740801,75.04119496183417,0.6521762358507551,-0.1971695568602635,0.9481202354903098
2022-03-31,106.95999908447266,107.1500015258789,104.19000244140625,104.26000213623047,97.59608459472656,42.81752812741,-0.02094082676340636,-1.469827587893116,54.69522012752527,0.4742936941711072,-0.3839701938268515,0.7009562564637029
2022-04-01,105.7699966430664,105.94999694824219,102.20999908447266,102.79000091552734,96.22003936767578,40.53335395895892,-0.0368254973444212,-1.6232683390528055,42.586477997302694,0.3639586672612444,-0.49731824129249724,0.44139560037130376
2022-04-04,104.0199966430664,105.56999969482422,103.27999877929688,104.79000091552734,98.09220886230469,44.84450786989996,-0.019921362840816914,-1.5754314867213304,34.17219587022557,0.5000711626653022,-0.34310328340499746,0.39395899101095555
2022-04-05,104.4800033569336,104.5999984741211,102.11000061035156,102.5,95.94857025146484,41.16461457097675,-0.04241402497166913,-1.693519763000902,5.098030220374768,0.2657247601278952,-0.5196797841145187,0.2247869262032347
2022-04-06,100.41999816894531,102.13999938964844,99.72000122070312,101.18000030517578,94.71295166015625,39.16939640790694,-0.03958208389886686,-1.868572175465178,14.541822224485035,0.1712246276073669,-0.6214605628155607,0.045617096981196426
2022-04-07,100.41999816894531,101.2300033569336,99.6500015258789,100.5199966430664,94.09512329101562,38.173092628539884,-0.06856950858673672,-2.0370352399672074,8.605292429920507,0.14378255699321416,-0.6723525232935355,-0.09110480065815496
2022-04-08,100.62000274658203,100.69999694824219,99.12000274658203,99.29000091552734,92.94374084472656,36.31906582201268,-0.0697086131311947,-2.2428122336937935,1.5977272433934746,0.06396075268736451,-0.7671945747083672,-0.22789649779280996
2022-04-11,98.22000122070312,98.37999725341797,96.91000366210938,97.56999969482422,91.33367156982422,33.84366414239466,-0.08238506709673166,-2.5149802692324865,5.136156506508735,-0.04888986973753338,-0.8159558563773734,-0.3863139967063467
2022-04-12,100.0,100.1500015258789,97.44000244140625,97.44000244140625,91.21199035644531,33.6569618821668,-0.10810073051609559,-2.7139414116676632,4.1245046088079445,0.007577341727268363,-0.8254252126285795,-0.4541156854656361
2022-04-13,99.80000305175781,102.22000122070312,99.5,101.5,95.01248168945312,44.04053148003662,-0.049002196840850054,-2.523360894643428,35.719820100636774,0.317065897288108,-0.5296670971189389,-0.2102279528729567
2022-04-14,104.0,104.5,98.33000183105469,98.36000061035156,92.07319641113281,38.96157487624804,-0.05658923927663562,-2.592056968634983,11.2840242834454,0.13978362871367533,-0.758405278235443,-0.21340197331082988
2022-04-18,97.94999694824219,99.83999633789062,97.47000122070312,98.7699966430664,92.45697784423828,39.93559081659092,-0.039108916896802515,-2.585796972453902,14.474655267103056,0.2012131517494358,-0.7285390153033209,-0.15870638627313216
2022-04-19,98.44000244140625,99.44999694824219,97.70999908447266,99.44999694824219,93.09352111816406,41.60016450340094,-0.05095907006393796,-2.498748736412724,20.434390851104574,0.2705856267302143,-0.6790025678704491,-0.05411408930231776
2022-04-20,100.4000015258789,101.0,98.9000015258789,99.01000213623047,92.68164825439453,40.812041391800626,-0.03404867825031954,-2.437542683838004,20.50780187709967,0.265625666665591,-0.7110549346157847,0.009485466096100126
2022-04-21,99.75,100.6500015258789,97.41000366210938,97.66000366210938,91.41793823242188,38.40775149224434,-0.034789470394264166,-2.469949894264548,8.29646633864747,0.20726930282661657,-0.8093981386650047,-0.010326305234509725
2022-04-22,97.02999877929688,97.79000091552734,95.36000061035156,95.68000030517578,89.56448364257812,35.13813769270989,-0.04814956918038382,-2.627125013744243,3.134179466390683,0.11706646267560739,-0.7844664134485021,-0.11899269925464395
2022-04-25,95.05000305175781,96.27999877929688,94.44999694824219,96.23999786376953,90.08868408203125,36.77740584126454,-0.030718117613374507,-2.6780704678373097,17.635474349077445,0.1854244275877396,-0.6668668444366486,-0.12564737967386197
2022-04-26,94.94000244140625,95.0199966430664,92.7699966430664,92.7699966430664,86.84046936035156,31.469926125865356,-0.04919546244275996,-2.9705926417964963,0.0,0.0248045438700313,-0.7310009043905602,-0.3084745916991074
2022-04-27,91.83999633789062,92.69000244140625,90.22000122070312,90.26000213623047,84.49091339111328,28.289678016077332,-0.07368633157841298,-3.3772880319018617,0.28011848001931927,-0.07170645041403023,-0.681638561332048,-0.5340858508012936
2022-04-28,92.16000366210938,96.19999694824219,91.77999877929688,95.22000122070312,89.1338882446289,40.982093969913905,-0.06187180189691621,-3.2554450431597313,35.01400859535782,0.2582915597197806,-0.44615315750125406,-0.3272221357699463
2022-04-29,93.18000030517578,95.58999633789062,92.7699966430664,92.93000030517578,86.99024963378906,37.667226357652574,-0.0552054992708948,-3.3132605477494295,18.97758624742748,0.13885836391232176,-0.5873243778864877,-0.29249563424327985
2022-05-02,92.5,94.2699966430664,91.23999786376953,93.76000213623047,87.76720428466797,39.57496014900298,-0.050723846581608445,-3.2543795937402713,24.789924496769792,0.22371314021346908,-0.5417913472219809,-0.1804297282414602
2022-05-03,92.77999877929688,94.05000305175781,92.51000213623047,93.62999725341797,87.64550018310547,39.37168720666723,-0.05852202032559706,-3.183403897583708,23.879526079922723,0.2313107900310739,-0.5610334860450495,-0.08270272810287604
2022-05-04,93.91000366210938,96.06999969482422,91.91999816894531,95.98999786376953,89.85467529296875,44.90379210202799,-0.03050197115254405,-2.8955923875911234,40.406142411102586,0.4290568541352919,-0.40758305034759706,0.14985367495865853
2022-05-05,94.04000091552734,94.37999725341797,91.22000122070312,92.1500015258789,86.26009368896484,38.713879624972776,-0.05642048642951969,-2.957938996993463,17.9035299046821,0.15270493304867144,-0.6593044727062128,0.08400380308036892
2022-05-06,91.4000015258789,92.87999725341797,90.2699966430664,91.62999725341797,85.77333068847656,37.950961093725034,-0.04232875354064214,-3.0191165036974197,13.079742044338252,0.14851637104673704,-0.6933915204722105,0.03271287944165069
2022-05-09,89.94000244140625,90.19000244140625,87.01000213623047,87.30000305175781,81.7200927734375,32.2515355332698,-0.0928928132746798,-3.4026474327579352,2.0729160815554586,-0.07031886723271112,-0.6844534024530096,-0.2344426789031524
2022-05-10,90.0199966430664,90.29000091552734,88.08999633789062,88.81999969482422,83.1429443359375,35.891253832231385,-0.04257836296428663,-3.541720563687762,13.26977741631997,0.096156991574166,-0.6031011019220054,-0.2728876928655968
2022-05-11,88.87000274658203,90.56999969482422,87.80000305175781,87.83000183105469,82.21622467041016,34.58788945930215,-0.026922288201258526,-3.6999543954118885,7.606677065669419,0.09115912622197413,-0.6560867953878142,-0.3152881978038309
2022-05-12,86.22000122070312,88.20999908447266,85.38999938964844,87.69000244140625,82.08517456054688,34.39765911363034,-0.07908006508968579,-3.79859635941912,21.12032305478452,0.11669988539980247,-0.5549369295420847,-0.3064488455303316
2022-05-13,88.87000274658203,91.36000061035156,88.16000366210938,90.95999908447266,85.14616394042969,42.37044526811086,-0.02119876309267521,-3.5508011575119283,51.526373291325775,0.3423245684141802,-0.3976204637850592,-0.06154975493351866
2022-05-16,89.87000274658203,91.37000274658203,89.5,90.41000366210938,84.6313247680664,41.45782165380331,-0.035729513571271077,-3.364471246009643,46.43853289744849,0.3263099461905968,-0.4306018316411164,0.09040825132649744
2022-05-17,93.30000305175781,93.48999786376953,92.37000274658203,93.31999969482422,87.35531616210938,47.857253366126955,-0.0033108832785465614,-2.9268935783870553,73.35802124091671,0.5489279335524319,-0.25609886639224955,0.38263523826216517
2022-05-18,92.06999969482422,93.2300033569336,90.37000274658203,90.52999877929688,84.74363708496094,43.003526194703284,-0.056881160511051965,-2.7931385543125398,48.12733373385272,0.3591314540561295,-0.42435663264770446,0.4060789558067519
2022-05-19,89.83999633789062,92.0999984741211,89.55999755859375,90.20999908447266,84.44409942626953,42.471489740823536,-0.021052542201535185,-2.684929882147877,45.131081995272346,0.35098144080943705,-0.4582822457243088,0.40645549654205126
2022-05-20,93.04000091552734,93.04000091552734,88.83000183105469,90.77999877929688,84.9776840209961,43.80522548311035,-0.009276154500402978,-2.5202755573096858,50.46815763700228,0.4202388942096324,-0.4198618357907603,0.4445957604447246
2022-05-23,91.0199966430664,91.91000366210938,90.6500015258789,91.5,85.65164947509766,45.52320218777126,0.048110037179718956,-2.2998159107566156,57.20974190787721,0.5120151252858409,-0.3577955462958258,0.512351673585747
2022-05-24,89.5199966430664,89.80000305175781,88.5199966430664,88.72000122070312,83.04934692382812,40.388828975686344,-0.0011257408894638221,-2.3441081764429645,37.041186010453714,0.2488274522388503,-0.5985266414847187,0.384866701745187
2022-05-25,89.33000183105469,90.91999816894531,89.04000091552734,90.41000366210938,84.6313247680664,44.48776057110221,0.02937498173064923,-2.2049392882675685,61.97537306333435,0.42038684135376436,-0.45218268204685197,0.4078453090610128
2022-05-26,89.41000366210938,91.37000274658203,89.04000091552734,91.0,85.18360900878906,45.88668449881959,0.03774657804932535,-2.019148184766098,69.25927984153462,0.5023821788026888,-0.4013249414758306,0.4572847940799618
2022-05-27,92.62000274658203,93.81999969482422,92.52999877929688,93.7699966430664,87.77655029296875,52.00230399728048,0.03089259962879054,-1.608107631863393,99.40684401011099,0.7985936247316341,-0.15854018397698608,0.6499054657328496
2022-05-31,95.54000091552734,96.29000091552734,94.51000213623047,95.30000305175781,89.2087631225586,55.02573425598361,0.05408680966576784,-1.1351868127734723,90.91745206256103,0.9339338908352198,-0.0316547524471804,0.8466155930713681
2022-06-01,95.5999984741211,96.36000061035156,93.83000183105469,94.75,88.69391632080078,53.71583752345036,0.015323625596034729,-0.8003807323101279,85.32360591434492,0.8604198602343881,-0.08082255574256156,0.90939063690892
2022-06-02,93.98999786376953,96.37000274658203,93.62000274658203,96.33999633789062,90.18230438232422,56.90940807073865,0.06417788384407741,-0.3928909899933639,99.6345138606878,1.010503807909441,0.0544575161672931,1.0106960774734004
2022-06-03,94.36000061035156,94.58000183105469,92.9000015258789,93.7699966430664,87.77655029296875,50.807173750043084,0.039463395184987204,-0.2904720671285652,66.87892889215446,0.7430912037868396,-0.16464570367246187,0.8800223902084576
2022-06-06,95.0,95.54000091552734,92.87000274658203,93.11000061035156,87.15875244140625,49.343924390580895,0.025666366947247665,-0.2635006469410713,58.47134265576588,0.6701084416034568,-0.22091142887120477,0.7228962514836708
2022-06-07,92.66999816894531,93.86000061035156,91.7699966430664,93.83999633789062,87.84207916259766,51.02405417598803,0.025573701159565365,-0.17684018405076454,67.7706440564633,0.7188536006344896,-0.1586776845836948,0.6388141442685048
2022-06-08,94.0,94.93000030517578,93.13999938964844,93.47000122070312,87.49573516845703,50.11673928807858,0.053539111496049285,-0.1386232044448731,63.05733412640099,0.6625918317905288,-0.19022084380521886,0.5377551776972697
2022-06-09,93.0,93.5,90.80000305175781,90.8499984741211,85.04319763183594,44.13219254016089,0.004866671588779736,-0.3316631274948871,29.681528910037358,0.36868380581730575,-0.41358484988927696,0.29571511834213215
2022-06-10,90.54000091552734,90.72000122070312,88.62999725341797,88.68000030517578,83.01189422607422,39.88411678373696,-0.025494514824920933,-0.6670929343075463,2.038261626799467,0.1071692435348402,-1.0090535944116774,0.004207164731327984
2022-06-13,86.05999755859375,86.83000183105469,85.0199966430664,85.55000305175781,80.08196258544922,34.696272383207685,-0.08766108581207133,-1.1972811658513813,4.669657477340374,-0.1005388645265485,-0.8170688460059631,-0.3603829215932466
2022-06-14,86.73999786376953,87.87999725341797,86.29000091552734,87.19000244140625,81.61711883544922,39.16151569795802,-0.08509975950097715,-1.4602050930660593,19.118983536649306,0.10030916115441903,-0.6818128614717793,-0.4658941945884215
2022-06-15,87.51000213623047,89.80999755859375,87.37000274658203,89.12999725341797,83.4331283569336,44.036386653351556,-0.05931396630225705,-1.480655073422402,36.21143964916904,0.29462408169934623,-0.5218121086156313,-0.38450354452805235
2022-06-16,85.22000122070312,85.93000030517578,83.98999786376953,84.5199966430664,79.53451538085938,37.15362650944289,-0.11806960439072367,-1.8495747415469417,4.281086997248982,0.010346370650676845,-0.7418934350256859,-0.5540505183952809
2022-06-17,85.0,85.5999984741211,83.94999694824219,85.0,79.9862060546875,38.35577750717613,-0.0887519982532885,-2.0787079870871894,8.454126904660257,0.09836203833254911,-0.7011456556392682,-0.5931033918989175
2022-06-21,86.0,87.75,86.0,86.94999694824219,81.82117462158203,43.11614022459781,-0.0612397225787793,-2.0611520022198913,24.154578095293676,0.2606680365280325,-0.553402683801058,-0.45868850907587233
2022-06-22,84.63999938964844,86.18000030517578,84.55000305175781,84.91000366210938,79.90150451660156,39.66518147987337,-0.09039602342856567,-2.209466800784079,7.729519047370409,0.15542821410943491,-0.7079654220275624,-0.4611604721069984
2022-06-23,84.12999725341797,84.2300033569336,82.76000213623047,84.12000274658203,79.15811157226562,38.38395436097071,-0.09529177142335954,-2.3747955099366123,10.641633335323263,0.13673490544875058,-0.6466502867329266,-0.4731825354002934
2022-06-24,84.1500015258789,86.55000305175781,84.1500015258789,85.91999816894531,80.85193634033203,42.90896226051369,-0.049283909921266966,-2.31485050703242,24.726105904125127,0.2708421076239957,-0.5221958640947595,-0.3339441807646686
2022-06-27,86.91999816894531,87.0,85.58000183105469,85.86000061035156,80.79547119140625,42.79613170759384,-0.026700065759634017,-2.247608375244958,25.47246458944824,0.28585309038621426,-0.5263446625072177,-0.2181361183710524
2022-06-28,86.1500015258789,86.80999755859375,84.33999633789062,84.33999633789062,79.36511993408203,39.93166960011026,-0.008951362182243017,-2.3096697196449276,12.98269876237034,0.22219696275570955,-0.6314402681779708,-0.2102655846803283
2022-06-29,84.43000030517578,84.61000061035156,83.33000183105469,83.6500015258789,78.71582794189453,38.66648107561679,-0.035547577946289266,-2.397290998250613,8.286774363808531,0.2077787489445867,-0.6791472456261319,-0.22013617386063467
2022-06-30,81.45999908447266,82.22000122070312,80.12000274658203,81.75,76.92790222167969,35.34550270846455,-0.07796934219491358,-2.6173237040798885,15.377334792995063,0.1285378770017899,-0.5784369553786055,-0.3127723321561662
2022-07-01,79.04000091552734,79.22000122070312,76.18000030517578,77.0,72.45809936523438,28.707339547079442,-0.08897289411696085,-3.2110686615446644,6.01613983904941,-0.08024248716064578,-0.5742469433162803,-0.6228664673136635
2022-07-05,74.55000305175781,76.1500015258789,73.73999786376953,76.11000061035156,71.6205825805664,27.659143955651714,-0.10458832699730025,-3.7370330273377403,14.747994969442066,-0.038696538271132466,-0.47922087094076016,-0.8197797524456916
2022-07-06,74.29000091552734,76.30000305175781,73.77999877929688,75.55999755859375,71.10302734375,27.00298504675287,-0.13099478622010519,-4.171935458192095,11.325449467247962,0.006901829050165808,-0.5064440875979689,-0.913143311293215
2022-07-07,78.5999984741211,80.95999908447266,78.33999633789062,80.6500015258789,75.89280700683594,40.961757492453074,-0.05017048845347738,-3.978235120935974,49.32193153803887,0.29003169681730495,-0.2804044882005434,-0.5959266830403775
2022-07-08,79.91999816894531,82.16000366210938,79.76000213623047,81.51000213623047,76.70205688476562,42.946818170663065,-0.031027201618595956,-3.698215466030072,55.46040747822138,0.3557206611576265,-0.23209824388808767,-0.290665241792774
2022-07-11,79.7699966430664,80.2699966430664,78.81999969482422,79.11000061035156,74.44361877441406,39.005211884026046,-0.07925991455471493,-3.6713405810887347,38.32977821391599,0.23059826097685077,-0.34056179201771425,-0.20400958517244083
2022-07-12,81.16000366210938,81.4800033569336,78.93000030517578,79.0999984741211,74.4342041015625,38.989147365660806,-0.0787329660442696,-3.6116096911124593,40.42232086604546,0.2546011570839407,-0.33880110448187806,-0.11492203120644495
2022-07-13,79.27999877929688,81.72000122070312,78.9000015258789,81.29000091552734,76.49503326416016,44.38838017792264,-0.03616307355555781,-3.3098346810530006,56.938173721170415,0.4107327853263155,-0.21056033274985356,0.10339972777975559
2022-07-14,82.94999694824219,84.04000091552734,80.51000213623047,83.66999816894531,78.73465728759766,49.60762421126369,0.00023920660171450336,-2.8023756567914986,74.8868680650052,0.5810303799412859,-0.07119355826517003,0.4024527968505449
2022-07-15,85.58000183105469,86.04000091552734,83.97000122070312,85.62999725341797,80.57902526855469,53.47968235248976,0.04746162239487206,-2.1822329433511123,89.66815591349902,0.7392428066993765,0.10615320213971588,0.7102882424417474
2022-07-18,86.05999755859375,86.08000183105469,83.37000274658203,83.58000183105469,78.64995574951172,49.21976151073058,0.08545430308717439,-1.870756439884524,75.28694871494025,0.5946085740923666,-0.03153910513369359,0.7650602123681542
2022-07-19,85.0,86.47000122070312,84.55999755859375,86.1500015258789,81.068359375,54.15050957612563,0.1319142689715731,-1.357607152339388,97.48625600597406,0.7736575560217404,0.1410806847829821,0.9340475138464277
2022-07-20,85.18000030517578,86.75,85.11000061035156,86.55999755859375,81.45418548583984,54.90285049312298,0.14557971058035002,-0.9021252200470443,98.53956640885455,0.8068431212516111,0.19976367867941275,1.0339209471053592
2022-07-21,86.68000030517578,87.80000305175781,86.4000015258789,87.79000091552734,82.61162567138672,57.173173686360784,0.08853037500570493,-0.4194970967718399,99.92886107724189,0.8674555524439467,0.24898325277976313,1.13212570895554
2022-07-22,87.41000366210938,87.7300033569336,85.80000305175781,86.31999969482422,81.22834014892578,53.69410381926876,0.05901123709055511,-0.17740510997371284,89.47366421885827,0.7524327931079722,0.15059882802558855,1.059413001419681
2022-07-25,86.30000305175781,86.69999694824219,85.62999725341797,86.30000305175781,81.20951843261719,53.64626918594581,0.0908862273166191,0.011845500090630078,89.30100183388386,0.7485306993155688,0.14926015737383988,0.9680465315203005
2022-07-26,84.76000213623047,85.19999694824219,83.8499984741211,84.41999816894531,79.4404067993164,49.208762756086585,0.06725675055144187,-0.017271382972656745,64.27058685003009,0.6290315694945865,0.023434340836292263,0.7558720387158698
2022-07-27,85.30999755859375,87.9000015258789,85.30999755859375,87.62999725341797,82.46107482910156,55.914247425347845,0.07799253507530213,0.261803997033421,97.02638526418033,0.8226452439872618,0.2338951066283045,0.7830497181355144
2022-07-28,87.12999725341797,88.62000274658203,86.44999694824219,88.61000061035156,83.38326263427734,57.748198201341665,0.059041412089970935,0.5676737434299832,99.89793741718607,0.8503257409563294,0.2660686563246021,0.8231191690144773
2022-07-29,87.81999969482422,89.20999908447266,87.79000091552734,88.4800033569336,83.26093292236328,57.40704311122525,0.0332829498107019,0.7870740679792914,92.91953539862301,0.8084014537325653,0.2334450101692371,0.8006337028189152
2022-08-01,85.30000305175781,86.88999938964844,84.30000305175781,86.30999755859375,81.21892547607422,51.89572989397404,0.03266333340026639,0.7480568416645592,71.8719475014652,0.6606929484622324,0.10144712489717302,0.6157845973337442
2022-08-02,84.5199966430664,87.51000213623047,84.16999816894531,86.05000305175781,80.97425079345703,51.26070480483176,-0.0011608546449995982,0.6848418713384177,63.67819377967353,0.6259872417100306,0.0842509314239578,0.45215728422920265
2022-08-03,85.95999908447266,86.7699966430664,84.55999755859375,86.51000213623047,81.40713500976562,52.3711490671054,-0.0005776311652198052,0.670130383403523,53.76714655239987,0.644263732301554,-0.09983460010261408,0.3526186617042193
2022-08-04,87.0,88.41999816894531,86.62000274658203,88.41999816894531,83.2044677734375,56.77464419422026,0.007176255124296871,0.8273922519194744,86.47257858020015,0.7770589296554198,0.03998925275987277,0.38473979733741376
2022-08-05,88.02999877929688,90.9800033569336,88.01000213623047,89.7699966430664,84.4748306274414,59.61658138491678,0.03996746052625766,1.0643107237726586,83.02937047372836,0.8523527900279017,0.08303529848742282,0.463191987343052
2022-08-08,88.9800033569336,89.0999984741211,86.91000366210938,87.94000244140625,82.7527847290039,54.39571906515498,0.01900351493485619,1.0687847822057346,57.36327021520656,0.684854687626262,-0.06306104146272097,0.3745467472098313
2022-08-09,86.94000244140625,87.13999938964844,84.44000244140625,85.20999908447266,80.1838150024414,47.68653257366338,0.009358061383081928,0.8096216006385456,19.074329298567,0.36161874454709303,-0.275724066062462,0.1309126371055277
2022-08-10,86.80999755859375,88.66999816894531,86.30999755859375,88.66999816894531,83.43972778320312,55.224348308544535,0.011868059640621986,0.9149616741255554,67.60163245390265,0.7883096663668822,-0.10217905392604022,0.17433822582358105
2022-08-11,89.95999908447266,91.0,89.30999755859375,89.5199966430664,84.23958587646484,56.868534837267354,0.01026972578349894,1.0640599778765918,79.30065676801844,0.8802085840950723,-0.26803100355071885,0.2382738069286846
2022-08-12,89.68000030517578,91.3499984741211,89.63999938964844,90.86000061035156,85.50054168701172,59.39964258900941,0.026898674877169126,1.289432178634331,93.46669514973959,0.9904482706408455,-0.11501502742950395,0.3405961500122966
2022-08-15,90.01000213623047,91.94000244140625,90.0,91.56999969482422,86.16865539550781,60.71510141128785,0.06094306087429957,1.5135009971124391,95.23806250797796,1.0248878993181687,-0.09539236287608188,0.42300458003775887
2022-08-16,91.13999938964844,91.3499984741211,88.56999969482422,89.94999694824219,84.64421844482422,56.23776982722822,0.04532265029198301,1.5241945512435109,74.38861777441748,0.7774962985777102,-0.2838269986127519,0.3477237952059027
2022-08-17,89.0,89.7699966430664,88.4800033569336,89.19999694824219,83.93846130371094,54.243425513503624,0.031094649057992862,1.4473530014839207,64.73611342949441,0.6614429726597076,-0.37106516857747185,0.22900650858062588
2022-08-18,88.70999908447266,89.66999816894531,88.41999816894531,89.2699966430664,84.00431823730469,54.40590985342674,0.009613071091869152,1.376829150842277,65.6370099074065,0.6591395450482591,-0.3629246368966388,0.13800807593231723
2022-08-19,88.5,88.58999633789062,87.0199966430664,87.19999694824219,82.05642700195312,48.87733257400075,-0.028628688658212775,1.119701941961176,38.9961018430329,0.3812871938437241,-0.6037021746121408,-0.05967367981983385
2022-08-22,85.41000366210938,86.02999877929688,84.94000244140625,85.23999786376953,80.21205139160156,44.28825665254652,-0.03070269291508021,0.7281729605388217,10.666605631510416,0.14094954008546406,-0.8316842148941925,-0.3071175376607439
2022-08-23,85.16000366210938,86.5999984741211,84.98999786376953,86.02999877929688,80.9554214477539,46.46976689577917,0.009622969988257735,0.48394698832376043,21.199951171875,0.21299773813472286,-0.7957162102451811,-0.40693603514677057
2022-08-24,85.80000305175781,86.12999725341797,85.19999694824219,85.55999755859375,80.51316833496094,45.332478799623935,-0.03507393331682607,0.24385203055264656,14.933268229166666,0.17794860769085852,-0.8526342114823795,-0.4837293774317799
2022-08-25,86.33000183105469,87.58999633789062,86.01000213623047,87.56999969482422,82.40458679199219,50.870375517601424,-0.021783097167211052,0.23609780920212242,41.73329671223958,0.4479818405638688,-0.6092085464882219,-0.3920333798071578
2022-08-26,87.5,87.79000091552734,84.6500015258789,84.73999786376953,79.74153900146484,44.09706243706547,-0.06735632981868833,-0.03137205867930553,3.99993896484375,0.1260360447320314,-0.9519429514055947,-0.4893002563068862
2022-08-29,83.91000366210938,84.31999969482422,82.77999877929688,82.8499984741211,77.96302795410156,40.24324214712991,-0.09522752100219067,-0.415600976731142,0.7641885026069865,-0.0183550736050162,-0.9078699671836217,-0.6423422283275124
2022-08-30,83.77999877929688,83.9800033569336,81.7300033569336,82.79000091552734,77.90655517578125,40.12333471821402,-0.0795998048400075,-0.7197714609248431,10.381955471531745,0.037529562667447856,-0.7564807565131945,-0.710959749408532
2022-08-31,84.11000061035156,84.87000274658203,83.05999755859375,83.3499984741211,78.43352508544922,41.86405586446388,-0.06558300131739903,-0.8995150664246993,15.86675085653225,0.1317391638505255,-0.7048676363446154,-0.6842102459736803
2022-09-01,81.44999694824219,81.83000183105469,80.12000274658203,81.63999938964844,76.82438659667969,38.21103087430964,-0.0854709828171254,-1.1914583761940407,12.859531999243515,0.048322750732762015,-0.660816940354528,-0.7338507864075889
2022-09-02,81.55000305175781,82.9800033569336,80.61000061035156,80.9000015258789,76.12802124023438,36.717834853504236,-0.072247914981451,-1.4789139253502257,6.945672983508816,0.05535445751287159,-0.7197311006273273,-0.7688452439752629
2022-09-06,81.02999877929688,81.02999877929688,79.5199966430664,80.02999877929688,75.30936431884766,34.986891362197596,-0.06112157696626663,-1.7728171490959246,4.975630597370427,0.05874156661420851,-0.7210201576863653,-0.7988773613996039
2022-09-07,78.38999938964844,80.18000030517578,78.2300033569336,79.94999694824219,75.23408508300781,34.824319115688695,-0.07067267716515402,-1.9938060698747324,15.03491583320162,0.10239731518525062,-0.600520676439638,-0.774963416608818
2022-09-08,79.01000213623047,80.73999786376953,78.7699966430664,80.23999786376953,75.5069580078125,35.98547231597462,-0.06217877684704909,-2.118980264665258,19.401504523512322,0.16298485339268448,-0.580617471258995,-0.6945061777015025
2022-09-09,80.83000183105469,81.66000366210938,80.73999786376953,81.52999877929688,76.72087860107422,41.01962082499891,-0.06897320176199573,-2.070041300651524,34.51878938396614,0.2708666982647311,-0.4920747524898485,-0.5211880150752595
2022-09-12,81.97000122070312,82.5,81.76000213623047,82.1500015258789,77.3043212890625,43.326475854588494,-0.0305639663207099,-1.9486646888989088,41.00417541865914,0.33076526191981975,-0.449518754900537,-0.3377997830479491
2022-09-13,80.41999816894531,81.13999938964844,78.5199966430664,78.80999755859375,74.16132354736328,35.313647026513934,-0.04876291373619335,-2.1554128258273058,6.066886503948772,0.12486587455212295,-0.6921129057769425,-0.394756149310189
2022-09-14,79.73999786376953,80.16000366210938,78.9800033569336,79.66000366210938,74.961181640625,38.43415914405744,-0.03780649174527839,-2.212529499063617,14.958166008006076,0.2091137172073683,-0.6652602788631271,-0.3468465294239811
2022-09-15,78.58000183105469,79.25,77.66999816894531,77.9800033569336,73.79530334472656,35.72861661288357,-0.05913570422430403,-2.3549689560328724,3.063291540044133,0.14254423279388598,-0.7048912353515627,-0.36037861309019625
2022-09-16,77.11000061035156,78.0,76.91999816894531,77.88999938964844,73.71012115478516,35.53181230180462,-0.0405374592607437,-2.450990407235093,12.20126619086143,0.1541878940523607,-0.657053771876491,-0.3419229154976322
2022-09-19,76.55000305175781,78.2300033569336,76.55000305175781,78.2300033569336,74.03189086914062,36.944742659575695,-0.02753428155552695,-2.4663619153847827,20.192312100935425,0.20758557125899244,-0.6060313755515875,-0.2776353431760743
2022-09-20,77.54000091552734,78.44000244140625,77.51000213623047,78.1500015258789,73.95616912841797,36.7406710983612,-0.017968485097025644,-2.459547719385732,19.230751596258294,0.22828354990177946,-0.6127681865047936,-0.21272548940021485
2022-09-21,77.58000183105469,79.30999755859375,77.13999938964844,77.13999938964844,73.0003662109375,34.17461625682114,-0.02969025102924816,-2.528608526901527,9.17568133574911,0.1661793713592726,-0.6978040494173088,-0.206508163708089
2022-09-22,76.44999694824219,76.75,75.36000061035156,75.62999725341797,71.5713882446289,30.72012790549705,-0.05212194832132411,-2.70819037461196,3.5432617552206764,0.07278220336507354,-0.6867958385121756,-0.26713035235767
2022-09-23,74.30000305175781,74.38999938964844,73.08999633789062,73.87000274658203,69.9058609008789,27.261239134431975,-0.08882872334702241,-3.000614268592867,8.289119076884159,-0.060231458484053625,-0.5986077854054405,-0.3809555229355297
2022-09-26,73.47000122070312,74.19000244140625,72.91999816894531,73.01000213623047,69.09201049804688,25.736350795086437,-0.10623352814013454,-3.289478644818935,0.9394984350983937,-0.05678931699793852,-0.7023335736006445,-0.46694008095120676
2022-09-27,73.51000213623047,74.04000091552734,72.3499984741211,73.02999877929688,69.11093139648438,25.84020947555807,-0.0681000811380269,-3.4821927432420208,6.699509388663849,0.022031444331675493,-0.6407113396407843,-0.47675745992311436
2022-09-28,71.11000061035156,72.29000091552734,70.69999694824219,72.12999725341797,68.25922393798828,24.199589861414964,-0.08940571047514823,-3.69246119243323,12.118643519865516,0.02012388134828744,-0.5542492598090447,-0.49279492454932683
2022-09-29,70.5199966430664,70.68000030517578,68.4800033569336,69.27999877929688,65.56217956542969,19.892503033277094,-0.11156704297069897,-4.122138344789592,5.706102809653091,-0.08813954909014254,-0.5832292270002695,-0.6285322194609515
2022-09-30,67.80999755859375,69.6500015258789,67.73999786376953,68.55999755859375,64.88081359863281,18.97373579741908,-0.11978419541071605,-4.49991965813133,6.119400010817797,-0.032955599030202155,-0.5696104484620572,-0.7021110367993408
2022-10-03,68.08000183105469,69.56999969482422,67.6500015258789,69.25,65.5337905883789,22.66029085496912,-0.11478972346907945,-4.680428207586632,12.789753804176469,0.07506466572011453,-0.5245058016799056,-0.6461180981230683
2022-10-04,70.80000305175781,72.93000030517578,70.72000122070312,72.80999755859375,68.9027328491211,38.26646442233811,-0.0683301520191244,-4.387681479321088,44.25384038071084,0.31374395693831497,-0.297640979665735,-0.3370481429214691
2022-10-05,72.91999816894531,74.91000366210938,72.58000183105469,74.4800033569336,70.48310089111328,43.97739107403293,-0.03448291358635758,-3.9276359387622195,58.576364965232585,0.43079776469595027,-0.19121887836072304,0.0010691982465167449
2022-10-06,73.97000122070312,74.91999816894531,73.86000061035156,74.3499984741211,70.36009216308594,43.63899714282206,-0.016924306084476037,-3.536158951591349,57.4613998962245,0.43787579159551077,-0.19950229524064458,0.23096024547740335
2022-10-07,71.80999755859375,72.02999877929688,69.75,69.75,66.00696563720703,33.7435764702559,-0.0557735104528676,-3.688011807214471,18.010284636710487,0.17068069546044892,-0.4926421587541019,0.11048323913715752
2022-10-10,69.8499984741211,69.87999725341797,67.01000213623047,67.44000244140625,63.8209114074707,30.057557916243653,-0.07629100749246798,-4.023485907748701,3.4959387415215994,0.06110696462787248,-0.6076964861042943,-0.08523639405978756
2022-10-11,64.19999694824219,64.91000366210938,62.619998931884766,63.45000076293945,60.04502868652344,24.981494197013888,-0.13117899768924424,-4.694718678291202,5.874039407736572,-0.07311355100296797,-0.5288055616270264,-0.4191215706912854
2022-10-12,63.599998474121094,64.2300033569336,63.369998931884766,64.11000061035156,60.669612884521484,27.172413929084783,-0.11118806537211379,-5.11116572785698,12.11383553567502,0.033785427228112994,-0.4988595690740249,-0.5403206392448712
2022-10-13,63.060001373291016,70.19999694824219,62.31999969482422,66.62000274658203,63.0449104309082,34.952755633656324,-0.03839514108906805,-5.104459888607087,34.12701248011665,0.20377841893966037,-0.3393330884502451,-0.4089007842832779
2022-10-14,67.26000213623047,67.44999694824219,63.779998779296875,63.91999816894531,60.48980712890625,31.103418049614888,-0.06767804264740429,-5.35755115404079,12.6984021260582,0.10274293321134416,-0.4897217655112709,-0.43974822429159
2022-10-17,64.9800033569336,65.3499984741211,64.04000091552734,64.88999938964844,61.407745361328125,33.91901674151562,-0.06296057636840635,-5.391607634713889,20.396825444881554,0.1846980274130123,-0.43569361084155545,-0.3480409151452011
2022-10-18,65.9000015258789,66.11000061035156,62.779998779296875,63.709999084472656,60.291072845458984,32.19531240718345,-0.12498285115220875,-5.50160048034415,11.031742523646585,0.15019115775791653,-0.5014188996157465,-0.31337696128045645
2022-10-19,62.7400016784668,64.11000061035156,62.16999816894531,63.65999984741211,60.2437629699707,32.120836290341074,-0.14527365839027073,-5.5385403477441875,11.686287674249387,0.1751631429670714,-0.5141148804571362,-0.24732534416647933
2022-10-20,63.75,65.27999877929688,63.380001068115234,63.58000183105469,60.16805648803711,31.993295442146035,-0.144855348560729,-5.520164456041669,11.058852251838236,0.19825111764450445,-0.5390150337967212,-0.1663115833177602
2022-10-21,62.02000045776367,63.779998779296875,62.02000045776367,63.75,60.32892608642578,32.6056619989636,-0.0860218235449477,-5.42762494030761,13.410851544080312,0.23507173497626743,-0.5130910597970165,-0.06468992535252704
2022-10-24,60.58000183105469,61.619998931884766,59.68000030517578,61.290000915527344,58.00094223022461,28.593181901414226,-0.09119219780626364,-5.595595786722889,10.564309947700593,0.12935776908397653,-0.49217442981031123,-0.11416418357948288
2022-10-25,59.959999084472656,61.36000061035156,59.5099983215332,61.13999938964844,57.85899353027344,28.363977402335138,-0.03640659691683412,-5.690771813980435,10.577554083421811,0.15734610454489617,-0.4891385339135505,-0.1159810525301963
2022-10-26,60.86000061035156,61.97999954223633,60.43000030517578,60.84000015258789,57.57508850097656,27.882562330467138,-0.0510061666197712,-5.745293158298173,10.62301743152055,0.17459568615772256,-0.5075619623436651,-0.09662692691069363
2022-10-27,61.849998474121094,62.45000076293945,60.90999984741211,60.95000076293945,57.679195404052734,28.36271878586051,-0.08510940835955083,-5.715808272163603,13.470557777326563,0.21282326658287015,-0.5008061606495039,-0.04003555992157937
2022-10-28,60.77000045776367,62.029998779296875,60.06999969482422,62.0099983215332,58.682308197021484,32.99210470404,-0.029881049678880833,-5.500076888851688,23.38634538037961,0.2946719161706206,-0.4357112350880861,0.09439248037307246
2022-10-31,61.59000015258789,62.27000045776367,61.06999969482422,61.54999923706055,58.24700164794922,32.024935044678216,-0.051471417730464375,-5.328589962711272,19.083266394725225,0.2904161053228928,-0.4639595513361469,0.17854839798903788
2022-11-01,63.2599983215332,63.43000030517578,61.58000183105469,61.58000183105469,58.275390625,32.16460026047315,-0.03343251538458569,-5.132402562118523,19.363926804906935,0.3104931485386875,-0.4621173075118844,0.2559681480646061
2022-11-02,62.5,62.88999938964844,60.52000045776367,60.52000045776367,57.27226638793945,29.83214774975606,-0.04932455138156677,-5.056801523703134,12.720432127443582,0.24937661251550444,-0.5272129757139192,0.2586951608899559
2022-11-03,60.0,60.88999938964844,59.43000030517578,60.279998779296875,57.04514694213867,29.313835377429868,-0.051903114844989995,-4.974127129394829,12.724527474384995,0.20273979877332518,-0.5712740993528944,0.263396452816385
2022-11-04,61.5099983215332,62.5,61.02000045776367,62.47999954223633,59.12708282470703,39.662657995199126,-0.019921509293850503,-4.5744210235211185,45.65866912756507,0.44840188701855405,-0.4101260515214517,0.41584691803056284
2022-11-07,62.619998931884766,62.93000030517578,61.970001220703125,62.7599983215332,59.39206314086914,40.84964195438991,0.023984453651161752,-4.173404298284479,56.92305786212572,0.5158470023200613,-0.38552248617747353,0.5360103386334765
2022-11-08,64.37000274658203,65.75,64.22000122070312,65.0199966430664,61.53077697753906,49.48707920433141,0.06346089385990528,-3.524189019332887,88.44931341481816,0.8287310627715685,-0.18694175235275134,0.7479933200195625
2022-11-09,66.52999877929688,66.5999984741211,64.94999694824219,65.0,61.51184844970703,49.418298889183816,0.06837609895577823,-2.977939716867009,77.68481335112462,0.8109124182723091,-0.18869927637614248,0.8670140019581614
2022-11-10,67.73999786376953,70.87000274658203,67.31999969482422,70.83999633789062,67.03844451904297,64.80089234650072,0.1622638639361571,-1.7871216791158144,99.73770627370847,1.3156761358124858,0.28307365298533366,1.2734547789078143
2022-11-11,72.73999786376953,74.5999984741211,72.37999725341797,73.83000183105469,69.86798858642578,69.85550186428384,0.19061418565624932,-0.4800291913724665,94.92421400127341,1.2570424873482855,0.30606786691759347,1.6637165870246537
2022-11-14,73.23999786376953,73.68000030517578,72.23999786376953,72.80000305175781,68.8932876586914,66.3224028379277,0.1827782668555098,0.4087431975424065,88.13450468274891,1.0580183876309373,0.24181598521798345,1.7768095872417475
2022-11-15,81.91999816894531,82.93000030517578,80.01000213623047,80.45999908447266,76.1422119140625,76.03156471427761,0.30659290478265233,1.9852473188144801,89.48935650764628,1.2221694211532035,0.32915794080369,2.2310128652076435
2022-11-16,80.55999755859375,80.56999969482422,78.9000015258789,79.44999694824219,75.18641662597656,73.04146199221974,0.31278926726408574,3.0437448529231617,85.19147507687832,1.0483570625390026,0.2884858008851395,2.3465164073460625
2022-11-17,79.30000305175781,82.94000244140625,78.69000244140625,81.4800033569336,77.10747528076172,75.15626307997063,0.35169211429979175,4.038003192108287,93.78988110671968,1.018771046278307,0.3699129463771414,2.4219205424675154
2022-11-18,82.77999877929688,82.83999633789062,81.0,82.2699966430664,77.85509490966797,75.94706201185217,0.3167416890916728,4.828662286527429,97.15012446848178,0.9641272155883062,0.40171301277331234,2.3878321526783544
2022-11-21,80.80999755859375,81.02999877929688,79.47000122070312,79.93000030517578,75.6406478881836,68.94653288724862,0.27358175298230036,5.119066563045709,87.19692955028763,0.8479577644541301,0.3075213147610112,2.092428413034177
2022-11-22,81.3499984741211,83.19000244140625,81.2300033569336,82.54000091552734,78.11058044433594,72.04202745461711,0.26945545434684015,5.552561638705326,97.26430358822338,0.8759576487516509,0.40421963213862894,1.9428999202560755
2022-11-23,82.44000244140625,82.94999694824219,81.7300033569336,81.97000122070312,77.57117462158203,70.3917501307607,0.2610769563363933,5.753518180409614,94.497063096326,0.822555341707405,0.3815173689123394,1.6961645299108632
2022-11-25,82.13999938964844,82.37000274658203,81.4000015258789,81.4000015258789,77.0317611694336,68.69702312653222,0.14906844456320756,5.775953202343734,91.56455790501585,0.7771862207075907,0.35881478458361526,1.3975696273013138
2022-11-28,80.2699966430664,81.08000183105469,78.88999938964844,79.22000122070312,74.96875,62.49948879170982,0.0730056999889821,5.49746363624281,79.07221420539278,0.6955233622688106,0.27198772296951684,0.9817052344947155
2022-11-29,79.91000366210938,80.20999908447266,78.95999908447266,79.33000183105469,75.07283782958984,62.68241570361655,0.08969742018283311,5.2260832144250715,78.83772232525806,0.6784845597954398,0.27636852348430824,0.6502005863457185
2022-11-30,80.62999725341797,83.43000030517578,80.47000122070312,82.9800033569336,78.52698516845703,68.22216715905698,0.031319989194509956,5.323641323870661,97.20672295969351,0.7586629474109833,0.41370770263671847,0.6012600461436022
2022-12-01,83.04000091552734,83.62999725341797,81.13999938964844,82.68000030517578,78.2430648803711,67.33731079722708,0.04065426165473718,5.3018807160883075,91.65937665364959,0.7292661534205719,0.39539946064587544,0.4920656222017623
2022-12-02,81.80999755859375,82.16000366210938,81.1500015258789,81.5,77.12639617919922,63.83068539745713,0.00024538345171598586,5.101212693997762,81.29940853768815,0.6752136866899535,0.3303572757220048,0.2965638080232207
2022-12-05,81.94000244140625,82.18000030517578,80.94999694824219,81.62000274658203,77.23995971679688,64.03580313835869,-0.00790102681892313,4.895648643690421,59.31180935760122,0.6620896072499417,0.3229843625562212,0.13504934037124317
2022-12-06,81.4000015258789,81.44000244140625,79.16000366210938,79.55999755859375,75.29049682617188,57.95938745797611,-0.004629138853085135,4.471505105206047,17.611255685372086,0.5607535083559471,0.1883502250494968,-0.12866099344554138
2022-12-07,79.0,79.70999908447266,78.58999633789062,79.23999786376953,74.98766326904297,57.05369223158129,-0.03998071909756784,4.056391056680185,12.896853329458086,0.5178600319881322,0.15534829533271405,-0.3372243031852853
2022-12-08,79.44999694824219,80.97000122070312,79.0999984741211,80.80000305175781,76.46395111083984,60.3097621483781,-0.014273646314414967,3.841208970217703,43.84933159552712,0.5820231804115221,0.17863475075124527,-0.38598131954995996
2022-12-09,80.8499984741211,82.19000244140625,80.69000244140625,80.69000244140625,76.35987091064453,59.96458306802747,-0.008722249739444798,3.6171653661132783,41.666780199302764,0.5474392005845266,-0.02029031890736828,-0.4319945907333289
2022-12-12,79.79000091552734,80.43000030517578,78.80000305175781,80.43000030517578,76.11380767822266,59.1033274403331,0.015273799792882459,3.3740148219282737,36.5080085921499,0.48998711908685083,-0.04189376452699706,-0.48195246624611965
2022-12-13,82.08999633789062,82.08999633789062,79.62999725341797,80.51000213623047,76.18952941894531,59.297068420204745,0.014874775240151239,3.152798670013296,38.09534622155819,0.4193170389198305,-0.8582830323204721,-0.5101298365498046
2022-12-14,80.81999969482422,81.51000213623047,79.5199966430664,80.0199966430664,75.72582244873047,57.500623966490146,-0.03567133914179277,2.89452357814032,28.37301677406854,0.325007503927244,-0.9502883668405999,-0.5564408948767747
2022-12-15,79.20999908447266,79.20999908447266,77.38999938964844,77.61000061035156,73.86144256591797,50.832583583733914,-0.056000136512448284,2.4625069303807896,3.5256617951824762,-0.011393526584068708,-0.9474740435438052,-0.6998095270447289
2022-12-16,77.61000061035156,78.05999755859375,76.2300033569336,76.30000305175781,72.61471557617188,46.91466072747518,-0.05849723086431635,1.9636233774255913,0.9459426021618011,-0.09388427696917315,-0.8705528057637032,-0.8554841734200926
2022-12-19,76.91999816894531,77.12000274658203,75.76000213623047,76.0999984741211,72.42436981201172,46.32756394543011,-0.062345836564929535,1.5294785989413167,4.32015945153635,-0.021863919100071676,-0.8058417272882384,-0.9413456654947918
2022-12-20,75.11000061035156,76.19999694824219,74.9000015258789,75.62000274658203,71.96756744384766,44.87616543281667,-0.04413477825755463,1.1222696610503895,8.24744069956251,0.002846547232142229,-0.7179032665710005,-0.9938077444554538
2022-12-21,75.86000061035156,77.41999816894531,75.7699966430664,77.13999938964844,73.41413879394531,50.19721201713417,-0.02098377795094264,0.9456471321544858,30.72699015714039,0.21967349750418094,-0.5522019998986242,-0.8988516165141405
2022-12-22,76.27999877929688,76.43000030517578,74.0199966430664,75.27999877929688,71.64398193359375,44.53234427606287,-0.06303583724386952,0.605303232836118,15.422291823666795,0.05652058220632668,-0.6292439707145588,-0.9197097844604094
2022-12-23,74.88999938964844,75.3499984741211,74.16999816894531,74.88999938964844,71.27281951904297,43.42573507080071,-0.0666194341469536,0.290617492163958,10.648740870646836,0.07524783402120366,-0.6678664879858873,-0.920687927881159
2022-12-27,74.33000183105469,74.73999786376953,74.16000366210938,74.31999969482422,70.73035430908203,41.79119311149912,-0.07072899823773915,-0.019417742963558006,3.6720053713887637,0.07582554954737009,-0.7243144771126115,-0.9179880913598237
2022-12-28,74.19000244140625,74.55000305175781,72.83999633789062,73.05999755859375,69.53119659423828,38.35440147025756,-0.08739170428648646,-0.3951185516093217,2.3529526961528293,0.031957162936104185,-0.6886542597684885,-0.9529407991149184
2022-12-29,74.3499984741211,76.04000091552734,74.1500015258789,76.0,72.3292007446289,48.91157538374251,-0.04485420685131836,-0.37816525261558487,33.79680854883299,0.3158560618023417,-0.4293397173235329,-0.7523996364927188
2022-12-30,74.29000091552734,74.56999969482422,73.6500015258789,74.48999786376953,70.89214324951172,44.679402216176314,-0.04020093858519325,-0.5190922561329783,17.837854333826016,0.19838480110591447,-0.5903263975246503,-0.6833250466894187
2023-01-03,75.8499984741211,75.97000122070312,73.7699966430664,74.02999877929688,70.45435333251953,43.44607415888694,-0.029751025346730908,-0.672619669009205,12.864891258445946,0.18479211632668924,-0.6371488179750047,-0.6349438035675463
2023-01-04,74.98999786376953,76.61000061035156,74.47000122070312,76.31999969482422,72.63374328613281,50.73646341074897,0.0028909257293443513,-0.5441316595331231,40.13842017960304,0.43149240162106184,-0.40405913552080547,-0.43359950346260356
2023-01-05,76.0,76.44000244140625,75.33999633789062,75.7300033569336,72.07223510742188,48.984393157001946,0.001454372674967619,-0.4994125139874256,45.36900742458341,0.38455058895778976,-0.4641134469826781,-0.3208651781352965
2023-01-06,76.5,78.73999786376953,76.1500015258789,78.06999969482422,74.2992172241211,55.54175259250886,0.01205596693928368,-0.21273809553637793,88.64410176833802,0.6442823315580982,-0.22593369693290347,-0.09089333507980961
2023-01-09,80.55999755859375,81.22000122070312,80.05999755859375,80.30999755859375,76.4310302734375,60.74355626437529,0.06681717306389845,0.2469850113112548,89.14077408265233,0.8911300707495252,0.002067549880704419,0.1946389055445614
2023-01-10,80.51000213623047,81.58000183105469,80.45999908447266,81.2699966430664,77.34465789794922,62.754852789288925,0.08519149964712636,0.7005486270266605,96.45303211501698,0.97170264864647,0.10499043892525299,0.42184188576323717
2023-01-11,81.56999969482422,81.88999938964844,80.62999725341797,81.77999877929688,77.83003997802734,63.815537893044755,0.10037678643486858,1.096547363331218,98.7845240523958,0.9840729436998211,0.15746417731207732,0.5722837667534076
2023-01-12,84.95999908447266,88.83000183105469,84.41999816894531,87.0,82.79791259765625,72.4602140940155,0.19080235424162573,1.9180543750243102,88.55533957235326,1.2327350263682268,0.2407587766635083,0.9514845897152381
2023-01-13,85.41000366210938,87.0999984741211,84.9000015258789,86.80000305175781,82.60755920410156,71.75285385516369,0.14210524039609163,2.5062823910872334,87.30457734886504,1.0845276665393662,0.22885425332634837,1.122834192518021
2023-01-17,86.22000122070312,89.7300033569336,86.16000366210938,88.98999786376953,84.6917953491211,74.66872942992246,0.19465700241337291,3.142601781226164,95.61867859303001,1.0771969998252109,0.3197048008250041,1.2975240721968424
2023-01-18,90.4800033569336,91.22000122070312,89.36000061035156,89.47000122070312,85.14860534667969,75.2712473685719,0.20856414570734194,3.6383314561367586,90.47878381340117,1.0023877302525288,0.2876738704514209,1.3583341859661395
2023-01-19,89.02999877929688,90.01000213623047,88.26000213623047,88.4000015258789,84.13028717041016,71.2053340558593,0.1582810325359103,3.8721008383626847,83.94991608534326,0.8953515726455737,0.23227028471996222,1.247343749775402
2023-01-20,90.0,91.02999877929688,89.19999694824219,91.02999877929688,86.63326263427734,74.80745887824705,0.20203379991133374,4.252456310449153,98.91859735511423,0.940161288345781,0.3684495447270022,1.2563681442796608
2023-01-23,91.76000213623047,95.7300033569336,91.72000122070312,95.66000366210938,91.03963470458984,79.63692686424363,0.22531081895481941,4.920212764950345,99.68124010280918,1.01918199906006,0.4130909910843768,1.4587492435217304
2023-01-24,95.79000091552734,98.0,91.55000305175781,94.55999755859375,89.99276733398438,75.91351075634773,0.17743758015597577,5.266600393894177,85.38035435669902,0.9176995637325314,0.2997475556224023,1.4203756417520768
2023-01-25,92.68000030517578,93.0,91.12000274658203,92.41000366210938,87.94660186767578,69.1118727778383,0.13707403016398456,5.271552838972286,75.33099984781616,0.8105482499339347,0.21842143604833833,1.1661030718708298
2023-01-26,93.88999938964844,94.27999877929688,92.63999938964844,93.44999694824219,88.93637084960938,70.48924866196488,0.14269979656592136,5.302949878534631,79.17618595192678,0.811013855349816,0.25776042006542627,0.9809270589251642
2023-01-27,92.81999969482422,94.12000274658203,92.23999786376953,93.30000305175781,88.79361724853516,70.00438009787227,0.07241371748118963,5.247745353418143,73.8015813342678,0.7795436120107223,0.23991444236642187,0.7742559851747073
2023-01-30,92.8499984741211,94.25,92.58000183105469,93.12999725341797,88.63182067871094,69.42152284674215,0.07292627372907856,5.125216628987102,72.23487746644959,0.74846929981036,0.23326981895931265,0.5619662991502099
2023-01-31,91.0,92.76000213623047,90.0,92.7300033569336,88.25115203857422,67.98726564808602,0.04202717246435217,4.932387078566302,69.66035803245106,0.714254807404307,0.21565387491636162,0.3420348128642865
2023-02-01,93.0,95.7699966430664,92.56999969482422,94.73999786376953,90.16405487060547,71.20653507214296,0.05890230971494548,4.899034963429226,75.99409648991717,0.7664478204073221,0.2849806402077216,0.2744335727790048
2023-02-02,96.5999984741211,97.5,95.83999633789062,96.6500015258789,91.9818115234375,73.89321237439148,0.0933257762109343,4.9786775954836795,89.69466693612216,0.8148452781707186,0.3524136141237378,0.2991562520937707
2023-02-03,95.04000091552734,96.94999694824219,94.30999755859375,94.66000366210938,90.08792114257812,66.89015685144383,0.03987681409258048,4.8067059942443615,71.79056274534568,0.7216604689568029,0.2558911025191672,0.14289929155743586
2023-02-06,91.80000305175781,92.05000305175781,90.73999786376953,91.83000183105469,87.39462280273438,58.41203476830988,-0.04003763760347889,4.3711248349410505,36.65298231844348,0.5731093626574846,0.02684193121468101,-0.16994299777626765
2023-02-07,91.77999877929688,94.69999694824219,91.68000030517578,94.55000305175781,89.98324584960938,63.23526433279331,-0.00010580277345695333,4.215002363966991,64.5790790049826,0.6986393003140181,0.16094448506591782,-0.22706301004716956
2023-02-08,95.0199966430664,95.94000244140625,94.2300033569336,94.27999877929688,89.72628784179688,62.4608803029676,0.02023598338454069,4.019882438980733,57.72727351543304,0.6700687517649647,0.14167813183960606,-0.3019877403732454
2023-02-09,96.0,98.56999969482422,95.62000274658203,96.69000244140625,92.01988220214844,66.4144439232818,0.03467098244601474,4.026319747432313,78.06304176937861,0.8470642846550002,0.15509422004681148,-0.22068586014364344
2023-02-10,95.94999694824219,96.5,94.25,95.37000274658203,90.76363372802734,62.529933988581824,0.022186464979550014,3.870025490714783,62.660477687358615,0.7196593224356396,0.04694169623731781,-0.27176583483727423
2023-02-13,95.47000122070312,96.38999938964844,94.91000366210938,96.11000061035156,91.46788787841797,63.8079191190758,0.03199829562328116,3.765045908441679,71.2952255300738,0.7764952718809054,0.045710387845097525,-0.2774083881400484
2023-02-14,95.81999969482422,98.98999786376953,95.22000122070312,97.95999908447266,93.22853088378906,66.85180137560641,0.05640015716779834,3.7944678988406055,88.54283621748277,0.9245445474850565,0.081050393841875,-0.18622731537778048
2023-02-15,92.33000183105469,93.68000030517578,90.7699966430664,92.76000213623047,88.27970886230469,53.28607034771203,-0.02089908235610083,3.333263354348121,30.70080970045072,0.35821672431468354,-0.3801633985162132,-0.4668968658456514
2023-02-16,90.9800033569336,91.79000091552734,89.87999725341797,90.81999969482422,86.43340301513672,49.269163420675866,-0.06032071358897961,2.769483681028617,10.318357611723306,0.07198217043634317,-0.6645938380370873,-0.7668625347883196
2023-02-17,89.97000122070312,90.30000305175781,88.94000244140625,90.0999984741211,85.7481689453125,47.828106133719764,-0.04817240915568799,2.234397162601063,11.542254339077775,0.007321168382826104,-0.6995955174060353,-0.9873532177354973
2023-02-21,88.37999725341797,89.41999816894531,87.4800033569336,87.63999938964844,83.40699768066406,43.181047506272165,-0.045627808601807374,1.5771373253278949,1.39006176431987,-0.1179927564790175,-0.735866865344768,-1.24989969870157
2023-02-22,87.75,88.08999633789062,86.66000366210938,86.83000183105469,82.63611602783203,41.74285723151918,-0.08164997553051967,0.9713374286852374,1.3787368117531094,-0.06279904886780621,-0.7083495155363133,-1.4219818299546447
2023-02-23,90.30000305175781,91.98999786376953,89.45999908447266,90.08000183105469,85.72914123535156,49.07210396661475,-0.04454822218314636,0.7676473806042696,27.73722447075305,0.23768152920880095,-0.4574957716551463,-1.2785153364562791
2023-02-24,88.08999633789062,88.1500015258789,87.23999786376953,88.11000061035156,83.8542709350586,45.34784978345409,-0.08873746707425367,0.42646158932850686,11.759915897178235,0.12049182516627766,-0.609553450647447,-1.258915319142772
2023-02-27,88.69999694824219,88.8499984741211,87.23999786376953,87.30000305175781,83.08341979980469,43.87353167184339,-0.08461774405414801,0.0818274869820804,5.190589542712563,0.10947564715211858,-0.6720718202951891,-1.2446546281171658
2023-02-28,87.13999938964844,88.1500015258789,86.9000015258789,87.06999969482422,82.8645248413086,43.441624431694706,-0.09405883569264484,-0.210867600376508,3.3251924210932744,0.13770818589522754,-0.6898248666402248,-1.196426718961463
2023-03-01,89.04000091552734,90.04000091552734,88.2699966430664,88.41999816894531,84.1493148803711,46.754835815172896,-0.0973866681942609,-0.31870442511195723,14.274090304105458,0.2527543373885908,-0.5856244900585788,-1.0307484400603597
2023-03-02,87.63999938964844,89.33999633789062,87.12000274658203,89.02999877929688,84.72985076904297,48.230566889209754,-0.04021148391867324,-0.34544825832111964,19.221380630239025,0.31323091771826506,-0.5385412652673044,-0.8427342443629378
2023-03-03,88.66999816894531,89.8499984741211,87.87999725341797,89.79000091552734,85.4531478881836,50.08672704586982,-0.011341160856312205,-0.2947961632636416,25.38522891597576,0.38231756373412984,-0.47987967084066324,-0.6395448935306325
2023-03-06,90.08000183105469,91.33000183105469,89.51000213623047,89.58000183105469,85.25330352783203,49.55801912048118,-0.005771148510425705,-0.2704487945970068,23.682072523214597,0.38348445237228485,-0.49608765578234754,-0.49495065139187133
2023-03-07,89.94999694824219,90.23999786376953,88.30000305175781,88.8499984741211,84.55855560302734,47.67396036233123,0.01380649051500682,-0.3133412716197951,31.196522211656024,0.3436915654368958,-0.5524338237887481,-0.4251180539555975
2023-03-08,88.3499984741211,90.83999633789062,88.13999938964844,90.83000183105469,86.44290924072266,52.903776528310566,0.04606694258970845,-0.16702878994629664,78.23644850582512,0.4963036263739466,-0.3996070173137218,-0.24024418069086323
2023-03-09,89.70999908447266,90.69000244140625,88.56999969482422,88.87999725341797,84.58709716796875,47.83323251383067,-0.01332153863815766,-0.22409323411366755,41.650956967591505,0.3719825818983721,-0.5501190161355892,-0.2310971312304655
2023-03-10,88.02999877929688,89.16999816894531,87.19999694824219,87.25,83.03583526611328,44.034032528021335,-0.00976021447469444,-0.41188682075522776,11.069361721010058,0.2697814979412998,-0.6759310705846174,-0.31260935645357985
2023-03-13,86.37999725341797,89.0,86.30999755859375,87.73999786376953,83.50215911865234,45.43700078697413,0.005039986556362619,-0.5110850830073845,25.176060358178564,0.32752466337604075,-0.6034383574419383,-0.31720194379255573
2023-03-14,88.02999877929688,89.62999725341797,87.70999908447266,89.29000091552734,84.97730255126953,49.730029229357626,0.025496769745642744,-0.44426890722179013,52.464845014499886,0.48741769245400085,-0.48710212738561437,-0.20823856506220986
2023-03-15,87.19999694824219,87.23999786376953,85.44000244140625,86.69999694824219,82.51240539550781,43.56229663727428,-0.019452439834957147,-0.619280026938232,21.392099107011013,0.1615298891231963,-0.7372909957380938,-0.2847821149957609
2023-03-16,85.94999694824219,89.47000122070312,85.81999969482422,89.30000305175781,85.4292221069336,51.26499445846351,0.008254131590494262,-0.4742810456629577,65.53482190737473,0.7007082792210191,-0.3836458537414925,-0.12948779219505907
2023-03-17,89.05999755859375,90.02999877929688,89.0,89.47000122070312,85.59186553955078,51.661164641561115,0.0016233182134928192,-0.34002844387739956,68.42103899670214,0.753104290006298,-0.3588147779728159,-0.012492542754928615
2023-03-20,89.20999908447266,90.37000274658203,88.66000366210938,90.04000091552734,86.13715362548828,53.03947762228235,0.010367341335549618,-0.17981931145041616,78.09845417311085,0.8549137560664378,-0.2755646303351926,0.09881246605715316
2023-03-21,91.0,93.0,90.80000305175781,92.5,88.49051666259766,58.534686660947216,0.04649986073590817,0.16765348658915558,93.38624125041376,1.1377499843324015,0.021507302422838392,0.315878055590314
2023-03-22,93.5,95.02999877929688,92.54000091552734,92.62000274658203,88.60531616210938,58.78803054112509,0.025015434352920085,0.44702217640422054,74.86968766408376,1.0480702373139168,-0.051935878056929626,0.4442735460481428
2023-03-23,94.48999786376953,95.81999969482422,93.43000030517578,94.58999633789062,90.48995208740234,62.80569838407155,0.0697843420221882,0.833323587665107,88.15025354145857,1.138900843828016,0.10450780175623173,0.6222958692115911
2023-03-24,93.94999694824219,94.18000030517578,92.08999633789062,92.79000091552734,88.7679672241211,57.308328616892794,0.06903202622864546,0.9657619822679826,70.80925259109154,0.8796396013948694,-0.06138673763916432,0.5905066541687405
2023-03-27,92.04000091552734,92.18000030517578,90.55000305175781,90.66000366210938,86.73028564453125,51.55739279358526,0.03865919827644104,0.8709760216081648,50.28904240783167,0.630152183525215,-0.2576952269230962,0.40738516386309587
2023-03-28,90.66000366210938,90.87000274658203,89.91999816894531,90.80999755859375,86.87378692626953,51.923290475929576,0.022317540308552264,0.7999791049627583,51.73407069466464,0.6286135815264328,-0.24387043697037936,0.2772805477069247
2023-03-29,91.76000213623047,93.22000122070312,91.44999694824219,92.76000213623047,88.73926544189453,56.52089776428258,0.0754657438059092,0.9062530102012767,70.52024693372495,0.8183016885988627,-0.06415184263156799,0.29648676588426653
2023-03-30,93.3499984741211,93.5199966430664,92.02999877929688,92.47000122070312,88.46185302734375,55.668336291824374,0.0354987537708602,0.9532606074324341,67.72640307763095,0.7583439778740719,-0.09087751584496251,0.2708412544042279
2023-03-31,91.23999786376953,93.26000213623047,91.12999725341797,93.0199966430664,88.98798370361328,56.99330356138212,0.03967804817261755,1.0268234047995313,73.02501163152219,0.7886221132466135,-0.04019053940127562,0.2690908686149751
2023-04-03,93.01000213623047,93.5999984741211,91.70999908447266,92.83999633789062,88.8157958984375,56.39920628482724,0.031097408727894127,1.0566017383950834,71.29090418639248,0.7445395145196809,-0.056778964327793065,0.2372308761910128
2023-04-04,93.04000091552734,93.27999877929688,91.72000122070312,92.16999816894531,88.1748275756836,54.13692714223113,-0.0035674906060018108,1.0093791075464094,63.49998474121094,0.6561687536290625,-0.11852930077830084,0.1577117444686844
2023-04-05,91.5999984741211,92.18000030517578,89.05000305175781,90.19999694824219,86.29022216796875,48.03584111734621,-0.026128161316020915,0.789447286467891,21.50829803670849,0.4478913301675018,-0.30009056343607976,-0.02723615853756234
2023-04-06,89.66000366210938,90.91000366210938,89.4000015258789,90.23999786376953,86.32848358154297,48.16356553465447,-0.04598818332713783,0.6114940100519112,22.06697035083513,0.44102845898512055,-0.2964044917888431,-0.14579455312057266
2023-04-10,88.41999816894531,89.02999877929688,86.47000122070312,89.0199966430664,85.16136932373047,44.56521796697828,-0.040629497477222776,0.35817236897502447,27.27268276482775,0.2815816479399048,-0.40884327470164084,-0.29311822714267266
2023-04-11,88.63999938964844,89.83999633789062,88.47000122070312,89.23999786376953,85.37183380126953,45.358013282980075,-0.01566294672231805,0.1744644851382299,29.625637380938585,0.28237651685256326,-0.38856730810928364,-0.36216653826167133
2023-04-12,88.91000366210938,89.5,86.86000061035156,86.87000274658203,83.10457611083984,38.903364001481236,-0.04338720514887473,-0.18102487923107058,4.278091884036448,0.03524671057849893,-0.6069929622859372,-0.5358307313425339
2023-04-13,86.55999755859375,87.62999725341797,85.97000122070312,87.05000305175781,83.27676391601562,39.6062690706378,-0.061556758427932845,-0.44318860441147806,13.154713172834148,0.03320235760722887,-0.6363235778808587,-0.6090613893586848
2023-04-14,87.94999694824219,88.37000274658203,86.54000091552734,87.19999694824219,83.42025756835938,40.223467874989,-0.05699174600633794,-0.6313663259783838,16.120526478408205,0.09051728733789148,-0.6408572636881821,-0.6159464009082274
2023-04-17,87.75,88.05000305175781,87.16000366210938,87.98999786376953,84.1760025024414,43.49853469722961,-0.05407450535342884,-0.7017382396584108,26.474408521726783,0.197766371212748,-0.5641318777840522,-0.5404100099881353
2023-04-18,88.19999694824219,88.4000015258789,87.5,88.13999938964844,84.31950378417969,44.12453681767081,-0.050624914957688394,-0.7357373171113751,28.44035321209624,0.2326986730232474,-0.5495632174827026,-0.4550134790513304
2023-04-19,86.2300033569336,87.37999725341797,86.04000091552734,87.2300033569336,83.44895935058594,41.14625204167213,-0.05359656894187037,-0.8359229334484466,16.513795410162597,0.1746906246766732,-0.6379433767163241,-0.43159039143574707
2023-04-20,88.31999969482422,91.87999725341797,88.0999984741211,89.29000091552734,85.41967010498047,49.46231935039875,-0.010088652469728343,-0.7200901396753059,43.51246251546128,0.40161074623652016,-0.437871187916277,-0.26593298421536193
2023-04-21,87.77999877929688,87.91000366210938,85.27999877929688,85.37000274658203,81.66959381103516,38.35582303010198,-0.05396700575780622,-0.9740216844585472,1.0817784926259881,0.03989893926284016,-0.7876634100301665,-0.38429104558540034
2023-04-24,85.4000015258789,85.95999908447266,83.98999786376953,84.63999938964844,80.97123718261719,36.703001283220075,-0.04920226358955093,-1.2298939242529208,6.996786456635232,0.03493643674313357,-0.6961270020212731,-0.47883047851212324
2023-04-25,83.2699966430664,83.4000015258789,82.26000213623047,82.29000091552734,78.72308349609375,31.9325283196971,-0.07787990498895558,-1.6334867575517793,0.30240710518260555,-0.06069056430493549,-0.6938976880370521,-0.6512980194028846
2023-04-26,82.23999786376953,82.37999725341797,81.20999908447266,82.25,78.68482971191406,31.85665429658998,-0.053182948590351886,-1.9392902454409433,9.746964329893073,0.022986803674046166,-0.5858070619009323,-0.721053266195859
2023-04-27,82.9000015258789,83.86000061035156,82.16000366210938,83.66999816894531,80.04327392578125,37.532924599929984,-0.03882823777224753,-2.028479069467952,23.05529059632273,0.16679216120032833,-0.4761666841134938,-0.6319963220722737
2023-04-28,84.4800033569336,84.51000213623047,83.72000122070312,84.30000305175781,80.64595794677734,39.92389360129254,-0.03325690548615978,-2.0179987353647326,28.959742245115972,0.2401074794763359,-0.4275239035900643,-0.49485788801388675
2023-05-01,84.30000305175781,84.69000244140625,83.9000015258789,83.9800033569336,80.33984375,39.105173475013544,-0.045573068789173554,-2.0173426485883397,25.96068179770589,0.2370681750414184,-0.4522304582193644,-0.3916414287951999
2023-05-02,83.5,84.05000305175781,82.55000305175781,82.95999908447266,79.36404418945312,36.533279469126086,-0.058770027957118054,-2.0901166283888877,16.401127463107905,0.17661189533867924,-0.5349374433879317,-0.356942508949035
2023-05-03,82.62000274658203,83.76000213623047,82.44000244140625,82.69999694824219,79.11530303955078,35.88537929999205,-0.05193181969865668,-2.149132657406439,13.964368504824323,0.1758434026163841,-0.5729476583255668,-0.3197953166855674
2023-05-04,83.0,83.76000213623047,82.63999938964844,83.48999786376953,79.87106323242188,39.401795326206916,-0.06495701593952985,-2.0976266897168228,21.368314625701984,0.270450409048251,-0.5074860432823425,-0.21822710469097872
2023-05-05,84.30000305175781,85.56999969482422,83.75,84.97000122070312,81.28693389892578,45.4391733494506,-0.00468546363772504,-1.8942330080762757,35.23901388449938,0.4314954304848023,-0.3747896131531648,-0.038981327074506744
2023-05-08,84.5,85.54000091552734,84.41000366210938,85.54000091552734,81.83221435546875,47.60421375107899,0.010633123598071892,-1.6595797032747601,40.58109254092488,0.5089266108498701,-0.3236855316051482,0.12408469694426216
2023-05-09,85.25,85.4800033569336,84.30000305175781,85.05999755859375,81.37300872802734,45.95054807636437,0.03366134955911737,-1.5018674924913293,36.08246611818914,0.4774634285354054,-0.36672261747625073,0.20407460508767783
2023-05-10,84.51000213623047,85.1500015258789,84.16999816894531,84.9000015258789,81.21995544433594,45.384658723658056,0.03221873570424738,-1.376191246663771,55.07462567596959,0.469660011396036,-0.3810668827017934,0.2468736101356923
2023-05-11,84.13999938964844,84.13999938964844,82.52999877929688,83.43000030517578,79.81367492675781,40.454897100566114,-0.002868435881774767,-1.400385635860913,46.736867804276315,0.3123435953519992,-0.5128645170885602,0.18357777387020513
2023-05-12,83.37999725341797,83.93000030517578,82.94999694824219,83.43000030517578,79.81367492675781,40.454897100566114,-0.010320207499659229,-1.4038629294958889,50.91745206256103,0.33179344704276614,-0.5128645170885602,0.14642894522000383
2023-05-15,83.33000183105469,85.66999816894531,83.2300033569336,85.66000366210938,81.94701385498047,50.008557119110826,0.02000464563985993,-1.1804384617126538,99.77590787247618,0.6325965161989974,-0.31292643889547567,0.26342692271947077
2023-05-16,85.69000244140625,86.75,85.58999633789062,85.87999725341797,82.15747833251953,50.84643814684968,0.035197729294113245,-0.9712619201984988,81.04567667298295,0.6933618078782626,-0.29320155476647813,0.3475941461831975
2023-05-17,88.30000305175781,91.80000305175781,88.05999755859375,90.87999725341797,86.94074249267578,65.14475853652092,0.09891183061275721,-0.329130938420703,90.17087886380718,1.2130060764856443,0.15508944626459864,0.6978046596015812
2023-05-18,91.25,93.4000015258789,91.06999969482422,92.6500015258789,88.63402557373047,68.62423743282866,0.10971385614097429,0.3365153767364318,93.15693373494395,1.2417342064796366,0.22702584104826223,0.9976215275600405
2023-05-19,92.12999725341797,92.79000091552734,91.55999755859375,92.58000183105469,88.56705474853516,68.33368686478696,0.08956077564275788,0.8418829930919459,92.51825033465619,1.085145112047037,0.22153192703821822,1.1355266659068988
2023-05-22,92.06999969482422,92.44000244140625,91.19999694824219,91.72000122070312,87.74433135986328,64.70906900737509,0.07224681686741419,1.1460279980319736,84.67152878182365,0.9438842816434291,0.15404027618527835,1.113900995664793
2023-05-23,91.0,91.33999633789062,90.33000183105469,90.44000244140625,86.51982116699219,59.63860081576523,0.06324962686542679,1.2536216903962694,72.76910453952368,0.814985563703266,0.053588270637539265,0.9652382577083931
2023-05-24,89.27999877929688,90.1500015258789,89.18000030517578,90.12999725341797,86.22325134277344,58.44413672583238,0.06160180550537864,1.2949178754658726,69.91717160799101,0.765046402194316,-0.020501027321247606,0.8017633064554165
2023-05-25,97.05999755859375,102.37000274658203,96.9800033569336,100.94999694824219,96.57424926757812,76.29186601303982,0.20999627389918962,2.2732223401899985,92.84271414117991,1.2254178268126854,0.32719451127661225,1.3152494922701545
2023-05-26,100.8499984741211,104.44000244140625,100.7300033569336,103.20999908447266,98.73628234863281,78.38049457454078,0.23708477825685392,3.189605313575799,94.38611067390768,1.1411345980446657,0.35873999578302573,1.7005256844726202
2023-05-30,103.79000091552734,105.23999786376953,101.52999877929688,101.9800033569336,97.55960845947266,74.53204886227822,0.19052060435199492,3.745534257947162,85.64511387820852,0.9941327527352378,0.28114074796858984,1.7683012008584997
2023-05-31,99.7300033569336,99.9800033569336,98.05999755859375,98.58999633789062,94.31655883789062,65.05181703282955,0.14799724568175177,3.8402870720037896,70.71773758711569,0.8258772765145938,0.13890170092031284,1.4976189521501375
2023-06-01,98.68000030517578,100.58999633789062,98.5999984741211,98.83999633789062,94.55570983886719,65.40131032255138,0.08758801831986784,3.887551861780408,71.28756723638972,0.8023312212566565,0.14753375360514923,1.2478000762027164
2023-06-02,101.25,101.30000305175781,98.62000274658203,98.94000244140625,94.65138244628906,65.54973526703459,0.06788991962858604,3.8850591171633515,71.37666063293834,0.7767438923240869,0.15174655022684916,1.0121534317317877
2023-06-05,98.01000213623047,98.80999755859375,94.25,98.05000305175781,93.79996490478516,62.9611666755369,0.05908416138605488,3.7621463536857442,63.409698454513865,0.7204243581044666,0.11425568383196498,0.7349946707416946
2023-06-06,97.61000061035156,100.5999984741211,97.41999816894531,99.81999969482422,95.49324035644531,65.84955023931428,0.08831236020024646,3.7678162874990138,68.45169922777916,0.7590500318665605,0.18881647290825726,0.6070672000031285
2023-06-07,101.37999725341797,103.0199966430664,99.54000091552734,100.29000091552734,95.94286346435547,66.59449035619838,0.10891194838666896,3.7650889530523526,69.1780965085301,0.7507222615554933,0.20861493728677735,0.4986305641845541
2023-06-08,98.98999786376953,100.69999694824219,98.62999725341797,99.94000244140625,95.60803985595703,65.44954774804395,0.10884289755990695,3.688745422836241,66.99877815655559,0.7154643973632537,0.19387149290560327,0.35689679698365495
2023-06-09,102.69999694824219,104.68000030517578,102.25,102.80000305175781,98.34407043457031,69.99001687418018,0.01832601527233768,3.817518294045273,84.80700384225108,0.8017395337416757,0.30862686648902427,0.3968842513322155
2023-06-12,104.33999633789062,107.38999938964844,104.30999755859375,107.05999755859375,102.41941833496094,75.21479578350733,0.03730276144409772,4.212258328225521,98.1877987498853,0.9360698673958661,0.4122639954097313,0.6332423614859453
2023-06-13,110.0,110.69000244140625,106.73999786376953,106.80000305175781,102.17068481445312,74.36381812650686,0.04726419496543954,4.442217682208629,81.91539282510671,0.8914749866162992,0.2785850376363106,0.7028954497963502
2023-06-14,106.02999877929688,107.69999694824219,105.22000122070312,107.41000366210938,102.75424194335938,75.07627977252156,0.08946131209018415,4.6117909427765795,80.04867218854069,0.8909300106830412,0.267325727539984,0.7159225339944943
2023-06-15,106.2699966430664,106.66000366210938,105.06999969482422,105.18000030517578,101.04235076904297,69.01673481119218,0.06860126100506991,4.545761736423217,66.48417689797404,0.7836017573586593,0.16948067344385717,0.5446527541660715
2023-06-16,105.43000030517578,105.75,104.3499984741211,104.56999969482422,100.45633697509766,67.02250906172337,0.06132984409501541,4.391599098636073,62.77371144928774,0.7319840313032576,0.14223689214463278,0.33745700561963066
2023-06-20,104.18000030517578,104.87999725341797,103.06999969482422,103.9800033569336,99.88955688476562,65.06432167984549,0.06492104753090167,4.173078811979461,59.18492647195316,0.6843220722883678,0.11588728572700381,0.11906341665077536
2023-06-21,103.1500015258789,103.7300033569336,101.62000274658203,101.63999938964844,97.64160919189453,57.84560152545755,0.02249760116454369,3.7713367669485693,44.951327811459315,0.550003110957872,0.011380197413667338,-0.20245976743517513
2023-06-22,101.41999816894531,103.43000030517578,101.33000183105469,103.12999725341797,99.07299041748047,60.82596610131255,0.03262490653395922,3.529976150858739,54.01457381206075,0.610667515234087,0.07792511063685034,-0.3365001844305109
2023-06-23,101.5199966430664,102.19000244140625,101.01000213623047,101.91000366210938,97.90099334716797,57.256469640834396,0.023982852223155104,3.2053359665988013,46.593689322190585,0.4959906235698318,-0.15992014568243124,-0.5113779838985737
2023-06-26,102.0199966430664,103.04000091552734,100.08999633789062,100.11000061035156,96.17180633544922,52.373030634092395,-0.022088409494564587,2.774022889630944,20.271300492259645,0.3460698681927094,-0.26510182177291475,-0.7370775068258162
2023-06-27,101.1500015258789,102.79000091552734,100.0199966430664,102.08000183105469,98.06429290771484,56.72343393226723,-0.04252245812412969,2.5589452026762465,28.606990825119293,0.5150786476880285,-0.14998708386392542,-0.7499928635207227
2023-06-28,100.5,101.87999725341797,100.22000122070312,100.91999816894531,96.94992065429688,53.61768193418149,-0.051098455194240944,2.2704497515046653,18.988390799434946,0.41998225099760406,-0.21777127412726016,-0.8190435030366805
2023-06-29,101.33999633789062,101.5199966430664,100.0199966430664,100.63999938964844,96.6809310913086,52.865254864011554,-0.059105208088621186,1.9967088211431308,5.810706744681414,0.38154361307969187,-0.23413316725635097,-0.8638417875255406
2023-06-30,101.4000015258789,101.88999938964844,100.41000366210938,100.91999816894531,96.94992065429688,53.566981526168924,-0.04050212691607247,1.7815994628137903,8.434873821895565,0.39088586448983265,-0.21777127412726016,-0.8547893244575535
2023-07-03,102.25,103.68000030517578,102.06999969482422,103.1500015258789,99.09220886230469,58.824629255312644,-0.013579313698558693,1.767960167342567,29.334612763748453,0.5765656529243287,-0.08746179177510517,-0.6909610202212981
2023-07-05,101.4000015258789,103.08999633789062,100.95999908447266,100.98999786376953,97.01717376708984,52.610641446501475,-0.02875558974587722,1.5673282536637059,12.630223726025275,0.3408985779639322,-0.4123560114665104,-0.7062752485119548
2023-07-06,99.0999984741211,99.55999755859375,98.5999984741211,99.41000366210938,95.49933624267578,48.56902491645979,-0.02194016431057122,1.2680483466581975,10.049685689972275,0.17607513509256376,-0.638464947392534,-0.7959009570607787
2023-07-07,99.08000183105469,101.94000244140625,99.0,100.2300033569336,96.28707122802734,50.68635302068434,-0.028119865744575034,1.083689757812673,22.7972662231304,0.25774085671759767,-0.5733090560063006,-0.7784550634304184
2023-07-10,100.25,100.75,99.4000015258789,99.7699966430664,95.84516906738281,49.45632247158205,-0.0209990134879936,0.890562826973214,18.630547712882016,0.20611984124237068,-0.6098600912119376,-0.7715116198939123
2023-07-11,102.33000183105469,102.33000183105469,100.13999938964844,101.26000213623047,97.27654266357422,53.40101260053458,0.011487112182042791,0.8469188229852891,51.8518738845925,0.3706557815675762,-0.4914669459272364,-0.6502083818636251
2023-07-12,102.83000183105469,104.43000030517578,102.76000213623047,103.9000015258789,99.81271362304688,59.441090408448694,0.01782933077361215,1.0111406564799927,90.90911470261075,0.6753175968062705,-0.2816927418545672,-0.39159801320123866
2023-07-13,105.0,105.6500015258789,102.5199966430664,105.56999969482422,101.41699981689453,62.7318203176253,0.046076150784344794,1.257982062976068,98.86522274575839,0.881262571199982,-0.07243936097522136,-0.1190611556036909
2023-07-14,106.0,107.30000305175781,104.86000061035156,105.13999938964844,101.0039291381836,61.35156689642911,0.0447140713073213,1.4015581770294498,75.1723847633179,0.8725045061690717,-0.10568627595417876,0.019446084800424757
2023-07-17,104.68000030517578,105.02999877929688,102.58999633789062,104.79000091552734,100.66769409179688,60.19064439428403,0.038347359259393254,1.469659881840676,71.14941591315474,0.8352879775799645,-0.1443339621003456,0.0715445283105991
2023-07-18,103.69000244140625,103.7300033569336,102.01000213623047,103.1500015258789,99.09220886230469,54.944305962497644,0.0,1.3784406199072523,52.29885813455263,0.6364643920030278,-0.3254241230804855,-0.012496590576538624
2023-07-19,103.9000015258789,104.79000091552734,102.56999969482422,103.05999755859375,99.00575256347656,54.6627364262037,0.020497183325095758,1.28423018718405,51.26433031928561,0.6332032645891835,-0.3353616234641474,-0.08240694541968252
2023-07-20,98.55000305175781,100.44999694824219,97.05000305175781,97.86000061035156,94.01030731201172,41.44637808045468,-0.015592034345456085,0.7911002357569927,7.902415205792683,0.008254799653167944,-0.6785556819264477,-0.45288797936233727
2023-07-21,97.87999725341797,97.98999786376953,96.33000183105469,97.25,93.42430877685547,40.217956473652684,-0.029731535237916495,0.3459808753066287,8.386491035288554,0.021788688785427814,-0.6468762744634384,-0.7099068524746428
2023-07-24,97.2699966430664,98.2699966430664,96.77999877929688,98.25,94.38497161865234,43.19058294392693,-0.015234961375089173,0.07049991696130496,17.5022603035066,0.16887208704614584,-0.5593044663597287,-0.7820141501633634
2023-07-25,99.5199966430664,100.88999938964844,99.11000061035156,100.31999969482422,96.37353515625,48.85935445906256,-0.009282890639393138,0.017031068258567296,36.37189990680595,0.3835588315192933,-0.37803160252041196,-0.6670618815366203
2023-07-26,99.48999786376953,100.12999725341797,98.56999969482422,99.41000366210938,95.49933624267578,46.655286629546104,-0.04321470906663272,-0.09717966300131042,28.076586037583628,0.305276775157964,-0.45772155842710666,-0.6220647312983562
2023-07-27,101.5,101.76000213623047,98.91000366210938,99.3499984741211,95.44168853759766,46.506300626374944,-0.05891824141993085,-0.19051161327179594,27.52959258898641,0.31015859507500787,-0.46297659021045134,-0.5697447171127729
2023-07-28,100.11000061035156,100.98999786376953,99.77999877929688,100.86000061035156,96.89228057861328,50.76671076886317,-0.040707808049181504,-0.14164096519345876,41.29442365737972,0.4622195291298496,-0.33074396672833206,-0.41802667474036365
2023-07-31,99.18000030517578,99.77999877929688,98.41999816894531,99.1500015258789,95.24957275390625,46.272329989500385,-0.053821848079185663,-0.23757594140716332,25.70646655446288,0.30104171334725793,-0.4804894217795888,-0.40841558801165784
2023-08-01,99.13999938964844,99.19000244140625,98.08999633789062,98.4000015258789,94.52906036376953,44.415011309356174,-0.046049518432634384,-0.3700083648685868,18.869639603299348,0.2523427454183201,-0.5461696688133751,-0.42859499710242027
2023-08-02,97.5,97.5,95.20999908447266,95.69999694824219,91.9352798461914,38.434208856083416,-0.07141476665966451,-0.6862215771187327,4.052917311652146,0.05629366920458405,-0.6528617174272606,-0.5849594147687737
2023-08-03,94.83999633789062,95.80999755859375,94.58000183105469,94.9800033569336,91.24361419677734,37.00328149672631,-0.02942967845059763,-0.9862499831307551,3.827766915723274,0.0542160146155187,-0.6442946001645842,-0.6957633082837433
2023-08-04,95.27999877929688,97.58000183105469,95.12999725341797,96.16000366210938,92.37718963623047,40.887619335133714,-0.011208208595110403,-1.1164899165519193,15.475043807374583,0.18273008106296346,-0.5551770427222065,-0.6541338172083317
2023-08-07,96.7300033569336,96.94000244140625,95.2300033569336,96.3499984741211,92.55970001220703,41.51290850694508,-0.019338582987766695,-1.1912469499369298,17.335913827438173,0.22096540840058881,-0.5408287441010156,-0.5783481677113049
2023-08-08,94.87999725341797,94.9000015258789,93.66999816894531,94.48999786376953,90.77287292480469,37.347620412069396,-0.05811411008597933,-1.3887327797835105,10.135961590874153,0.12944908264545127,-0.5945549674449434,-0.6094872525262591
2023-08-09,95.83000183105469,95.8499984741211,93.70999908447266,93.9800033569336,90.2829360961914,36.27292185566308,-0.05462237070662823,-1.5712305398724364,3.8319534729760187,0.1363241374811041,-0.6305004298879608,-0.621858675771837
2023-08-10,95.44999694824219,95.97000122070312,94.27999877929688,94.80000305175781,91.07068634033203,39.297490981639804,-0.045797620141053375,-1.6303976286751933,13.967915063850173,0.21477886332575,-0.5727051282051286,-0.5388620161020445
2023-08-11,93.5,93.5,91.97000122070312,91.98999786376953,88.37120819091797,33.44034313720175,-0.08794376948101412,-1.891920921100805,0.20425578341561496,0.0502212711003865,-0.6575584764575299,-0.6217599054330893
2023-08-14,91.69000244140625,93.29000091552734,91.30000305175781,93.06999969482422,89.40874481201172,37.3079484410268,-0.06132130331949437,-1.9881187190085394,16.921575506577984,0.15054731627351767,-0.5221970748138888,-0.5643869709258709
2023-08-15,92.5199966430664,92.70999908447266,91.48999786376953,91.68000030517578,88.07341766357422,34.52720202486341,-0.06829267820236995,-2.158807163216088,3.632861249309817,0.07788064367005418,-0.6211835358884176,-0.5722468558239859
2023-08-16,91.44000244140625,92.72000122070312,91.31999969482422,91.77999877929688,88.16948699951172,34.903127653432705,-0.04096134642739868,-2.2618736799496713,4.953518932167639,0.11062070967611942,-0.6812845436184778,-0.5279287340337491
2023-08-17,92.91999816894531,92.91999816894531,91.3499984741211,91.63999938964844,88.03499603271484,34.60358741640242,-0.03516539970833188,-2.3305152433934944,4.009392797056203,0.14413038971567044,-0.6941421897531241,-0.46674024119943036
2023-08-18,90.06999969482422,91.33000183105469,89.55999755859375,91.0999984741211,87.5162353515625,33.41246086338555,-0.05262072058924705,-2.405238496419597,15.991694025783062,0.144929838131231,-0.5495214295228688,-0.42164472855614465
2023-08-21,90.5,92.91000366210938,90.5,92.55999755859375,88.9188003540039,39.47827004175844,-0.03933568991389291,-2.313478959077701,37.4064638631352,0.2811747762186577,-0.43455712819691794,-0.2654244352271793
2023-08-22,93.3499984741211,93.48999786376953,91.80999755859375,92.23999786376953,88.61139678955078,38.64729970997863,-0.023811917212804845,-2.242971181836493,33.416444856249726,0.2775360718836232,-0.4597541322223601,-0.15626385129039955
2023-08-23,93.79000091552734,95.0999984741211,93.23999786376953,94.22000122070312,90.51349639892578,46.19415316266101,0.0025537528208954274,-1.9935247887166607,58.104752862924016,0.45654623892385154,-0.30384438667507946,0.05903972798560475
2023-08-24,96.52999877929688,96.77999877929688,92.47000122070312,92.52999877929688,88.88998413085938,41.501649746573136,-0.02394516059013052,-1.9194352039543887,40.2438923532428,0.33014968610677364,-0.4406188460057153,0.10445423398203846
2023-08-25,92.25,93.41000366210938,91.41000366210938,93.0999984741211,89.43756103515625,43.583261789034324,0.012066745109272636,-1.791089018309397,49.03047530485872,0.4014636406753486,-0.39398008892498776,0.17932062328876475
2023-08-28,93.81999969482422,94.1500015258789,93.25,94.0,90.30215454101562,46.802121274625776,0.009992419990710877,-1.5933153280071797,61.495868292579836,0.5339875748273546,-0.30493285502414785,0.2885448135681299
2023-08-29,93.7699966430664,95.62000274658203,93.51000213623047,95.08000183105469,91.33966827392578,50.45519734792921,0.037085544049489494,-1.328126100001698,76.45433987784517,0.7327494622672842,-0.16009603899550792,0.42395580825751145
2023-08-30,95.44999694824219,95.91999816894531,94.62999725341797,94.77999877929688,91.05148315429688,49.439645430571495,0.03268700151109094,-1.130750063519553,72.29917365851597,0.6998759696023529,-0.19602932653981453,0.4831124317914557
2023-08-31,93.33999633789062,94.4000015258789,93.2699966430664,93.56999969482422,89.88905334472656,45.464537976832965,0.021060457722094084,-1.065990093164421,55.54018640235011,0.5186209344045839,-0.3409706220902246,0.4344798401477885
2023-09-01,94.30000305175781,94.58000183105469,93.08999633789062,93.19000244140625,89.5240249633789,44.261055235370364,0.022941910192444848,-1.0354724480023239,50.27706743876408,0.47889804609754444,-0.3868743321699724,0.37073448630252526
2023-09-05,93.4000015258789,95.05000305175781,92.87000274658203,94.5999984741211,90.8785629272461,49.59323900559832,0.02203991243066672,-0.8799220137886997,69.80609506097174,0.778897951829664,-0.1993732485153336,0.4097521107198314
2023-09-06,93.8499984741211,93.95999908447266,91.58999633789062,92.26000213623047,88.63060760498047,42.35216253329692,0.00021679847204425506,-0.9469985777318671,37.396178963163344,0.32567950206785595,-0.5107243485428079,0.28029759733243154
2023-09-07,90.06999969482422,90.29000091552734,88.43000030517578,90.05000305175781,86.5075454711914,36.87591381977071,-0.04425805086656576,-1.1781778055832597,19.40123404336969,-0.02010897120746005,-0.6122341539274025,0.05936576791454806
2023-09-08,90.75,91.06999969482422,89.31999969482422,89.63999938964844,86.11366271972656,35.94724236769828,-0.03123323103585718,-1.3829359045347716,14.491009647759471,-0.008210505778883957,-0.6594057495493171,-0.09710377750246368
2023-09-11,90.0999984741211,90.38999938964844,89.16000366210938,89.5999984741211,86.07524108886719,35.85239375633914,-0.037594047818090615,-1.5328108500107505,14.011956679650345,0.0494158847463329,-0.6640071433074661,-0.18206120257919656
2023-09-12,90.45999908447266,91.56999969482422,90.41999816894531,90.4800033569336,86.9206314086914,39.62702175017096,-0.03744676026293836,-1.55778970603252,24.550939238028928,0.21444822348696588,-0.5627627751265243,-0.1609248391840008
2023-09-13,90.5999984741211,91.88999938964844,90.4800033569336,91.22000122070312,87.63151550292969,42.68135103982583,-0.040597396958738874,-1.4958784697753826,33.41319072302004,0.3289997077513478,-0.4776269398995475,-0.08261604047377968
2023-09-14,92.77999877929688,92.93000030517578,91.2699966430664,91.47000122070312,88.32774353027344,45.58490585752582,-0.029914280686760053,-1.3675249039322048,40.587473732567744,0.43433674815587525,-0.3942463225854786,0.026675239167992304
2023-09-15,90.51000213623047,91.13999938964844,88.86000061035156,89.25,86.18401336669922,39.02910210529581,-0.04121792187329454,-1.4454499358382924,10.94792962212586,0.14016655653105,-0.6509805208273368,-0.031643787196953266
2023-09-18,88.54000091552734,89.66999816894531,88.43000030517578,88.83000183105469,85.77843475341797,37.918034935196054,-0.041838938893700606,-1.527751315088388,5.3404758339623255,0.11655815184153252,-0.6995528187191566,-0.08096363259336203
2023-09-19,88.44999694824219,88.83999633789062,87.79000091552734,88.16999816894531,85.14110565185547,36.17527723554189,-0.06313323066061038,-1.6339519557400934,4.6740145362067915,0.08930350191719319,-0.6766491538498742,-0.13666278016371125
2023-09-20,88.5199966430664,89.31999969482422,87.29000091552734,87.29000091552734,84.29133605957031,33.93568028411026,-0.04895906349587431,-1.777708119601458,0.0,0.054279389343588766,-0.6979816154864681,-0.20668648309312543
2023-09-21,86.04000091552734,86.13999938964844,85.3499984741211,85.36000061035156,82.42764282226562,29.606523279405025,-0.04716239059498528,-2.043883282208493,0.10311475783762612,-0.04442128222061437,-0.6376741534409373,-0.346252939603894
2023-09-22,86.25,86.7699966430664,85.44999694824219,85.63999938964844,82.6980209350586,30.98211703951152,-0.03966434218208592,-2.2072969103468036,2.989698749173155,0.056467109991961466,-0.6328966523774918,-0.3851105140469322
2023-09-25,85.38999938964844,86.23999786376953,85.0199966430664,86.23999786376953,83.27739715576172,33.960203653252506,-0.03250463080570254,-2.2583670361512147,13.646542366169875,0.15362192791445328,-0.5418714902165277,-0.33821145187153245
2023-09-26,84.94999694824219,85.2300033569336,84.0199966430664,84.29000091552734,81.39439392089844,29.504297350707702,-0.06357797220557682,-2.4508249187275797,3.030349736096697,0.05307372903129227,-0.6026388559243527,-0.3963927695569758
2023-09-27,85.16999816894531,85.55999755859375,84.0999984741211,85.44000244140625,82.50489044189453,34.92701869397358,-0.058502070078472634,-2.4717604224537237,15.937207796878372,0.17614425425444055,-0.5093198325123725,-0.32544485241928145
2023-09-28,85.25,87.12999725341797,84.9800033569336,86.41000366210938,83.44157409667969,39.17696235823554,-0.055318626269662,-2.3726319507709133,26.82386124269171,0.27682440140142317,-0.43444081689117864,-0.18763101600932286
2023-09-29,87.75,88.02999877929688,86.69999694824219,86.9000015258789,83.91473388671875,41.26379640403425,-0.026330631300784835,-2.2235505546436007,32.32327383949336,0.3393037824740285,-0.3915433087205376,-0.0442847069712935
2023-10-02,87.18000030517578,88.41999816894531,87.0199966430664,87.6500015258789,84.63898468017578,44.407912831510636,-0.01328364263719306,-2.0130082826813585,40.74077879731336,0.42798612655384277,-0.3258814435663762,0.11113977338871162
2023-10-03,87.0,87.31999969482422,85.05999755859375,85.41000366210938,82.4759292602539,37.885233017802896,-0.0313030512253335,-2.029871494378502,15.600521298931714,0.21320185394718777,-0.5373387327532748,0.0814725621641379
2023-10-04,85.47000122070312,86.76000213623047,85.37999725341797,86.66999816894531,83.69263458251953,42.960338600338766,-0.007102764115966442,-1.9052141645141665,37.21910819698832,0.37481338682851933,-0.4187409569020729,0.15285141109111522
2023-10-05,86.83000183105469,87.94000244140625,86.52999877929688,87.02999877929688,84.04027557373047,44.35919734739216,0.0195642225866155,-1.7529393991265911,53.27435970492481,0.43351128349816553,-0.37972402667461264,0.22801214112517565
2023-10-06,88.08999633789062,90.0199966430664,87.37999725341797,89.29000091552734,86.22264099121094,52.27232821865972,0.04262036764967059,-1.4069352961225419,87.83340454101562,0.7177506585547114,-0.13478973705572256,0.4181713721463316
2023-10-09,88.80000305175781,89.33999633789062,88.04000091552734,88.98999786376953,85.93294525146484,51.230766201358406,0.031887981449950864,-1.1473579648219767,82.83335367838541,0.6814148948049612,-0.16730327473001688,0.5117267095685514
2023-10-10,89.2699966430664,90.66000366210938,89.13999938964844,90.61000061035156,87.4972915649414,56.29506421614202,0.07497933641442134,-0.7840584505436435,99.24694278764453,0.8742312717829628,0.008268629929135124,0.6569825764044728
2023-10-11,91.26000213623047,92.01000213623047,90.62999725341797,92.0,88.83953857421875,60.12151553245963,0.0767790624094642,-0.3660214404620337,99.87481690420582,1.008498461062458,0.1589135746652832,0.8113575259926384
2023-10-12,92.51000213623047,93.44000244140625,91.83999633789062,92.41999816894531,89.24510192871094,61.22614254696429,0.06955199365375098,0.0016471481075137858,89.17193583213398,1.0279273606665749,0.17268174834514385,0.9017293395269388
2023-10-13,92.75,92.94000244140625,90.19999694824219,90.45999908447266,87.3524398803711,53.74430133319494,0.04096665548976297,0.11347009395827268,68.36516430320265,0.794331115034879,-0.02823766602224447,0.7985251878306266
2023-10-16,90.4800033569336,91.9000015258789,90.43000030517578,91.22000122070312,88.0863265991211,55.990059600042024,0.040729953602016034,0.26725482143411966,76.23126040974896,0.8462441045423552,0.04966958100719347,0.7452017092768581
2023-10-17,89.80999755859375,91.69999694824219,88.5199966430664,91.0,87.87388610839844,55.15526867841799,0.06544887576969516,0.36474462339623664,71.15836045556328,0.7966626060879262,0.02711752580993487,0.6638469180083708
2023-10-18,88.87999725341797,90.01000213623047,88.58000183105469,89.5999984741211,86.52198028564453,50.04203569163649,0.033806388306910184,0.31252275564657866,54.176590336348674,0.6449637211740351,-0.11639680440333978,0.49495633867778377
2023-10-19,93.08999633789062,94.76000213623047,92.36000061035156,92.91000366210938,89.7182846069336,59.58240900594984,0.06756295114979327,0.5613298552391512,80.9278597828062,0.9140504400243809,0.14856657815436966,0.5691815868162415
2023-10-20,92.0,94.31999969482422,91.08999633789062,91.30999755859375,88.1732406616211,54.19480472608218,0.022622824445947876,0.607669306683584,64.43295928343503,0.7386274586866968,0.004707811387824748,0.48801706582682924
2023-10-23,89.9800033569336,92.26000213623047,89.16000366210938,91.11000061035156,87.98011779785156,53.54308841788183,0.02382290680711674,0.6192443116279436,61.08742403144155,0.6983460999872079,-0.013273824086426413,0.3988761817376185
2023-10-24,91.19999694824219,92.0,90.86000061035156,91.63999938964844,88.49189758300781,55.08454348334141,0.0113672777782865,0.667797392238605,62.089897035661615,0.7309152221316922,0.029997898696561453,0.35348490099837465
2023-10-25,90.80000305175781,90.8499984741211,86.68000030517578,87.63999938964844,84.62931823730469,43.384359433462514,-0.04739129000987252,0.345547129022553,11.881174095567587,0.2943467659741603,-0.4178573786707683,0.05792746598717155
2023-10-26,87.12000274658203,88.13999938964844,86.54000091552734,87.44999694824219,84.44583892822266,42.918025479501374,-0.05377620616447876,0.07135657569221053,11.070509702880607,0.2611103666061943,-0.44531529283883314,-0.14427611799299475
2023-10-27,87.54000091552734,87.77999877929688,85.88999938964844,85.98999786376953,83.0360107421875,39.41243714025664,-0.0494139504757386,-0.27544606401073624,1.127378164111924,0.11292687437261469,-0.5906583362107408,-0.3553013566092945
2023-10-30,87.30999755859375,88.30000305175781,86.0,86.05999755859375,83.10358428955078,39.66681111463603,-0.05656658078440102,-0.5394817401988145,1.916551480334317,0.14405638285297226,-0.5836919944093079,-0.46569941492932015
2023-10-31,86.1500015258789,86.43000030517578,84.94999694824219,86.30999755859375,83.34500122070312,40.62590665817012,-0.05153846140488905,-0.7189760165217214,13.863403579202952,0.1550356316229233,-0.545608040646531,-0.49508335567927736
2023-11-01,86.47000122070312,87.87000274658203,86.33999633789062,87.80000305175781,84.78382873535156,46.12301813621966,-0.020089132779377183,-0.7175724665764897,29.05203462078974,0.3057256160002355,-0.39893864679032903,-0.39460452112988953
2023-11-02,90.4000015258789,91.05000305175781,89.47000122070312,90.4800033569336,87.37176513671875,54.31582774139936,-0.02615430600902835,-0.4666945625073537,56.37108546550559,0.5882015646233125,-0.1351328330547819,-0.14376465327692134
2023-11-03,91.6500015258789,92.44999694824219,90.83999633789062,91.79000091552734,88.63674926757812,57.70168634781212,0.005256794493193384,-0.1478417573700211,69.7247742097048,0.7200904754207842,-0.006184467929729119,0.10406910238667433
2023-11-06,92.0,92.61000061035156,91.29000091552734,92.5999984741211,89.41893005371094,59.691037401548755,0.016353834160182323,0.17474011721420604,77.98162569012543,0.781836827184583,0.07354849562573795,0.3059782540911443
2023-11-07,92.25,93.05000305175781,91.75,92.41000366210938,89.23544311523438,58.99014630593248,0.00840241369588779,0.4072389706486285,76.04488041455355,0.7449282576419431,0.05484443431685807,0.40619429782724414
2023-11-08,93.33000183105469,93.44000244140625,91.93000030517578,92.0,88.83953857421875,57.42339419972544,0.049748957271620764,0.5475890799976874,75.24013858298491,0.7012681363242964,0.014487213965906107,0.4229357868826719
2023-11-09,92.62999725341797,93.37000274658203,91.5999984741211,91.62000274658203,88.47257995605469,55.94033938634313,0.047684303678416695,0.6172961125063543,78.56303277672039,0.667548783309836,-0.022919353220559775,0.3873627306788394
2023-11-10,94.04000091552734,97.75,93.61000061035156,97.44000244140625,94.0926513671875,69.10194580444458,0.1331547665425421,1.1741391854497034,97.57814465090165,1.1178255129032217,0.33226970618493434,0.7020601210528368
2023-11-13,97.01000213623047,97.18000030517578,95.72000122070312,96.41999816894531,93.10769653320312,65.41389474280544,0.1203812366118393,1.5029102269164534,89.60936317220613,0.9570353919171746,0.25532012812611415,0.7966858028136572
2023-11-14,98.0,99.69000244140625,97.94999694824219,98.91000366210938,95.51216888427734,69.6696120273446,0.1459855718443719,1.9534664179901973,94.70828705146268,1.0379934200632421,0.33456499320394056,0.9629038830467391
2023-11-15,99.94999694824219,100.69999694824219,98.41999816894531,98.80000305175781,95.40594482421875,69.26413401226502,0.12528469458513825,2.2689087781239,87.93654668898809,0.9532234286500101,0.28186970641120984,1.0028598330000396
2023-11-16,98.23999786376953,99.0999984741211,97.91000366210938,98.54000091552734,95.15486907958984,68.2529919896106,0.08908031022026552,2.4638297295400116,86.28573947482639,0.8912313415913377,0.2659283892919142,0.9500527523508779
2023-11-17,98.94000244140625,99.72000122070312,98.31999969482422,99.58000183105469,96.15914916992188,70.13125132754257,0.08486773222735189,2.67226652158197,92.88891989087301,0.8968603284757811,0.3296922045510908,0.9198203499143629
2023-11-20,99.9000015258789,100.58999633789062,99.54000091552734,99.95999908447266,96.52608489990234,70.81076056840948,0.07948154649046213,2.832965383884347,94.84681175266736,0.869505216775855,0.35298971121651734,0.8625518661667817
2023-11-21,100.0,100.1500015258789,98.23999786376953,98.41000366210938,95.02933502197266,64.37716039897387,0.06492814631128496,2.795248759742385,79.60824436898837,0.7653958444494294,0.25795797293526734,0.6704378072123398
2023-11-22,98.72000122070312,99.6500015258789,97.94999694824219,98.6500015258789,95.26110076904297,64.90882461008172,0.07228270540216153,2.7524542898572277,79.20897266262757,0.7509269981196897,0.2726732584635412,0.5126578562165622
2023-11-24,98.4800033569336,98.7300033569336,97.47000122070312,97.83000183105469,94.46924591064453,61.52991758058505,0.06777993766620627,2.619023834528508,69.50057038058614,0.6897238614654081,0.22239675951760865,0.31817541804627947
2023-11-27,97.41999816894531,97.55000305175781,96.41999816894531,97.20999908447266,93.87055969238281,59.028022516685944,-0.002360350904960673,2.433259759438259,61.64836869264854,0.6396299301039403,0.1843849361359122,0.12248604793461393
2023-11-28,97.87000274658203,98.25,97.23999786376953,97.9800033569336,94.6141128540039,61.14135513059914,0.01617928889760023,2.3232003093673197,70.10995552313761,0.6639526659027246,0.23159466068328324,0.0216779674354024
2023-11-29,99.0,99.7300033569336,98.5999984741211,98.87999725341797,95.48320007324219,63.51046540486824,-0.0003032996881293659,2.2839393103512435,80.0,0.7044859902875099,0.2547133249813786,-0.00641395091964192
2023-11-30,98.93000030517578,98.9800033569336,96.9000015258789,97.30999755859375,93.96713256835938,56.983833135189286,-0.015080949709269431,2.097918298831451,52.186161627031105,0.5764893796232798,0.018457084469590674,-0.13965654645453895
2023-12-01,97.69999694824219,98.77999877929688,97.0199966430664,98.55000305175781,95.1645278930664,60.441530884329076,0.0001015062452398574,2.029811096546401,56.82739475869339,0.6565971828318823,0.056593436864056074,-0.15833558814825333
2023-12-04,97.05000305175781,97.19999694824219,95.25,97.01000213623047,93.67743682861328,54.574360947045726,-0.02580838498189275,1.8269796367948774,32.29363526154139,0.5004273807293204,-0.12828725614912492,-0.2751859986010734
2023-12-05,96.45999908447266,97.0199966430664,95.87999725341797,96.69000244140625,93.36842346191406,53.41405335872972,-0.032713037530350264,1.6210851806493578,26.42207794025831,0.4464252632069939,-0.18766755117354372,-0.3716334584729901
2023-12-06,97.80000305175781,98.56999969482422,97.44999694824219,97.8499984741211,94.48857116699219,56.98426933388146,-0.005690493939112917,1.5364770496518134,48.68914339271121,0.5428063577749355,-0.06457437612921359,-0.35818406032772554
2023-12-07,97.95999908447266,99.63999938964844,97.88999938964844,99.29000091552734,95.87910461425781,60.98184859358429,0.006487473273200761,1.5703192625477462,75.65549973997176,0.7059780958145692,0.0882315228190197,-0.258486719985384
2023-12-08,99.12000274658203,100.37000274658203,98.94999694824219,100.3499984741211,96.90269470214844,63.659132254379095,0.025759163927333795,1.664590303089484,95.50565489967482,0.9801364850472073,0.08241407511029847,-0.1327854641244126
2023-12-11,99.56999969482422,101.20999908447266,99.37000274658203,100.94999694824219,97.48206329345703,65.11808613177082,0.03847322965697919,1.7669622013863708,95.63754737969941,1.014986617515028,-0.007492678468335819,-0.025421458536586394
2023-12-12,100.1500015258789,101.6500015258789,99.94999694824219,101.5999984741211,98.10975646972656,66.67887125610426,0.03694632344243054,1.8781627576212188,99.21870250256002,1.0538422767946372,0.06483684186056964,0.0679628180114702
2023-12-13,101.4000015258789,102.68000030517578,100.91000366210938,102.12000274658203,98.61188507080078,67.91563979910308,0.032766863648879374,1.9841312015965211,92.46302105527974,1.0375669493360506,0.07047441893897029,0.13952137428598532
2023-12-14,103.3499984741211,103.80999755859375,102.80000305175781,103.44999694824219,100.36697387695312,71.84874296680621,0.06810723211052516,2.1880445640101382,95.79438419360129,1.1371788393267828,0.21577749256668555,0.2732917698730104
2023-12-15,103.5,104.76000213623047,102.38999938964844,102.54000091552734,99.4841079711914,67.3745166275182,0.04539065315364965,2.2475111311974083,76.65614382729173,0.9430506789548733,0.0632268159920418,0.2700718817197738
2023-12-18,102.83999633789062,103.30999755859375,102.08000183105469,102.93000030517578,99.86248016357422,68.28602080182468,0.06602489931782318,2.2980231936327913,80.75708286034039,0.927801952942396,0.10301357807291658,0.26103165001163786
2023-12-19,103.23999786376953,103.9800033569336,103.08999633789062,103.87000274658203,100.77445983886719,70.430382518125,0.07932056794312392,2.384309529711644,90.64143859381706,0.9586220403121561,0.19891047296619735,0.2822758826297953
2023-12-20,102.69999694824219,103.08999633789062,99.94000244140625,100.04000091552734,97.05860900878906,54.315450174968746,0.027199457141274586,2.120720279334373,50.36803196162039,0.5639384681500837,-0.19182033622276853,0.025407477769890274
2023-12-21,101.30000305175781,102.72000122070312,101.16000366210938,102.55000305175781,99.49380493164062,60.667077090379465,0.037700605694280576,2.088634909151805,76.76131873774062,0.7865461262743455,0.06424647511622601,0.00017645093747731266
2023-12-22,102.93000030517578,103.58999633789062,102.70999908447266,103.1500015258789,100.07591247558594,62.0261847704909,0.032746434794110435,2.0863012905310128,81.86937246546154,0.8099972509140339,0.1254565080485683,0.003193723852987773
2023-12-26,103.61000061035156,104.95999908447266,103.56999969482422,104.44999694824219,101.3371810913086,64.85949837760259,0.039546945023580804,2.1618255102624797,93.20902808043066,0.886462083460885,0.24489821475294077,0.06709350717198959
2023-12-27,105.05000305175781,105.37000274658203,104.08000183105469,104.6500015258789,101.53121185302734,65.28857079076971,0.034873752686936266,2.21047838580079,90.37431955113068,0.8606594400661497,0.23867293955515875,0.09754199003592712
2023-12-28,105.0,105.5199966430664,104.69999694824219,104.69999694824219,101.57972717285156,65.4023237125675,0.030096190737251893,2.225984198292392,87.51902994043962,0.826471450951935,0.23433196123047964,0.09591891257143059
2023-12-29,104.72000122070312,104.97000122070312,103.66999816894531,104.0,100.90059661865234,62.323391022343756,0.005316716456485127,2.1574123907457095,75.28458290120732,0.7421267814367983,0.16820432966423948,0.027623808454276144
2024-01-02,102.25,102.62000274658203,100.58999633789062,101.52999877929688,98.50419616699219,52.86594591180042,-0.009849933061499394,1.8869311965836177,28.49458763626619,0.5028890168551315,-0.06513561531792765,-0.18853500135440138
2024-01-03,100.33999633789062,101.25,99.66000366210938,100.16999816894531,97.18473815917969,48.50177960796939,-0.02681429501859356,1.5475789760974916,8.702988356696755,0.3433293512501835,-0.24665342444287205,-0.4168828550615946
2024-01-04,99.52999877929688,100.44000244140625,99.12000274658203,99.12999725341797,96.17572784423828,45.41430980362178,-0.045633903689308086,1.1824514681162084,0.15616431824142288,0.18475762040113888,-0.5399020015107518,-0.620137986675076
2024-01-05,99.0,100.63999938964844,98.80000305175781,99.61000061035156,96.64142608642578,47.08844021406533,-0.004298257791078619,0.920202439802467,12.053546593279089,0.20085038425898308,-0.545640072434277,-0.7014846415041012
2024-01-08,100.62999725341797,102.79000091552734,100.5,102.23999786376953,99.19304656982422,55.19652598140671,-0.003022885314548418,0.9110622212240003,51.19044780728495,0.518534553510101,-0.32351132546097067,-0.567439589046085
2024-01-09,101.05000305175781,101.97000122070312,100.20999908447266,101.88999938964844,98.85346984863281,54.01034425495658,-0.012215153444155136,0.8659095429829967,45.98213221344614,0.45403077340096043,-0.37404362382961837,-0.48863419206855685
2024-01-10,102.5199966430664,102.77999877929688,99.9800033569336,100.80000305175781,97.79595947265625,50.379366432635955,-0.034944939068924485,0.7349979089609274,29.76193314509601,0.2917558088763336,-0.5314113893799174,-0.4932862025657392
2024-01-11,101.69999694824219,102.16000366210938,99.98999786376953,101.22000122070312,98.20343780517578,51.72604545319216,-0.03277587243485991,0.6571013434155109,36.01191185770257,0.3522313465583977,-0.4707746749273099,-0.45538737721940215
2024-01-12,100.88999938964844,102.37999725341797,100.87000274658203,101.23999786376953,98.22284698486328,51.79315708880485,-0.03304675333766249,0.5901670325810741,36.30948123473694,0.3588967480138074,-0.46788640138600723,-0.41653297814787593
2024-01-16,100.52999877929688,102.3499984741211,100.19999694824219,101.66999816894531,98.64002990722656,53.296098773785126,-0.02240389836315293,0.5648357601345662,42.70830140224318,0.43370756557910534,-0.4058055501627485,-0.3527821018823988
2024-01-17,100.87000274658203,103.33000183105469,100.0,102.94999694824219,99.88187408447266,57.53976394817315,0.013985982030094712,0.6390699123784,61.755920449862224,0.619114078761187,-0.22100713326362348,-0.22333650581558828
2024-01-18,111.19999694824219,113.38999938964844,109.4800033569336,113.02999877929688,109.66146850585938,76.01923189815615,0.12838158113102027,1.4734098732157124,97.5325517428909,1.3735215952611215,0.36244607130531137,0.4858678197727784
2024-01-19,113.22000122070312,115.1500015258789,111.0199966430664,114.19999694824219,110.7966079711914,77.25653675699007,0.1520225576107146,2.1867380411927475,94.18957390644168,1.2009180715911734,0.3517373724176133,0.968499711265622
2024-01-22,114.77999877929688,115.0999984741211,112.5199966430664,113.02999877929688,109.66146850585938,73.1897750574806,0.13472527203592644,2.6209153629657638,87.0336211349647,1.0196634045108275,0.28230987570385285,1.1367287249226592
2024-01-23,113.5199966430664,114.62000274658203,113.16000366210938,114.12999725341797,110.72869110107422,74.54638036198907,0.11629489092392986,3.0057608495876207,93.76144117642941,0.9885870366110779,0.3475834350197178,1.2370360297510476
2024-01-24,115.33000183105469,118.8499984741211,114.61000061035156,116.5199966430664,113.04747772216797,77.24099565118857,0.14358633940993082,3.4413756351643405,88.37904058344144,1.0062866611387171,0.3285974026567044,1.3665654855900997
2024-01-25,118.0199966430664,118.83999633789062,116.4800033569336,116.55999755859375,113.08625793457031,77.2843075556524,0.1563489794912154,3.7369359082695426,88.57854644209479,0.9385118344865866,0.33053157828045987,1.3590013097817053
2024-01-26,116.9000015258789,118.04000091552734,116.30000305175781,117.26000213623047,113.7654037475586,78.0713592564586,0.15846661064204226,3.9688917017169776,91.57394409475815,0.9077882343196779,0.36440419514055045,1.3036752259326718
2024-01-29,117.16999816894531,117.87000274658203,115.76000213623047,116.9800033569336,113.49376678466797,76.92334842874813,0.1554721764698801,4.078747934363153,90.09011340186179,0.8537157201269546,0.35085621384836285,1.1576651130621198
2024-01-30,116.36000061035156,118.01000213623047,115.55999755859375,116.05999755859375,112.60115814208984,73.11849116407508,0.141536131406226,4.04833152321971,85.21461771346137,0.7901535405334776,0.30633706939097655,0.9202025841705876
2024-01-31,113.5,114.73999786376953,112.87999725341797,112.95999908447266,109.59356689453125,61.99199962224509,0.09723178403566157,3.7563841183765536,68.76988759790585,0.6665652567090902,0.15633248414284232,0.5007970541055258
2024-02-01,113.80000305175781,114.02999877929688,112.61000061035156,113.38999938964844,110.01073455810547,62.836736347570465,0.003184947794379056,3.515118572282104,71.0344852708152,0.6621511090976846,0.17713885615372665,0.20675780170744762
2024-02-02,114.86000061035156,115.95999908447266,113.91999816894531,115.75,112.3004150390625,67.15197259002248,0.013572681469292913,3.4523971035772165,83.55438342142553,0.7221161272777923,0.2913374099550496,0.1257378775112734
2024-02-05,117.12999725341797,119.54000091552734,116.58000183105469,118.79000091552734,115.24980163574219,71.70898998547912,0.05095986043251122,3.5754829443680705,96.16171972948058,0.8024087131672508,0.3986646311210686,0.22429586072194319
2024-02-06,120.12000274658203,120.98999786376953,118.27999877929688,119.37999725341797,115.82222747802734,72.50621004064524,0.046000149792285505,3.668112474026222,86.0121513577147,0.7934947881447886,0.3720327588348119,0.2780399269851084
2024-02-07,120.01000213623047,125.0,120.0,124.9800033569336,121.25534057617188,78.65445550037167,0.07260544878476649,4.080543083272633,99.85696253029518,0.9401686163131816,0.46833333628100793,0.6104421415159713
2024-02-08,127.0,134.75,126.11000061035156,133.72999572753906,129.7445526123047,84.49049129594766,0.147306091668296,4.936424306619844,95.4115874114666,1.1135172354030904,0.4739997963153715,1.2937185850190502
2024-02-09,134.5,135.1699981689453,130.58999633789062,133.11000061035156,129.14303588867188,82.76379438918784,0.13516967051983309,5.482633958228635,90.86880415991429,1.015107958178323,0.44663342069789547,1.5779999992533815
2024-02-12,133.27000427246094,133.50999450683594,130.25999450683594,130.4600067138672,126.5720443725586,75.64770113248501,0.11523344372474731,5.656622124328168,79.1223760426164,0.8986965294213232,0.3735315824844538,1.468012696074597
2024-02-13,127.93000030517578,129.9199981689453,126.4800033569336,127.55000305175781,123.74874877929688,68.6656771663536,0.09900067478116026,5.530691720162008,66.22342224374566,0.7915007614119941,0.29325590036188104,1.0972237605955923
2024-02-14,129.6300048828125,130.7899932861328,127.95999908447266,129.27000427246094,125.41748809814453,70.40439706554938,0.14438731808812855,5.475717347748168,73.84754195491081,0.8290726293226086,0.23837711014870033,0.8665771622377596
2024-02-15,130.8000030517578,131.1300048828125,128.35000610351562,129.02999877929688,125.18463897705078,69.8221951939781,0.13793112535696017,5.350016380698019,72.78368770341672,0.789058533721178,0.20452759581839727,0.6125299051676043
2024-02-16,127.12999725341797,128.63999938964844,125.80999755859375,126.69000244140625,122.91436767578125,64.24399386087649,0.09451392172528306,5.038067817245652,62.41136238816307,0.6879550063875515,0.07691259746003488,0.22571354226640672
2024-02-20,126.88999938964844,127.05999755859375,124.1500015258789,125.33000183105469,121.59490966796875,61.18453345937675,0.05505526206700884,4.648679811939795,56.38299023599722,0.6230873451321975,0.01626728856158834,-0.16387813478244073
2024-02-21,124.43000030517578,125.37999725341797,122.91000366210938,125.33999633789062,121.60459899902344,61.19914636198438,0.049924540797603445,4.291168787938644,56.42729213279477,0.6065567698141179,0.01669678023283174,-0.4495896960373713
2024-02-22,129.69000244140625,131.47999572753906,129.0,129.07000732421875,125.22344970703125,66.30183927253478,0.032725231828998336,4.199285475511348,71.29416073069854,0.721149738080771,0.17710684670596788,-0.42386078776997405
2024-02-23,130.5,131.00999450683594,127.7300033569336,129.52999877929688,125.66973876953125,66.8803012130613,-0.03140643488092765,4.106251841140008,69.6611054293064,0.715356211340856,0.1968891654469553,-0.4057751867571877
2024-02-26,130.02000427246094,131.22999572753906,128.55999755859375,130.63999938964844,126.74666595458984,68.29464813650004,-0.018555936195799427,4.054257903134438,73.17940235052212,0.7321640110684572,0.2446253047023588,-0.3522576443197112
2024-02-27,130.77000427246094,131.97000122070312,128.58999633789062,128.58999633789062,124.75775146484375,62.94817748242234,-0.01433407287295263,3.836342316233541,56.624900294815525,0.6378709206151604,0.15646419189282043,-0.4741895123311952
2024-02-28,128.5,128.5800018310547,126.6500015258789,127.37999725341797,123.58382415771484,59.964286429685096,-0.0013327376899476828,3.5453544365098537,36.45999668936402,0.5737307766573413,0.1044284013711267,-0.6466064499348949
2024-02-29,128.02999877929688,129.19000244140625,127.1500015258789,128.6699981689453,124.83535766601562,62.0307049958043,-0.004641541151528705,3.357742650466401,46.982031709918594,0.6064658373951991,0.15990418345178728,-0.6853670805095717
2024-03-01,130.1300048828125,136.64999389648438,130.10000610351562,133.89999389648438,129.90951538085938,69.01376396929129,0.03774326021481578,3.4980310197067626,79.9854297340038,0.8396495583473572,0.3214544750284131,-0.39280959416136607
2024-03-04,139.94000244140625,141.99000549316406,137.67999267578125,138.25999450683594,134.13958740234375,73.40495550716825,0.09132552962540519,3.832454347295977,80.45067804837868,1.0332357143789312,0.30905009998378663,0.03910303782306279
2024-03-05,137.1199951171875,137.42999267578125,133.72999572753906,134.97000122070312,130.94761657714844,65.82447406649023,0.07691692797600247,3.8418714088125028,63.20752830832988,0.8384305144440217,0.15227305823758766,0.06197264250140044
2024-03-06,138.8000030517578,144.0,138.61000061035156,141.57000732421875,137.35092163085938,72.05829443069648,0.12948788747670958,4.20210935360722,88.4779843635369,1.1397180881541216,0.3409550679524737,0.4394699817668526
2024-03-07,144.89999389648438,151.60000610351562,144.14999389648438,149.1999969482422,144.7535400390625,77.22936119612794,0.15596192548379095,4.879907802671087,91.63468472972427,1.247985769329298,0.3793640473389393,1.082224283202951
2024-03-08,153.89999389648438,158.39999389648438,144.92999267578125,146.3699951171875,142.00787353515625,71.91337310920903,0.13000850423973498,5.16938824929637,66.10312175390564,1.0243187744428628,0.15611989653772854,1.2074358241641585
2024-03-11,143.6199951171875,144.39999389648438,138.92999267578125,139.02000427246094,134.87693786621094,60.303499576087354,0.06414584439273519,4.899754743485173,45.39308268038826,0.7346534978587206,-0.0448081854891414,0.7190881696428111
2024-03-12,144.52000427246094,146.6999969482422,140.57000732421875,144.39999389648438,140.0965576171875,64.78499185883852,0.12294872240195964,4.9432570108874545,55.90550121529676,0.8786734150783158,0.10226482626730951,0.6583181353709238
2024-03-13,143.0500030517578,143.22999572753906,141.3699951171875,142.13999938964844,137.90394592285156,61.6370974656696,0.11587375502203034,4.7856618902999815,48.78740656993153,0.7725032317705578,0.040483696437293076,0.3941994008203924
2024-03-14,142.61000061035156,143.10000610351562,139.02000427246094,139.6199951171875,135.45904541015625,58.23894105969305,0.0851015925517129,4.460712893596137,40.850383332111825,0.6708484897644064,-0.028406165085611022,-0.0005277622129984394
2024-03-15,135.44000244140625,137.6999969482422,134.6300048828125,136.97999572753906,132.897705078125,54.82859033330519,0.02300208486272215,4.003023940398736,32.53542262650681,0.5706519675769527,-0.10057694662474989,-0.4638552221402863
2024-03-18,140.17999267578125,141.5399932861328,136.61000061035156,136.63999938964844,133.10618591308594,55.05926995534569,-0.007703926255253735,3.6115758937744276,31.464567761655253,0.5622290532524665,-0.09470259068426821,-0.768070892140706
2024-03-19,135.3000030517578,136.27000427246094,133.02999877929688,134.8699951171875,131.3819580078125,52.66390410452379,0.003316909784365274,3.1611793963559127,24.703985523433968,0.48171283948622634,-0.14328608969023243,-1.0782012543223747
2024-03-20,136.52999877929688,137.30999755859375,135.00999450683594,136.75,133.2133331298828,54.90783666656142,-0.030124213597172877,2.882023255062822,23.49822178416838,0.5314939894392645,-0.1752808446883184,-1.1464135675005496
2024-03-21,142.5500030517578,142.60000610351562,139.0399932861328,139.4499969482422,135.84349060058594,57.98804030065498,-0.06155324032885234,2.7874702317100755,25.305476565093755,0.621335659631878,-0.09244121940582047,-1.005831200317986
2024-03-22,139.39999389648438,141.33999633789062,139.11000061035156,140.5399932861328,136.90528869628906,59.199716054315324,-0.03593170372770893,2.743968313824344,29.60187604351613,0.6474727152846016,-0.058998751662547845,-0.8395464710742662
2024-03-25,140.16000366210938,141.67999267578125,139.25999450683594,140.22999572753906,136.60333251953125,58.68139297037118,0.012799776452760092,2.659651093586133,28.379969783141114,0.6166632567516195,-0.06850918471189142,-0.7509870349669843
2024-03-26,140.61000061035156,140.9600067138672,138.63999938964844,138.83999633789062,135.24929809570312,56.30090088153522,-0.034599419171522205,2.48245975245782,22.901059033541678,0.5343209455063946,-0.11115594846613114,-0.7812162633064439
2024-03-27,138.86000061035156,139.27999877929688,135.14999389648438,136.69000244140625,133.15489196777344,52.73721514949804,-0.03443740440708576,2.1911193565584286,14.426505189312469,0.3930074734508331,-0.18984345894615715,-0.9297835017258396
2024-03-28,135.67999267578125,136.8000030517578,135.44000244140625,136.0500030517578,132.53146362304688,51.68842717552809,-0.021612301919336274,1.9009664633006085,22.09220685428915,0.3067787680253525,-0.2960827361015551,-1.0487410418134484
2024-04-01,137.2899932861328,142.9600067138672,137.0500030517578,141.49000549316406,137.83074951171875,59.128925898880134,0.03711910924792727,1.9668092209665928,61.887401953616404,0.6428100552716474,-0.19277052990169916,-0.7625397669945801
2024-04-02,140.3800048828125,141.0399932861328,139.35000610351562,140.22000122070312,136.59359741210938,56.92476865135947,0.026200221087400166,1.9217083954825167,70.49024110389892,0.546825421977484,-0.24153491057638196,-0.6527981597003092
2024-04-03,138.5800018310547,142.92999267578125,138.38999938964844,142.0,138.3275604248047,59.219323415261954,0.05286572465740824,1.9662283166601107,89.07641208095183,0.6511489547426744,-0.17318791229412378,-0.4683134053583098
2024-04-04,144.0,146.75,139.42999267578125,139.66000366210938,136.04808044433594,55.066540417281004,0.02127975667187343,1.8436707630911504,48.32364644988512,0.48568102840419586,-0.26303735727586375,-0.5017132648396183
2024-04-05,140.0,142.0,138.9199981689453,141.36000061035156,137.70411682128906,57.40358817412239,0.013696837533230255,1.823870276370769,60.714293658260985,0.6680885010245975,-0.19776196525061246,-0.4176291374506915
2024-04-08,145.24000549316406,146.0,142.75999450683594,142.7899932861328,139.0971221923828,59.320242049232725,0.01600985262852861,1.8686226864083604,71.13697987219098,0.8467495681505931,0.06021012195908627,-0.28015031505831534
2024-04-09,146.25999450683594,148.1699981689453,142.9499969482422,145.39999389648438,141.63963317871094,62.625747798497294,0.03686806585380786,2.0295562219104393,78.9513411729785,1.0067168557981947,0.18666808101066723,-0.04241431716159916
2024-04-10,146.6300048828125,148.42999267578125,145.25999450683594,146.22000122070312,142.43841552734375,63.62575661647768,0.05315456370467486,2.176591903981693,83.35849654953707,1.026337251232077,0.22893639460433066,0.1345144050058149
2024-04-11,147.1999969482422,147.55999755859375,144.1300048828125,147.1999969482422,143.39309692382812,64.83673177670931,0.07688943909422852,2.3197179377849637,90.73798312800608,1.0151887073209926,0.29092871764689476,0.27369793628875927
2024-04-12,145.0,146.50999450683594,142.14999389648438,142.52000427246094,138.83412170410156,55.35865445344927,0.0475559381052415,2.1415530353189958,55.49707118547473,0.6618242239323693,-0.005108751612578067,0.029434785171841504
2024-04-15,145.02000427246094,145.47999572753906,139.8800048828125,140.13999938964844,136.5156707763672,51.25517544236961,-0.009541257955937854,1.8440456725619887,37.57534602294793,0.4767220296992727,-0.15565757282111428,-0.2994427016571328
2024-04-16,137.88999938964844,140.5399932861328,137.05999755859375,139.8000030517578,136.18447875976562,50.677283482234635,-0.002995152482216379,1.5708658504906472,35.01513239988142,0.43752234771104254,-0.17716355644862528,-0.5366098019570398
2024-04-17,141.1300048828125,142.57000732421875,137.36000061035156,139.02999877929688,135.43438720703125,49.32097134660185,-0.02091537802653709,1.295495821874724,27.63663615689665,0.3499296542093819,-0.3503760985022046,-0.7293720648948452
2024-04-18,132.88999938964844,135.1300048828125,130.3000030517578,132.27000427246094,128.84921264648438,39.36114539619945,-0.05291414457550525,0.6809024352052584,10.865980960588875,-0.10576600650201767,-0.4620215794581063,-1.2549162989590048
2024-04-19,129.3699951171875,131.5500030517578,126.63999938964844,127.69999694824219,124.39739227294922,34.31601899308667,-0.09663272860323535,-0.07497878929322091,4.864607091312571,-0.18589516189219935,-0.4849191283930507,-1.8224860398972524
2024-04-22,126.75,130.66000366210938,125.77999877929688,129.75,126.39437103271484,38.14596669900223,-0.09132288978702963,-0.5537607078206638,17.52760393158132,0.01736991943425045,-0.3548753898907972,-1.9709425012376838
2024-04-23,131.36000061035156,133.7100067138672,130.66000366210938,133.42999267578125,129.9792022705078,44.4120217909398,-0.08232463362490361,-0.7104995608273549,33.77481659132708,0.22639384607271976,-0.1966046524161443,-1.7430993332078035
2024-04-24,136.08999633789062,136.2899932861328,131.5399932861328,132.97000122070312,129.5311279296875,43.81455925886539,-0.09061661876727667,-0.8529423492847465,31.743948692729003,0.22778285705969872,-0.2163871893505079,-1.5447404994362004
2024-04-25,130.0,137.83999633789062,128.86000061035156,136.5800018310547,133.04774475097656,49.55076089787024,-0.0721467936378215,-0.7433987969490125,47.682145527792564,0.3956518376558561,-0.06112812670524623,-1.118722069218494
2024-04-26,136.80999755859375,138.74000549316406,135.9499969482422,138.3000030517578,134.72325134277344,52.061990319988944,-0.029609942504549847,-0.5483518905078715,55.27597194807294,0.47002579428438135,0.012845694190879454,-0.6872891643087896
2024-04-29,138.0,138.64999389648438,135.91000366210938,138.5,134.91807556152344,52.35894802574652,-0.011702650734221165,-0.37777747108278864,56.158960919973865,0.48627051964388246,0.02144720727032623,-0.36800621621650514
2024-04-30,137.94000244140625,139.6999969482422,137.25999450683594,137.33999633789062,133.7880859375,50.40849918490259,-0.017596666258075877,-0.3076173734813464,53.07620847794622,0.4384816779625446,-0.028441972796906776,-0.21946179191301501
2024-05-01,137.4199981689453,139.42999267578125,133.2100067138672,134.94000244140625,131.45013427734375,46.54515100746121,-0.029418325817039293,-0.3892366362882108,44.18719512778594,0.3422085463796555,-0.13166282445987945,-0.2623090280555821
2024-05-02,135.60000610351562,136.74000549316406,133.22000122070312,136.22999572753906,132.70677185058594,48.81582600797475,0.029938554725090327,-0.37349034922713176,53.04567800542036,0.4110950191593932,-0.07618212194908376,-0.1928745835786111
2024-05-03,138.89999389648438,142.11000061035156,138.75999450683594,141.55999755859375,137.89894104003906,56.952379754190304,0.10853562538887584,-0.04614180570235569,93.98445949016222,0.6606830375065881,0.15305278262451213,0.1948920085562036
2024-05-06,140.47000122070312,142.8300018310547,139.80999755859375,142.8300018310547,139.13612365722656,58.63955299712514,0.10080949428684405,0.2830777772219175,100.0,0.7200699447907283,0.20767454644668823,0.5090134564284948
2024-05-07,141.8699951171875,142.2899932861328,140.50999450683594,141.11000061035156,137.46060180664062,55.46881477784823,0.05755843554542528,0.43721888010316384,89.91201810649649,0.656112936459092,0.13370005187315973,0.5734666501074261
2024-05-08,141.11000061035156,144.25999450683594,140.8000030517578,143.60000610351562,139.88619995117188,58.930904464185936,0.0799427302687068,0.6952972127572401,96.42863335548941,0.7956607403340937,0.26566767504522243,0.7384707266476132
2024-05-09,142.94000244140625,143.35000610351562,141.1300048828125,142.7899932861328,139.0971221923828,57.368360896104186,0.04546771877064715,0.8419087063819559,92.04544610087481,0.7865864791420482,0.2604084012421973,0.7510121319782403
2024-05-10,147.22000122070312,150.5,146.92999267578125,149.25999450683594,145.39981079101562,65.28583250366977,0.07924808332511257,1.3132097044572164,94.2698450640566,1.0511383011022,0.41168167649146653,1.118203700204854
2024-05-13,148.02000427246094,148.44000244140625,146.3000030517578,146.41000366210938,142.62351989746094,59.99981947328237,0.057112023751211716,1.5026507409303036,81.09983154691267,0.874054629537946,0.29937217987099185,1.1064864575955045
2024-05-14,146.49000549316406,152.00999450683594,146.25,151.9499969482422,148.0202178955078,65.79705123492707,0.10637817155599683,1.9411420720430645,99.74083121204251,1.0228829045989225,0.4658925939305722,1.376949901270765
2024-05-15,153.36000061035156,156.0,152.72999572753906,155.5800018310547,151.5563507080078,68.97041471149572,0.15295698662614066,2.4565360515994685,98.15709393297244,1.044752120050949,0.47095668059245727,1.6882253208483482
2024-05-16,154.10000610351562,155.05999755859375,152.2100067138672,152.22999572753906,148.29296875,63.14754879550822,0.11744839153319542,2.641606655008619,83.45763324662803,0.8806370271730187,0.36296919461670774,1.5709863696630704
2024-05-17,154.0,154.0,150.83999633789062,151.67999267578125,147.75721740722656,62.2188476967726,0.07148913757303732,2.7233558143903935,81.04427996103283,0.8347525413771708,0.34524082528737743,1.3617991900433442
2024-05-20,151.6699981689453,154.24000549316406,150.82000732421875,153.5500030517578,149.578857421875,64.14947715580503,0.07505408006316872,2.8549927182322596,89.24968113205652,0.8647372669841021,0.3814066793467174,1.2532859731120212
2024-05-21,152.3000030517578,153.99000549316406,151.9499969482422,153.6699981689453,149.69573974609375,64.27561906668271,0.08900832513932766,2.929029627892508,89.77172100126597,0.8337614170613381,0.3857133236668101,1.1019115423313277
2024-05-22,155.8800048828125,157.22999572753906,154.5399932861328,156.14999389648438,152.11160278320312,66.87033107211107,0.08739534590473252,3.083318255001253,94.15267049444421,0.8802698889126597,0.43758428532703436,1.0758119298252309
2024-05-23,159.17999267578125,160.77999877929688,155.8699951171875,157.08999633789062,153.0272979736328,67.82426060137931,0.10014711707682511,3.21507691418337,82.40342285834868,0.8688512198824692,0.33679930950777204,1.031411130940349
2024-05-24,157.1999969482422,160.66000366210938,156.7100067138672,160.0,155.86204528808594,70.64243183517478,0.07195493886926552,3.430660044468887,96.15195552594633,0.9108261918859565,0.4396193359961962,1.0979856949316003
2024-05-28,159.67999267578125,160.3800048828125,157.60000610351562,159.41000366210938,155.2873077392578,69.31681699924991,0.08879172138579583,3.524571542776133,93.14316611540015,0.8507031171069809,0.418772846542585,1.0105396274751506
2024-05-29,156.75,156.8800048828125,153.2100067138672,154.33999633789062,150.3484344482422,59.06049205512272,0.015729044220012867,3.2916482990635743,67.22644050002252,0.6700807669711317,0.23963339378922233,0.5503283075849001
2024-05-30,153.58999633789062,154.0500030517578,151.88999938964844,152.9600067138672,149.00411987304688,56.60539485737286,-0.016840144428379222,2.9996989166110986,46.18036667303762,0.604899064422851,0.19071843434623065,0.1087420171500364
2024-05-31,151.47999572753906,152.5,147.80999755859375,151.0399932861328,147.13377380371094,53.286492241965014,-0.007816924538366354,2.6368831738105225,32.966233231608065,0.507571942674906,-0.0017194517647048302,-0.33183972872150136
2024-06-03,155.1199951171875,157.14999389648438,152.4600067138672,154.9499969482422,150.94265747070312,58.60885580859204,0.021558608908404997,2.5266141826123434,59.87610240297069,0.6536115025679752,0.14888503882004575,-0.3855043184543412
2024-06-04,153.39999389648438,153.7899932861328,150.99000549316406,152.47000122070312,148.52679443359375,54.376948254087644,-0.007033500632472323,2.2819493196540286,35.9290919315484,0.522118513168732,0.013500653033879225,-0.5902136942712364
2024-06-05,158.58999633789062,163.72999572753906,157.9499969482422,162.9199981689453,158.70652770996094,65.6364607974283,0.06019401740591168,2.6062744012148262,94.91207505178116,0.9855267427803197,0.39892151669616854,-0.07369706452169167
2024-06-06,164.52000427246094,164.6999969482422,160.36000061035156,162.07000732421875,157.8784942626953,64.24750730638979,0.037912239263637515,2.7818606977648117,84.42871687943749,0.9093348192559633,0.3285852786623537,0.1654714121779337
2024-06-07,163.57000732421875,166.1199951171875,161.9600067138672,164.38999938964844,160.13851928710938,66.34110147326786,0.04647027953602012,3.00228702322118,90.55163321566314,0.9957768653330145,0.3169694363385038,0.41496136749187595
2024-06-10,164.0,169.83999633789062,162.4199981689453,168.16000366210938,163.81100463867188,69.46969291706947,0.050999968182719346,3.3261639335570843,92.37406823027128,1.0706012630549095,0.3624259162713435,0.7470360873399997
2024-06-11,168.17999267578125,168.41000366210938,163.7899932861328,165.7100067138672,161.42437744140625,65.22659679938256,0.03952074249656756,3.4129195233349203,81.2528831009075,0.9168650340332594,0.261254760367763,0.7250843780960796
2024-06-12,173.36000061035156,176.05999755859375,171.5399932861328,172.97999572753906,168.50634765625,70.90536998913014,0.1207722133898157,3.7985101763396143,89.09733865113385,1.104118235783707,0.35061416274889434,1.0849976591046424
2024-06-13,172.9499969482422,174.07000732421875,170.50999450683594,172.91000366210938,168.9695587158203,71.2362438301892,0.1339925289299666,4.071194211307224,88.84957912748894,1.0156574228752415,0.3670110144151001,1.2405225933313302
2024-06-14,172.0,173.63999938964844,170.36000061035156,172.50999450683594,168.5786590576172,70.50753143280986,0.14575093603264455,4.211314390537122,87.43361751590155,0.9348380837278513,0.3531738583725116,1.2024532448384964
2024-06-17,177.83999633789062,178.6699981689453,173.47999572753906,177.24000549316406,173.20086669921875,73.90656355389932,0.1474613578526387,4.494813446243466,95.366193624437,1.0016635423198748,0.4407760414271668,1.362222570800692
2024-06-18,180.02000427246094,184.86000061035156,178.99000549316406,179.69000244140625,175.59503173828125,75.48274190883681,0.18224480914647145,4.772853423589505,86.04589003211964,0.9880859692247197,0.3679333843744246,1.4923247184976125
2024-06-20,182.5800018310547,183.1699981689453,173.5,175.3800048828125,171.3832550048828,67.73166938607521,0.07987527342346512,4.72405526200184,74.41296910476424,0.8299051143726327,0.2542552093007356,1.1720348029070795
2024-06-21,172.7100067138672,177.47999572753906,172.2100067138672,173.9600067138672,169.99562072753906,65.35067393871114,0.07674969615989591,4.5618176654694205,67.81814151796817,0.7631353399014124,0.21680219545333415,0.7637968636610495
2024-06-24,170.42999267578125,171.4199981689453,167.1199951171875,167.80999755859375,163.9857635498047,56.14507105067085,0.02402447755744297,4.092477981426457,49.660450222191784,0.584295417268348,0.05459283829515056,0.025114999680618588
2024-06-25,169.9499969482422,172.63999938964844,169.00999450683594,172.60000610351562,168.6666259765625,60.779170498085,0.02964160648792169,3.9036253331472057,54.44075496690244,0.6954110129864822,0.18093189473783908,-0.19976028311303384
2024-06-26,172.1199951171875,173.69000244140625,170.1999969482422,172.07000732421875,168.14869689941406,60.02338849449363,0.04165615853434912,3.6853987118842366,47.795945770886476,0.6635692461468876,0.1669527035236061,-0.42212265535543825
2024-06-27,173.7899932861328,175.47999572753906,171.14999389648438,171.6300048828125,167.71873474121094,59.3634468847497,-0.0046740845433655975,3.4512737600853756,42.22707749467941,0.6331546620638179,0.1553477879287955,-0.6246774347796542
2024-06-28,172.80999755859375,176.82000732421875,172.80999755859375,173.80999755859375,169.84901428222656,61.615271301208345,0.005204816613656238,3.3299844389891904,50.75756751537438,0.6758650274724739,0.21284520670200544,-0.6393865322330718
2024-07-01,174.24000549316406,175.3000030517578,170.4499969482422,172.3300018310547,168.4027557373047,59.216151875212326,-0.0010434495166578017,3.127083134862791,40.53158792738355,0.6125294552395555,0.13210548433484853,-0.762375534166595
2024-07-02,171.1300048828125,176.7100067138672,171.02999877929688,175.6999969482422,171.6959686279297,62.77086830536031,-0.008688744461668785,3.088850250848893,48.36527155733355,0.7141237479182975,0.22933646648381975,-0.6425853929845875
2024-07-03,177.99000549316406,182.49000549316406,177.8800048828125,182.49000549316406,178.3312225341797,68.69188291878034,0.015582393014266227,3.335480248457181,86.64039242772076,0.9905946849060248,0.3753847198926729,-0.16215975336367716
2024-07-05,184.13999938964844,185.0800018310547,182.3000030517578,183.99000549316406,179.7970428466797,69.83331148532153,0.0490934067132589,3.553569997290455,93.93098034284685,0.9916877010176902,0.40428807752847157,0.1895889437792473
2024-07-08,190.0,192.8000030517578,185.1300048828125,186.6300048828125,182.3768768310547,71.78313899836981,0.07283279445980395,3.797694219190821,75.97353480315991,1.0367554896966853,0.28002569849539605,0.5129078167694088
2024-07-09,188.08999633789062,188.44000244140625,182.5,184.52000427246094,180.31497192382812,68.00010953595418,0.0995769877856747,3.844640244828021,67.75702406170063,0.9073021106357286,0.20703788277555205,0.5040645643979893
2024-07-10,188.27999877929688,191.4199981689453,186.6999969482422,191.0500030517578,186.69613647460938,72.78096858494447,0.10689435680388959,4.1245073158232035,93.1853603610295,1.0652825520256317,0.40759446665264026,0.8251602079580351
2024-07-11,193.08999633789062,193.47000122070312,183.00999450683594,184.5,180.29542541503906,62.667246344033465,0.07223801753807901,4.0002069369018285,65.95825752197322,0.7921659951074508,0.11801621426925142,0.5186326476012137
2024-07-12,183.07000732421875,190.3800048828125,182.75,187.35000610351562,183.08047485351562,64.94956348383528,0.09159227283706706,3.980941644267862,76.77421745883024,0.8594625117069323,0.22371066563049724,0.4198234099994167
2024-07-15,188.67999267578125,190.05999755859375,184.0800018310547,185.22000122070312,180.9990234375,61.90363186222579,0.0656465932545609,3.824432616124333,66.27147287198902,0.7517440683277616,0.1447182203218065,0.14486215846420158
2024-07-16,188.27000427246094,189.58999633789062,185.02000427246094,186.0399932861328,181.80030822753906,62.630189565884066,0.07955661076671161,3.6928829093559887,68.07044877355948,0.7554457120801324,0.1751275032225856,-0.04245451970423808
2024-07-17,175.22000122070312,176.5800018310547,170.50999450683594,171.1999969482422,167.2985076904297,45.65841996935755,-0.02561190558311499,2.896047214745208,3.2580358853244547,0.22184408422333948,-0.3752253308579553,-1.1415282197910894
2024-07-18,175.5,178.69000244140625,164.50999450683594,171.8699951171875,167.95326232910156,46.3651150920386,-0.058194858183563736,2.26673243052033,25.414360856578483,0.2659883002143029,-0.26310265801088834,-1.7846005814937076
2024-07-19,169.1699981689453,170.52000427246094,165.22000122070312,165.77000427246094,161.99224853515625,41.12188332795106,-0.09902718103493124,1.473107874726349,4.350861441691786,0.09786311400057082,-0.46893872196079567,-2.526284642699342
2024-07-22,166.61000061035156,170.8800048828125,166.17999267578125,169.35000610351562,165.4906768798828,45.0493970801289,-0.09258958835452835,0.9926466212277961,16.71274335154798,0.22985426041684032,-0.34813666623988393,-2.6814588906402532
2024-07-23,169.4199981689453,171.5399932861328,167.97000122070312,169.82000732421875,165.94996643066406,45.5627994314757,-0.07966618267967451,0.6248869696230097,18.33567536723039,0.2375350255550285,-0.3322772241023472,-2.6487248103517995
2024-07-24,165.08999633789062,165.4499969482422,159.58999633789062,159.8000030517578,156.15830993652344,37.51549607845914,-0.16356967591688254,-0.13157964855221124,0.6198544380190599,-0.0055690308926446596,-0.48328943054279466,-3.148083853780797
2024-07-25,158.16000366210938,163.39999389648438,152.11000061035156,160.27999877929688,156.62738037109375,38.07970450436327,-0.13127368589336974,-0.7075453647180412,19.75338019434296,0.06303608159028311,-0.2727790209361942,-3.2927805910348695
2024-07-26,164.3000030517578,164.58999633789062,159.19000244140625,161.94000244140625,158.24952697753906,40.09422934224493,-0.1356285966367743,-1.0780114370205625,23.76692864118198,0.1398280608166261,-0.23355884244230604,-3.1265050831413874
2024-07-29,162.67999267578125,163.22999572753906,158.6300048828125,160.00999450683594,156.36351013183594,38.52487507107092,-0.13610854267493244,-1.450490415575646,19.10056523187567,0.1321188967237231,-0.27915886221675196,-2.9907914916991833
2024-07-30,160.44000244140625,161.14999389648438,152.5500030517578,154.5399932861328,151.01817321777344,34.41354169582068,-0.16931838735520222,-1.9912783899853241,5.875223984336868,0.06417380327512717,-0.4083981474000474,-3.0952969545010993
2024-07-31,163.77000427246094,166.64999389648438,162.07000732421875,165.8000030517578,162.02157592773438,46.96141187719962,-0.03154201334813922,-1.856952382082657,35.77214766933686,0.3220269761909547,-0.14235843396718514,-2.294495540597749
2024-08-01,163.47999572753906,167.6699981689453,156.83999633789062,158.17999267578125,154.57522583007812,41.214819803376294,-0.07965332922685009,-2.0975676349271466,15.994710286032959,0.19381216723679923,-0.3223959094935414,-2.140435151192376
2024-08-02,151.25,153.86000061035156,146.88999938964844,149.86000061035156,146.44482421875,36.03048998073094,-0.09597634736844884,-2.671191003668961,6.955506868778335,0.08199558620182976,-0.3915572166895373,-2.438591691530381
2024-08-05,133.86000061035156,150.0,133.57000732421875,147.9499969482422,144.578369140625,34.9438147727663,-0.12636547347278348,-3.1949080849167153,31.87054782846306,0.09697895216631648,-0.19822098600827504,-2.5992507062397214
2024-08-06,150.44000244140625,157.7100067138672,147.72000122070312,155.38999938964844,151.8488006591797,42.250272258149955,-0.08497239303375226,-3.207068855482928,48.35991672596131,0.2622859833787558,-0.07684482141101286,-2.0762879493263586
2024-08-07,161.5500030517578,162.64999389648438,154.52000427246094,155.0399932861328,151.50677490234375,42.01123421959619,-0.02978730389737494,-3.199591589504891,56.54462443954974,0.27404011113509075,-0.08255476784985567,-1.6333358407876304
2024-08-08,159.27000427246094,164.75,155.5399932861328,164.5500030517578,160.80006408691406,50.24778284011364,0.026640831928198327,-2.6832306322128194,81.59074843644574,0.4900991028087056,0.09731804141709885,-0.6451271455805054
2024-08-09,166.32000732421875,167.8000030517578,163.24000549316406,167.1199951171875,163.31149291992188,52.22274466771066,0.03198724216787885,-2.1208236368736744,88.35923149042296,0.5780160648554217,0.14449125043758623,0.20170217332089146
2024-08-12,166.0,169.52999877929688,165.5399932861328,167.6300048828125,163.80987548828125,52.62465145077246,0.047622142468962236,-1.6316936523212093,94.71636721922506,0.6288772844897743,0.15780496420094547,0.7865978160917018
2024-08-13,168.0,172.4499969482422,166.33999633789062,172.33999633789062,168.41253662109375,56.28222470762254,0.11518059735921349,-1.0005421783014568,99.71707654396185,0.8396467459081923,0.3902192612472708,1.4367899631792644
2024-08-14,171.8800048828125,172.50999450683594,167.19000244140625,169.97000122070312,166.0965576171875,54.02215007908483,0.025150858249093133,-0.6122585058931747,93.47715941913133,0.7632244555529376,0.3388899337974097,1.649018362147796
2024-08-15,172.42999267578125,175.44000244140625,170.82000732421875,173.9600067138672,169.99562072753906,57.14240214801723,0.09975980830467823,-0.11002992737517549,96.46525937393403,0.8891163624770804,0.4879693730885512,1.968485227049277
2024-08-16,173.38999938964844,175.0,172.25,174.5399932861328,170.56240844726562,57.59293256077128,0.1646871738702782,0.3095888324876518,97.85046749407432,0.8711402461413806,0.5015062201347525,2.121275497248205
2024-08-19,174.75999450683594,175.4499969482422,171.10000610351562,175.4499969482422,171.45164489746094,58.33299787522642,0.1858734188009652,0.6754221804594658,100.0,0.8726634173838493,0.522528341896062,2.1773296972433847
2024-08-20,175.39999389648438,175.39999389648438,169.85000610351562,172.0399932861328,168.11936950683594,54.495065641931745,0.10714980149349396,0.7911535303332553,91.85767787260075,0.7620180100881087,0.4429610970008168,1.895443550466761
2024-08-21,170.36000061035156,173.0800018310547,169.91000366210938,171.44000244140625,167.53305053710938,53.82404316644848,0.10577926726442177,0.8439828775130377,90.42503462193862,0.7225801976431551,0.42896111813286036,1.5874403034013616
2024-08-22,172.0,173.27999877929688,166.05999755859375,166.44000244140625,162.64698791503906,48.46799240245844,0.01148584012458298,0.6398140912315851,78.48615869363164,0.566065319311272,0.31229292728718877,1.0011957105446725
2024-08-23,169.0,173.2899932861328,167.9199981689453,171.27999877929688,167.37669372558594,53.3112785701718,0.024892313045337122,0.7010153533137043,84.96213915819675,0.6927290768236242,0.4252276689862124,0.8826606924933298
2024-08-26,170.3800048828125,171.0500030517578,167.82000732421875,169.07000732421875,165.21707153320312,50.956287917441934,0.008590422529333619,0.636619862498542,69.51747799030086,0.6152797228032815,0.3736607461724589,0.6218181957231408
2024-08-27,166.4199981689453,170.5800018310547,165.0399932861328,170.5500030517578,166.663330078125,52.47049819999174,-0.010386439026829897,0.6486531806973033,75.3892868146,0.6400680943356162,0.40819414882861105,0.5141555581594537
2024-08-28,171.32000732421875,172.47000122070312,166.1999969482422,169.1999969482422,165.3440704345703,50.92591702352357,-0.004530420096673482,0.5870361910697572,48.81241298984996,0.5936192107664872,0.3766931944253672,0.3304861675706734
2024-08-29,168.64999389648438,175.4199981689453,167.50999450683594,169.14999389648438,165.29522705078125,50.866215539498924,-0.027650086847186395,0.5297218590252513,39.48125998563534,0.5773308634882074,0.3755269242274146,0.1891272225830939
2024-08-30,170.05999755859375,172.22999572753906,168.75,171.6999969482422,167.78712463378906,53.8394320831665,-0.01627136857846745,0.5988030436942161,63.97695791741788,0.6390846603007873,0.43502783636657133,0.2434110083596106
2024-09-03,168.0,168.67999267578125,159.8000030517578,160.49000549316406,156.83258056640625,41.850172185108605,-0.08526639881348363,0.11714996261608494,4.408963006440869,0.1539727141240652,-0.0533818698264964,-0.44120105391402065
2024-09-04,159.3000030517578,163.8800048828125,158.9499969482422,160.8699951171875,157.20391845703125,42.3190759893159,-0.0649267903027726,-0.24601030088046405,11.6363525390625,0.12192155453142227,-0.2537670748315183,-0.8292533096996688
2024-09-05,161.5399932861328,164.58999633789062,161.0500030517578,163.6999969482422,159.9694366455078,45.822905527443936,-0.04514699557700819,-0.3939985535531819,28.78787878787879,0.18115759849578864,-0.15952674311132142,-0.8564042542219019
2024-09-06,164.88999938964844,165.41000366210938,156.00999450683594,156.82000732421875,153.24623107910156,39.535361621763954,-0.05779853015690717,-0.8370552349484565,4.166732076419522,-0.10031256150171218,-0.5241688827490939,-1.2595222154074706
2024-09-09,160.75999450683594,163.10000610351562,160.25,162.77999877929688,159.07040405273438,46.39703131248084,-0.04962632184902471,-0.8891756183445421,34.878943818422805,0.22143436715519527,-0.22457154518767414,-1.0735418179346983
2024-09-10,162.88999938964844,162.88999938964844,157.69000244140625,162.42999267578125,158.72836303710938,46.06640208065945,-0.03927383796286288,-0.9371726375382278,33.07571848364928,0.22637390390408943,-0.24216624542785875,-0.9191419341761176
2024-09-11,163.8000030517578,170.3800048828125,161.4199981689453,170.22999572753906,166.35060119628906,53.942954074795075,-0.0018764108558814163,-0.5868817635557876,73.26119803090121,0.6018311192898822,0.14992414561780773,-0.282273400318769
2024-09-12,170.60000610351562,172.14999389648438,169.0,171.42999267578125,168.14157104492188,55.584313063750045,0.01691926782133124,-0.21865691656339725,79.44356135824422,0.682561995421498,0.24205221268111915,0.2521168730336877
2024-09-13,172.24000549316406,174.77000427246094,171.4499969482422,172.5,169.19107055664062,56.561243264083956,0.023569001811906576,0.12219070521786037,84.95622041202652,0.7373939162784969,0.2960388062981738,0.6463686068246507
2024-09-16,169.91000366210938,170.55999755859375,166.77000427246094,169.0800018310547,165.836669921875,52.58045680873742,-0.011624579157495596,0.2233201114921096,67.33644955324223,0.5883251476176888,0.12348735498657745,0.6495970677609526
2024-09-17,169.35000610351562,170.24000549316406,166.36000061035156,167.35000610351562,164.13986206054688,50.63895806231586,0.04659287928407552,0.2172985331240051,58.42354176788093,0.5220153532330144,0.036849357024151104,0.5118736106389536
2024-09-18,168.4600067138672,171.60000610351562,167.0,167.27999877929688,164.07119750976562,50.55760313993758,0.043683892361827015,0.20675842436153719,58.062865255720276,0.5300359250619665,0.033311771355618164,0.395761552109408
2024-09-19,174.3800048828125,177.77999877929688,172.6300048828125,176.22000122070312,172.83970642089844,59.50468993507251,0.08045455460289674,0.6210560448789512,92.83418809169851,0.9637129528486619,0.39106883836270506,0.8623476299686692
2024-09-20,174.8699951171875,176.02000427246094,173.64999389648438,174.0800018310547,170.7407684326172,56.85258389019606,0.11415965815489071,0.8349268654053487,83.0041514832283,0.8202106891997014,0.29465461804321674,0.9741978603125078
2024-09-23,174.83999633789062,175.39999389648438,173.6999969482422,174.75999450683594,171.40771484375,57.500765657082376,0.07755880714884977,1.0236212397871018,86.12768176494461,0.8296174428176699,0.32529064377778677,1.0321350466874322
2024-09-24,179.5,182.77999877929688,177.0500030517578,181.97000122070312,178.47940063476562,63.72353467337048,0.12443294455848841,1.4942027537463527,96.9742344814378,1.0428873675056236,0.45735011362865596,1.4596264785596667
2024-09-25,181.52000427246094,183.82000732421875,181.2100067138672,182.35000610351562,178.8521270751953,64.02254415004722,0.07515167236549258,1.8580392517650761,94.71412965410684,0.9773066472752318,0.43936361167305044,1.6654988250387048
2024-09-26,188.5,189.3300018310547,183.8000030517578,186.8300018310547,183.24618530273438,67.43076575953705,0.08983271753644462,2.3215926795557946,92.0986092028247,1.0251074180608395,0.43541250927342123,1.9745084450490888
2024-09-27,185.83999633789062,185.94000244140625,177.39999389648438,177.97000122070312,174.55613708496094,56.10993703112073,0.031710104502969294,2.2507904583300697,64.09607828858499,0.7313433538021444,0.1746067977615558,1.4924663044829964
2024-09-30,174.27000427246094,176.82000732421875,171.92999267578125,173.6699981689453,170.338623046875,51.58356242006894,0.02714690983074397,1.9740313897460295,43.891072707491624,0.5973124811865652,0.04803077402159629,0.8219027412417468
2024-10-01,175.30999755859375,175.99000549316406,170.77999877929688,172.07000732421875,168.7693328857422,49.96832307066601,0.028204427413784705,1.6618965008306001,24.8585390092217,0.5324102393825388,0.0009332405227915321,0.23545983106559154
2024-10-02,172.9600067138672,176.97000122070312,170.7899932861328,175.8000030517578,172.42776489257812,53.6148617855402,0.05093256774891963,1.5686344370002123,41.09709159657278,0.631232935152112,0.11073009534451286,0.06556877820913298
2024-10-03,175.8000030517578,180.7899932861328,175.1199951171875,179.47999572753906,176.03717041015625,56.948720607033565,0.018499591647485047,1.6449279826212633,57.11795568109199,0.7286988828487798,0.2190555672586387,0.16239212877420028
2024-10-04,179.6999969482422,181.22999572753906,177.5500030517578,181.16000366210938,177.68495178222656,58.418058593182806,0.040670915407938324,1.760948149264732,64.43187751517576,0.7742263304640634,0.2499516348461748,0.2957548654929494
2024-10-07,181.60000610351562,185.0,180.92999267578125,184.50999450683594,180.970703125,61.25756190984958,0.05579088601681281,1.980971068893498,78.41465772960444,0.8693104624957597,0.3537996565325604,0.5488860183072433
2024-10-08,184.9600067138672,186.5399932861328,182.02999877929688,186.0500030517578,182.48114013671875,62.52444996751212,0.022421296170431093,2.19674447976892,82.31806878874848,0.9032346251619894,0.3726090721717122,0.7492687053066107
2024-10-09,187.8000030517578,188.0,182.25999450683594,187.13999938964844,183.5502471923828,63.43585204102398,0.02626818139664766,2.386042143297199,88.19405886190017,0.8954053383966971,0.3663781309744766,0.8762129025625924
2024-10-10,185.86000061035156,187.0800018310547,184.39999389648438,185.77999877929688,182.21633911132812,61.428510050710265,-0.005620014352303637,2.444275137256542,80.86252038960494,0.8071156873928745,0.3083063847765521,0.7951207740134061
2024-10-11,188.1699981689453,191.49000549316406,188.00999450683594,190.80999755859375,187.14984130859375,65.74582922096403,0.07214701490273656,2.6807797795767327,96.7165247990239,0.9331246266638101,0.4452915502878103,0.9860457312286774
2024-10-14,190.61000061035156,194.25,190.5,192.2100067138672,188.5229949951172,66.8577608711125,0.10675424999319194,2.8921882036420965,91.30808189164765,0.9276671161329961,0.4126573994186449,1.107996604198438
2024-10-15,192.9600067138672,193.6199951171875,184.25,187.1300048828125,183.54043579101562,59.33167380857846,0.08752243463137677,2.8014035837705724,69.66342246754176,0.7322964900748815,0.2249884693950685,0.7721908941767008
2024-10-16,189.77999877929688,190.00999450683594,186.66000366210938,187.47999572753906,183.88372802734375,59.668540096203365,0.06643920218940758,2.7126805801995326,71.15464882682218,0.7304205332670619,0.1763182175758875,0.5051991338887536
2024-10-17,203.35000610351562,212.60000610351562,201.97000122070312,205.83999633789062,201.8915252685547,72.52497675343547,0.1468687254979122,3.3964722582120728,83.83546489311551,1.206870346802773,0.36193881015034024,1.4214907642930612
2024-10-18,205.9499969482422,205.9499969482422,200.75999450683594,200.77999877929688,196.92860412597656,66.25643923111704,0.10830209396311363,3.6660822139078832,71.73599891415236,0.9713936210601847,0.24326544158533753,1.5622305301519015
2024-10-21,200.80999755859375,203.44000244140625,199.66000366210938,201.9499969482422,198.07614135742188,66.96738372919052,0.09452048280216285,3.8775575160846327,74.52761088165556,0.9407002702210063,0.27070535144830765,1.59588614006263
2024-10-22,199.07000732421875,200.1699981689453,197.11000061035156,198.47999572753906,194.67269897460938,62.74497710113327,0.06680996638204073,3.8495048287520985,62.32655753188752,0.8094527557730959,0.18932223842236842,1.2665889585136352
2024-10-23,196.67999267578125,203.1300048828125,196.22999572753906,200.86000061035156,197.00704956054688,64.40282476178987,0.07331399752384815,3.8791280096726317,66.50498011133473,0.832849109760013,0.24514122878838956,1.0903480315302643
2024-10-24,198.9600067138672,200.5,197.41000366210938,197.92999267578125,194.13327026367188,60.81491194054903,0.06539990436896503,3.7348073931476606,53.67853739244895,0.737894861105562,0.1764234192816767,0.6844228346344225
2024-10-25,200.25,205.1999969482422,200.0,203.44000244140625,199.53756713867188,64.78775287238986,0.06619148455302115,3.8029177997158325,70.0359781894705,0.8356235561956882,0.30565096420059573,0.6825428007711398
2024-10-28,199.25999450683594,199.74000549316406,194.52000427246094,194.67999267578125,190.9456024169922,55.204878807620034,0.01285046114368038,3.4532428319172306,40.93603632737081,0.603933988263764,0.10019990688564591,0.03924463153465041
2024-10-29,194.38999938964844,198.7899932861328,193.60000610351562,196.94000244140625,193.16226196289062,56.9730903145856,0.05242346805164333,3.2322543369477548,44.76190373670709,0.6450087051639467,0.15309356178566857,-0.28266754220223334
2024-10-30,194.3800048828125,195.4499969482422,192.61000061035156,194.47999572753906,190.7494354248047,54.45343814780785,0.037337221031542356,2.921750929779917,36.08463324553028,0.552149207048481,0.0350073566232003,-0.6810647622092123
2024-10-31,192.86000061035156,192.86000061035156,187.66000366210938,190.5399932861328,186.88499450683594,50.59407431079524,-0.07432967154890313,2.484199816757894,22.18692039488769,0.3996614699684123,-0.11566645813715652,-1.1976030409937
2024-11-01,194.1999969482422,198.1699981689453,192.5500030517578,192.9499969482422,189.248779296875,52.79780518134839,-0.038998015870709835,2.212072700199564,30.68781331642577,0.4599438433620947,-0.11932923605871477,-1.3609116625395714
2024-11-04,193.6999969482422,194.36000061035156,190.60000610351562,191.55999755859375,187.88546752929688,51.374496730186486,-0.051448265087799094,1.9166588710232562,18.88972025948174,0.38724660036963876,-0.1904570707524469,-1.5290146724947418
2024-11-05,193.5800018310547,198.33999633789062,193.49000549316406,195.75999450683594,192.0048828125,55.296016916227956,-0.013704110417955051,1.8362121568768577,32.477907184478376,0.5392639975544876,-0.060810659824186666,-1.3379307092059571
2024-11-06,192.0399932861328,194.25999450683594,188.5,193.22000122070312,189.51361083984375,52.53656839105713,-0.038036398887341005,1.6477136490821294,30.399123015584994,0.41437696837057386,-0.19633475461611882,-1.3505614489790627
2024-11-07,196.30999755859375,202.00999450683594,196.25,201.19000244140625,197.3307342529297,59.3854627419262,0.01647045859225993,1.8081469823371832,77.13799292040633,0.748727237317253,0.07940146161406224,-0.8292785798119544
2024-11-08,203.88999938964844,206.61000061035156,200.02000427246094,201.1999969482422,197.3405303955078,59.39337045837472,-0.01101064212954539,1.9117787656067315,71.45116341239722,0.7254479761612981,0.0797470044877518,-0.49703080700196534
2024-11-11,197.9600067138672,198.1999969482422,191.49000549316406,194.0500030517578,190.3277130126953,51.64174774805874,-0.0032359446694536498,1.6790799080708838,33.7203188322475,0.3817143482078013,-0.16761863477194683,-0.7477175029709451
2024-11-12,193.8300018310547,194.0,189.72000122070312,191.77000427246094,188.0914306640625,49.42644630262328,-0.026251666590041856,1.3845621758999556,21.68866106721357,0.24458241375186718,-0.326817776899349,-1.0441033133488893
2024-11-13,192.44000244140625,192.47999572753906,186.5,186.66000366210938,183.07945251464844,44.78908140036482,-0.04020972797678257,0.9280451436684257,0.795642253869518,-0.00634458384492946,-0.5130554285614062,-1.5283541081879473
2024-11-14,188.39999389648438,192.66000366210938,187.5399932861328,188.5,184.8841552734375,46.727278609737226,-0.010706259422691322,0.6346005928462392,9.94530054350424,0.11715949410491414,-0.46235030718650283,-1.6664617301668558
2024-11-15,188.17999267578125,188.8000030517578,184.80999755859375,186.00999450683594,182.44190979003906,44.4530063966116,-0.03596783837721873,0.2935832246602873,5.504572386495274,0.05608856154381657,-0.4906278640848052,-1.8476057993458062
2024-11-18,184.35000610351562,188.0,183.49000549316406,187.47999572753906,183.88372802734375,46.12026620428245,-0.021298823983441628,0.08331031244692882,17.257746873003555,0.16341888644741143,-0.36497047502890756,-1.7941454683193507
2024-11-19,189.1300048828125,190.02000427246094,188.02000427246094,189.6699981689453,186.03170776367188,48.59567392456828,-0.03110949555726228,0.008662021446325259,26.730077772321927,0.2919699310285173,-0.27206475746968073,-1.547287325591828
2024-11-20,188.85000610351562,188.85000610351562,184.05999755859375,188.36000061035156,184.74684143066406,47.19877657207746,-0.025152649395763116,-0.10476882330431067,21.06399716999562,0.25252302088801126,-0.32763857253734213,-1.4077015285753902
2024-11-21,189.41000366210938,192.3000030517578,186.74000549316406,191.24000549316406,187.57162475585938,50.56333391676689,-0.049455598156146974,-0.07205660837769443,33.52076832507036,0.41112208391686555,-0.20545933716651124,-1.07719260094623
2024-11-22,192.9499969482422,193.0,189.42999267578125,190.0800018310547,186.43385314941406,49.20335157387272,-0.05526830815866712,-0.09412907244107527,28.50345038780564,0.3693158572035787,-0.2546709222329583,-0.894768436626393
2024-11-25,188.08999633789062,188.25,183.7100067138672,185.0800018310547,181.52976989746094,43.74218451018573,-0.046225234234005264,-0.3200754828055689,6.877148242598957,0.12721029355628505,-0.4667852945369303,-1.0530417613709577
2024-11-26,185.39999389648438,185.89999389648438,182.3300018310547,183.83999633789062,180.31353759765625,42.48283113869884,-0.04135166093928977,-0.5466359148410969,6.219088067349834,0.10935299037985555,-0.46505042564984955,-1.1788105951800345
2024-11-27,182.0,182.4499969482422,178.0500030517578,181.19000244140625,177.71437072753906,39.84285554987896,-0.029304663704301293,-0.8314136640965671,10.994396561856872,0.04524967651731733,-0.3937518330850754,-1.3631821393907524
2024-11-29,181.50999450683594,186.9499969482422,181.17999267578125,184.66000366210938,181.11781311035156,44.68972375662133,-0.02037136258386041,-0.8989527205102923,32.80398318882284,0.23719286348449944,-0.2745836722394734,-1.1884401989796578
2024-12-02,189.33999633789062,195.2899932861328,188.94000244140625,194.39999389648438,190.67095947265625,55.52224537894258,0.045105040240411176,-0.5280357140006914,94.83758762302627,0.692083380747983,0.059910276602974266,-0.40260470810400917
2024-12-03,193.5,199.0,192.60000610351562,198.88999938964844,195.07484436035156,59.46358024984001,0.060859742474568934,-0.043573649076304725,99.47493734427111,0.8625196709762137,0.21410793991370436,0.39736136626256546
2024-12-04,199.85000610351562,202.60000610351562,198.27000427246094,200.69000244140625,196.84031677246094,60.95723660304239,0.058100896555333126,0.40880692719870637,92.21994531698188,0.9072424623271841,0.27592420612616914,0.9949656857958589
2024-12-05,201.25,205.6300048828125,200.75,204.3000030517578,200.38107299804688,63.83535885620332,0.0846251629868886,0.9046174312222384,95.17765865571073,0.9790108934528985,0.3999002750429019,1.5454329094046764
2024-12-06,202.0,203.19000244140625,199.92999267578125,203.02000427246094,199.12564086914062,62.08770198355388,0.0615978889574571,1.2258985383219159,90.53661915492428,0.9184260300124382,0.35594256369049004,1.7278952227971631
2024-12-09,200.92999267578125,203.1300048828125,198.97999572753906,199.1699981689453,195.34945678710938,57.0301112210941,0.04782180643206502,1.3040057398708278,76.5772070885314,0.787362771237796,0.2452462866870665,1.505327488490881
2024-12-10,199.10000610351562,199.91000366210938,190.3699951171875,191.94000244140625,188.2581787109375,48.96389117015205,0.03706504347621431,1.0545966348729896,50.36257602422817,0.5221509889656143,-0.011870377757357045,0.8255696355463469
2024-12-11,194.6699981689453,196.0,193.25999450683594,194.60000610351562,190.86715698242188,51.67217234213402,0.05852926810362136,0.956053814362502,60.0072587128067,0.6156265910693469,0.08272636257159764,0.5120539617267035
2024-12-12,194.6300048828125,195.4199981689453,191.2899932861328,191.4600067138672,188.3837127685547,49.00631518871804,0.06003646186482703,0.7641971837770686,48.62220004282198,0.511636332734501,-0.007318744353336094,0.11837321942982437
2024-12-13,198.50999450683594,202.5399932861328,197.27000427246094,200.99000549316406,197.7605743408203,57.84885981995445,0.09188914632228151,0.996580021986257,83.17621797826038,0.8321780561956272,0.33266896230835863,0.45171117122726834
2024-12-16,203.1999969482422,205.5,200.8699951171875,202.22000122070312,198.9708251953125,58.84090010953356,0.04352978421890463,1.2158064397545338,87.63595563554402,0.8365025177619926,0.37655042620041185,0.7010526710946876
2024-12-17,201.0,202.39999389648438,197.47000122070312,200.66000366210938,197.4358673095703,57.00831587978985,0.01210316459285421,1.308765147703056,81.97969220180771,0.7546224642511811,0.3208956842194361,0.7078852793943509
2024-12-18,203.0,205.24000549316406,193.9600067138672,195.55999755859375,192.41781616210938,51.375050609390556,-0.022467453227398404,1.1592156585483961,58.813896537348754,0.5665754069147181,0.1389504045127943,0.3384635474557316
2024-12-19,198.39999389648438,198.57000732421875,193.9499969482422,194.63999938964844,191.51260375976562,50.40740478905447,-0.044258018512395636,0.9914805567252754,34.15216365757418,0.5227240187669694,0.10612907230662696,0.014278915425700367
2024-12-20,192.60000610351562,198.0800018310547,191.97999572753906,197.2100067138672,194.04132080078125,53.066776062479,-0.02553322638996869,0.9532955043338404,44.82311415086793,0.602940194737421,0.1978156884463085,-0.045444874415902614
2024-12-23,201.0,208.0500030517578,200.91000366210938,207.36000061035156,204.02822875976562,61.78309553205987,0.04442690609636202,1.3229864746718214,96.09727301051113,0.9064799279898041,0.4839408569335935,0.539788986672912
2024-12-24,205.9199981689453,207.1999969482422,204.5500030517578,206.3300018310547,203.0147705078125,60.55408474336189,0.07838486432790326,1.5528043022313973,90.27149067427764,0.8379205035387199,0.45015891520182266,0.7953429213979759
2024-12-26,205.5,208.16000366210938,202.88999938964844,203.05999755859375,199.79730224609375,56.697997564848784,0.04678722837839677,1.5825215956243426,71.33218856732132,0.7091960624353291,0.3402616656759349,0.688395788445451
2024-12-27,204.5,204.5,199.0500030517578,201.6300048828125,198.39028930664062,55.04715085554318,0.05311805564836636,1.5301375536207753,63.294009877466586,0.6436586274277278,0.2558906457666211,0.4738163903796617
2024-12-30,199.83999633789062,201.97000122070312,198.47999572753906,200.38999938964844,197.1702117919922,53.59002520261702,-0.0029852388464988167,1.4220220953856877,56.32377436558977,0.5660123303829119,0.04621065701705802,0.21387363904555734
2024-12-31,200.7899932861328,201.77999877929688,197.36000061035156,197.49000549316406,194.31680297851562,50.240542516110594,-0.023390475524381116,1.205350305344175,36.75167986772709,0.39483449134867943,-0.16014468996111075,-0.16559820374005918
2025-01-02,197.0,203.77000427246094,196.69000244140625,201.5800018310547,198.34109497070312,54.5546721081496,0.004584920022224104,1.1852869333934928,60.99586375818225,0.6150196859318261,0.0660661059486094,-0.16079979468007544
2025-01-03,204.10000610351562,208.8000030517578,203.6999969482422,208.61000061035156,205.25816345214844,60.839371102794864,0.06673159245930349,1.4352776275622652,98.87037836700185,0.9411300415158609,0.42582213376231287,0.26957695590250363
2025-01-06,218.77000427246094,222.1999969482422,215.69000244140625,220.00999450683594,216.47496032714844,68.45713970704308,0.1303431527603045,2.0600693015899973,92.7531358274535,1.2266217239664605,0.4381370941955725,1.217921106414345
2025-01-07,221.24000549316406,221.47999572753906,211.32000732421875,211.4199981689453,208.0229949951172,59.12422837691607,0.07205513823878107,2.183540349035413,64.32826491114861,0.8625653134359125,0.17260254044681472,1.1832130782720074
2025-01-08,209.97000122070312,210.3000030517578,205.9199981689453,207.1199951171875,203.79208374023438,55.07637623323303,-0.0011574134665909286,2.0867020357961663,50.09926796189645,0.6919813052825516,0.03968042258645828,0.8008474697291055
2025-01-10,207.60000610351562,209.97999572753906,203.22999572753906,208.3699951171875,205.02198791503906,56.01901681258854,0.009887051086016063,2.035226114439001,54.235601348751686,0.7145913661292086,0.06225729543796297,0.5672922519505494
2025-01-13,200.52000427246094,203.58999633789062,200.0500030517578,201.36000061035156,198.1246337890625,49.718382508707904,-0.008371827037839563,1.6993222532614052,31.039061892513903,0.442160968476498,-0.1608858074026101,-0.0807037571778082
2025-01-14,205.19000244140625,206.25999450683594,198.5,201.4499969482422,198.2131805419922,49.79644780947203,-0.0008927290003327704,1.4202328307662784,18.659331759402757,0.4196329659291733,-0.17573975636430816,-0.5084863897698542
2025-01-15,202.49000549316406,209.0399932861328,199.35000610351562,206.8000030517578,203.4772186279297,54.33543719962889,0.03198762520269116,1.3940589099759648,39.63152797873938,0.6306619259209774,-0.0015492244879820973,-0.444371762393585
2025-01-16,218.88999938964844,221.9499969482422,213.1699981689453,214.7899932861328,211.33883666992188,60.13265521210251,0.08759939146018314,1.6671762836903339,70.95254701006027,0.9049483346295403,0.2585969609663834,0.09147784069446185
2025-01-17,215.1699981689453,215.67999267578125,211.05999755859375,211.5,208.1016845703125,56.927854737476224,0.04921113096129215,1.7327102952386733,58.055667376271295,0.7519929258462397,0.15147743850284143,0.1864055877009112
2025-01-21,214.4600067138672,220.14999389648438,212.0500030517578,218.6999969482422,215.18600463867188,61.734260957317446,0.04836758265567309,2.039059153375232,86.27988728471854,0.9589850440375354,0.3859023154782284,0.6582631729109667
2025-01-22,221.9499969482422,225.42999267578125,219.30999755859375,223.1999969482422,219.6137237548828,64.40756435361172,0.014499429509033712,2.422329796983802,92.2407916309177,1.0340319358578136,0.4441204947223742,1.1705991426522493
2025-01-23,220.10000610351562,224.6999969482422,219.41000366210938,224.6199951171875,221.01089477539062,65.23295606075307,0.06243492350727031,2.7423391775628976,97.18163592962902,0.9998552468465516,0.4642387125272891,1.485378149703398
2025-01-24,226.22000122070312,226.39999389648438,220.9600067138672,221.8800048828125,218.31491088867188,62.23391823073707,0.07126296017930289,2.8544270836833223,83.79931898751623,0.8667349006259224,0.34586653203730355,1.395229983070207
2025-01-27,197.0399932861328,207.0,187.6699981689453,192.30999755859375,189.22003173828125,40.56132216363379,-0.077074446196991,1.800588130080584,11.980376714447075,0.053960298902092724,-0.34197847300990564,-0.631888809879821
2025-01-28,195.64999389648438,202.83999633789062,192.4600067138672,202.39999389648438,199.14791870117188,47.3047430645408,0.005164854528886265,1.3317511861301599,38.03252608433742,0.3279611597089236,-0.0856426078388342,-1.2750163777985986
2025-01-29,204.49000549316406,206.4499969482422,199.75,202.3300018310547,199.0790557861328,47.26468765448021,0.004368403966744205,0.9456127963536721,37.85180810563669,0.32461765922841923,-0.08742063321026737,-1.6520344511498184
2025-01-30,206.57000732421875,209.6199951171875,205.4199981689453,208.14999389648438,204.80552673339844,50.981756311155344,0.006528043357510338,0.8546797632190126,52.87890004329825,0.4708197613794451,0.060435591395350215,-1.4688863494837863
2025-01-31,209.92999267578125,215.0,208.1999969482422,209.32000732421875,205.95672607421875,51.71851928951649,-0.025466737115190652,0.8184697845462531,55.899849066802624,0.486169216123742,0.09015930603035466,-1.2328731238053177
2025-02-03,199.6300048828125,204.99000549316406,197.97999572753906,199.8000030517578,196.5896759033203,45.69958867371086,-0.05531915174431257,0.41559396430500106,31.31940671552264,0.2153866261598512,-0.15169587610791685,-1.6445374099023855
2025-02-04,204.07000732421875,205.75,202.0800018310547,204.0500030517578,200.77139282226562,48.57678154782074,-0.06698675334676363,0.2579749239281382,42.29281355475455,0.34562117715643986,-0.04372486190065496,-1.5721743939653052
2025-02-05,206.0,210.47999572753906,203.8300018310547,208.57000732421875,205.2187957763672,51.518993898516676,-0.06554657756535387,0.30579095433507597,53.96336550693815,0.4900128570039197,0.07110610749548224,-1.179687065615241
2025-02-06,210.05999755859375,211.17999267578125,207.0,210.5,207.1177520751953,52.761794136103376,-0.06286180015837983,0.4139017528271011,58.946564290017086,0.5486433055939931,0.12013674287657182,-0.7670740208447344
2025-02-07,213.00999450683594,213.17999267578125,205.72000122070312,206.1199951171875,202.80813598632812,49.65103553049411,-0.07102938978937323,0.32532582062671006,47.63748769309383,0.4202647853457353,0.008863400137656307,-0.7579446931083706
2025-02-10,208.0,209.97999572753906,206.52999877929688,207.9499969482422,204.60873413085938,50.952191216548336,0.08132702574462591,0.322622774371855,52.362512306906176,0.475115400911204,0.055354449535085753,-0.6105226098028991
2025-02-11,205.1300048828125,209.83999633789062,201.0,208.74000549316406,205.3860626220703,51.534487478322234,0.031324173315910864,0.34717397663227834,54.40229705276437,0.4873133867496433,0.07542490078634205,-0.4480605898995689
2025-02-12,204.89999389648438,207.07000732421875,203.00999450683594,206.3800048828125,203.06398010253906,49.638645813420425,0.020016793332027882,0.27171476724662363,48.30882720847653,0.4064586296563519,0.015469239136730064,-0.4814643058463841
2025-02-13,201.8800048828125,202.3000030517578,199.22999572753906,201.8300018310547,198.58706665039062,46.116207322798296,-0.03036275525465959,0.034083299607585785,51.81120641572576,0.27783614268338375,-0.10012368485022294,-0.7723007139856779
2025-02-14,199.97999572753906,206.25,197.4600067138672,203.89999389648438,200.62380981445312,47.92663583654794,-0.025893382369283957,-0.07298856038377921,50.754172982187015,0.3565533843664316,-0.04753542281191168,-0.7917982434875219
2025-02-18,204.75999450683594,205.85000610351562,200.52000427246094,202.74000549316406,199.48245239257812,46.974163517384795,0.014714793520899105,-0.20117634090195485,30.10262713995029,0.3359975263558227,-0.07700502125711457,-0.8412180142633037
2025-02-19,202.00999450683594,202.60000610351562,200.02000427246094,200.9499969482422,197.72120666503906,45.472384222335926,-0.015192334497209803,-0.36921393505143707,19.897329362914864,0.30306494384883315,-0.12247999987392666,-0.9444443176130212
2025-02-20,200.27999877929688,200.33999633789062,197.61000061035156,200.10000610351562,196.88487243652344,44.740914231378476,-0.04060994173713728,-0.5304017594115653,15.051313569975145,0.292274283072038,-0.14407396632822575,-1.0148059490322923
2025-02-21,201.3300018310547,202.69000244140625,196.00999450683594,198.24000549316406,195.05474853515625,43.10680919043207,-0.05824224828231772,-0.7241801992619051,12.987834735832744,0.2267249517799269,-0.19132736429505984,-1.1219885550094761
2025-02-24,196.8800048828125,198.7899932861328,191.4600067138672,191.64999389648438,188.5706329345703,37.83431691340368,-0.07020183378006883,-1.1287841519933484,0.8747113508743952,-0.05504021642956236,-0.34904593101777176,-1.5410807839817235
2025-02-25,190.64999389648438,193.52999877929688,187.47000122070312,189.3699951171875,186.3272705078125,36.185261800468936,-0.08934840294429858,-1.5274692747472332,7.390099291958717,-0.11522513432715421,-0.4235085638779606,-1.859555019577576
2025-02-26,191.08999633789062,196.0800018310547,191.08999633789062,194.6199951171875,191.492919921875,42.40981154747719,-0.06764403836768618,-1.6159522009364036,27.810176090401384,0.1558884674559874,-0.23587145370318013,-1.6212047716184248
2025-02-27,194.69000244140625,194.77000427246094,181.0800018310547,181.08999633789062,178.18031311035156,33.37480374856504,-0.1225410187450392,-2.2143755753730052,0.03113554419464706,-0.1734819077406461,-0.4674861107674787,-2.2218865288335463
2025-02-28,179.30999755859375,182.16000366210938,175.52000427246094,180.52999877929688,177.6293182373047,33.06086455997446,-0.10553430677326903,-2.690334680765644,14.538583137395555,-0.06043893295883276,-0.32857258882699425,-2.49748817254626
2025-03-03,181.14999389648438,181.57000732421875,171.07000732421875,172.97000122070312,170.19078063964844,29.08347769249343,-0.15169201104769503,-3.355176355452685,4.900682060586501,-0.10980328116710902,-0.402879292102097,-2.9887430107842117
2025-03-04,175.05999755859375,183.60000610351562,174.17999267578125,180.0,177.1078338623047,36.7085961673084,-0.1121633419978243,-3.5555926071393404,24.80553521050347,0.1106714293858112,-0.23861770034641164,-2.666460484316593
2025-03-05,183.0,184.74000549316406,180.72000122070312,184.27999877929688,181.3190460205078,40.87661026306475,-0.08295600113506418,-3.4960722727882643,37.54972770125731,0.23395875314983022,-0.13861262736799354,-2.0177661336554635
2025-03-06,178.5800018310547,181.5500030517578,175.7899932861328,175.85000610351562,173.02452087402344,35.86654803005176,-0.12118935938154762,-3.7696052953425383,13.58726485064774,0.10399059913723883,-0.33558550867479275,-1.9919768469478125
2025-03-07,175.7899932861328,178.47000122070312,171.02000427246094,177.10000610351562,174.2544403076172,37.097680332727535,-0.10663830736625235,-3.893937063107248,17.456220245253366,0.16575902354667804,-0.3052818566216323,-1.7455963832426544
2025-03-10,172.47000122070312,174.88999938964844,167.91000366210938,170.64999389648438,167.90806579589844,33.5218135342442,-0.10957468200173737,-4.231070172843344,7.878063055039568,0.08912689505316067,-0.3820460629088763,-1.853392127119081
2025-03-11,170.64999389648438,173.3300018310547,168.10000610351562,170.97000122070312,168.22293090820312,33.862430548521544,-0.09716419690079814,-4.442014389449584,8.798153151216448,0.1366412333347385,-0.37453691150119156,-1.7481988188610451
2025-03-12,175.60000610351562,178.1300048828125,174.75999450683594,177.1699981689453,174.32330322265625,40.25007880896862,-0.08966188779315487,-4.2900723084011165,26.624481977693566,0.2788924910937761,-0.21822832071509024,-1.1418204536774645
2025-03-13,173.88999938964844,173.88999938964844,170.5,171.58999633789062,168.83294677734375,36.804787417044885,-0.05246015213374755,-4.3706997698357934,11.91707873152379,0.1937068065291546,-0.35792740731896633,-0.990187151888696
2025-03-14,172.64999389648438,174.3699951171875,171.92999267578125,174.08999633789062,171.29278564453125,39.311233332955034,-0.03567278563951992,-4.27725602622629,21.938207587794917,0.2691186977865387,-0.2937688496209184,-0.6219083856505145
2025-03-17,173.9499969482422,177.16000366210938,173.82000732421875,176.24000549316406,173.4082489013672,41.461533126868446,0.01890506788690982,-4.061457638683693,29.570473455826157,0.33391037629013154,-0.23708052489587475,-0.15770601281200314
2025-03-18,174.3800048828125,174.5800018310547,170.42999267578125,173.1300048828125,171.01193237304688,39.74369467605712,-0.03441915219852543,-3.955949312673145,19.43410685810406,0.29659992344550085,-0.2928128573948093,0.054713361207732625
2025-03-19,173.0,175.72999572753906,171.74000549316406,173.75999450683594,171.63421630859375,40.43387944082118,-0.053413195825101956,-3.8014859862475006,34.75930010852507,0.3296271723173473,-0.2749208517194872,0.2906999816079985
2025-03-20,174.85000610351562,178.6699981689453,174.5500030517578,177.47000122070312,175.29884338378906,44.46785444100378,0.013144509797091253,-3.4707880144329835,56.803306705253355,0.4540711348081637,-0.16955491716469023,0.7225799545187659
2025-03-21,174.91000366210938,177.1999969482422,173.7899932861328,176.72999572753906,174.56788635253906,43.830245302438186,0.001798783688774508,-3.205389244714549,52.406364265243596,0.4563431818017961,-0.16639491814951507,0.9724394092037887
2025-03-24,179.99000549316406,182.92999267578125,179.67999267578125,181.16000366210938,178.94369506835938,48.58320892835991,0.06572423558184126,-2.7616682909984025,78.7284525159773,0.6541747113562506,0.009682361499532487,1.418799357424838
2025-03-25,182.47000122070312,182.50999450683594,179.8000030517578,180.89999389648438,178.68685913085938,48.324736866293385,0.062202745881096755,-2.394058442968758,86.48468532534159,0.6746341235334872,0.0005650042331363299,1.666044792285044
2025-03-26,179.22999572753906,179.5500030517578,171.47000122070312,173.5,171.37741088867188,41.549738530522305,-0.01689901625040746,-2.410250097071906,37.2170467821405,0.33936162056562136,-0.25290814788640775,1.3216495992260393
2025-03-27,171.38999938964844,171.61000061035156,167.5500030517578,168.24000549316406,166.18177795410156,37.52281270826435,-0.015702911510148132,-2.634350247221678,4.486364804358977,0.0666647820207505,-0.46159423521433385,0.7563657355724605
2025-03-28,168.0399932861328,168.6300048828125,164.05999755859375,165.25,163.2283172607422,35.42123043941723,-0.04708002355992125,-2.920077435421311,6.306320876163614,-0.015115661679353628,-0.42221663340183,0.2236325305373521
2025-03-31,160.36000061035156,166.1300048828125,159.72999572753906,166.0,163.9691619873047,36.38372858877049,-0.05443274454280056,-3.0813056024012138,27.025884039764936,0.07758599964458995,-0.21250121533370483,-0.025519559823867333
2025-04-01,166.38999938964844,168.8699951171875,165.05999755859375,168.63999938964844,166.5768585205078,39.785652982371495,-0.0259342947067831,-3.054075113684422,38.405193250615774,0.23861083600170843,-0.10823510118019208,0.03532874812692377
2025-04-02,166.85000610351562,171.75,166.35000610351562,170.38999938964844,168.30543518066406,41.99977918510417,-0.019394624216098166,-2.9183855238132885,45.94829769112129,0.34381366271605307,-0.012368940467695051,0.23110563330725054
2025-04-03,160.05999755859375,161.8000030517578,157.2100067138672,157.3800048828125,155.45462036132812,32.44744343981439,-0.11320224731326467,-3.3855103041904764,0.6609574717382986,-0.15962186613859503,-0.4502498954368962,-0.42975925172344187
2025-04-04,150.88999938964844,151.30999755859375,144.83999633789062,146.8000030517578,145.00405883789062,27.057917318365583,-0.16935433046914727,-4.225818542060251,5.145725655839562,-0.2567642848403278,-0.3776927667163675,-1.4387489069317692
2025-04-07,134.50999450683594,153.75,134.25,146.1699981689453,144.3817596435547,26.772745046742187,-0.19314419215274092,-4.889385099380391,24.48644199339747,-0.10677854817407306,-0.17387014856320354,-1.9825475777692576
2025-04-08,151.97999572753906,152.61000061035156,138.97999572753906,141.3699951171875,139.64048767089844,24.64182971139958,-0.2185184274315648,-5.610733420940304,14.62612199761025,-0.08078691039275088,-0.27126687588471515,-2.4646113200231667
2025-04-09,140.1999969482422,160.6199951171875,137.89999389648438,158.75,156.80784606933594,42.49050960154471,-0.08501449954101847,-5.266489344681986,50.328684647047986,0.315304515396071,0.0813904984245957,-1.478935271637818
2025-04-10,155.5,156.0,146.91000366210938,151.1300048828125,149.28109741210938,38.21667883268861,-0.10169996223448796,-5.317833773553786,34.67544663623267,0.18553594802921353,-0.07322638303954615,-1.1975285542473966
2025-04-11,156.0,158.00999450683594,153.25,157.0800018310547,155.1582794189453,43.03483785254737,-0.049440182789520115,-5.004262107197695,47.306266949161916,0.3265725293952391,0.04750457199529079,-0.514159063923862
2025-04-14,158.3000030517578,158.58999633789062,154.02999877929688,155.83999633789062,153.93345642089844,42.29457924892475,-0.0612048353774185,-4.764722979452743,47.66003285523587,0.32039794588856596,0.022343865702575263,-0.06673194805873006
2025-04-15,156.49000549316406,158.25,156.0500030517578,157.3300018310547,155.4052276611328,43.55110219071853,-0.06706592355383878,-4.448974977569804,61.54667154947917,0.3668934948179733,0.05257746187496325,0.38159862986676707
2025-04-16,150.60000610351562,153.5399932861328,148.49000549316406,151.6699981689453,149.81446838378906,39.988976320101514,-0.10986553569720581,-4.437152496341433,46.45332845052083,0.272409961459734,-0.06226970571972715,0.35540931184297797
2025-04-17,156.0500030517578,157.5,151.4499969482422,151.74000549316406,149.88360595703125,40.05427379070331,-0.0358369174962313,-4.377205656180216,46.6400146484375,0.2954994710680601,-0.06084945954790338,0.39356434808255614
2025-04-21,149.99000549316406,150.27999877929688,145.83999633789062,147.86000061035156,146.05108642578125,37.61119547109648,0.00722067779537916,-4.481745115306894,36.2933349609375,0.23836779246539136,-0.13957830317726394,0.22015737478382746
2025-04-22,148.0,152.60000610351562,147.44000244140625,151.39999389648438,149.54776000976562,41.138747484251255,0.03578014549043185,-4.335328190043771,45.733317057291664,0.33307954134279155,-0.0650136396389614,0.39046791171778406
2025-04-23,159.3699951171875,160.3800048828125,156.0,157.80999755859375,155.8793487548828,46.98415434007452,0.11629049249853485,-3.8429438905899014,85.51722304470132,0.5164642248415542,0.09546903527070533,0.9473136727304272
2025-04-24,157.77999877929688,164.5500030517578,157.38999938964844,164.17999267578125,162.17140197753906,52.07735087879426,0.03420463989940603,-3.087795323293278,98.77884376663421,0.723071178092733,0.36257071940104196,1.7125592646643648
2025-04-25,163.92999267578125,165.91000366210938,161.16000366210938,165.10000610351562,163.08016967773438,52.782903161665516,0.09243683563988614,-2.4155610245053705,97.44157465286982,0.7617284241060057,0.38680452473958366,2.2208584201203285
2025-04-28,165.0,165.32000732421875,160.5,163.39999389648438,161.40097045898438,51.28053975863577,0.040234340464572194,-1.9479482918672693,91.03888293282431,0.7147408157945678,0.3420258789062503,2.3712428570406754
2025-04-29,164.3800048828125,166.0,163.5,164.47999572753906,162.46775817871094,52.21115197964175,0.05544150021862215,-1.5057745332774546,94.59073330140392,0.7535030501402941,0.370473551432292,2.459247810824473
2025-04-30,163.5399932861328,166.9199981689453,161.75,166.69000244140625,164.6507110595703,54.14150661616356,0.05949274382582326,-1.0329504034681292,98.90893876868532,0.8322912766733347,0.4286856282552086,2.5691670777736544
2025-05-01,172.8000030517578,174.77999877929688,170.9499969482422,172.72000122070312,170.60693359375,59.007046014508006,0.13878809860136854,-0.35508002757803947,92.88183350100073,1.0066579097740345,0.515037618770457,2.9220052648272814
2025-05-02,179.8000030517578,180.64999389648438,177.13999938964844,179.27999877929688,177.08670043945312,63.53925471567178,0.1814947959700175,0.49361961655561265,96.0643630759196,1.0709179560236517,0.5412048722898382,3.4353554978851015
2025-05-05,179.0,180.0800018310547,176.25,176.39999389648438,174.24192810058594,60.382888475022966,0.19302041747652754,1.0054188494945056,87.79086383776324,0.9324073635645682,0.47989511554259145,3.4195007272391225
2025-05-06,172.60000610351562,174.74000549316406,170.58999633789062,172.27999877929688,170.17233276367188,56.090280032582065,0.13791295003388515,1.194136211136192,75.95519763223554,0.79925235839628,0.3729085115131579,2.9868225697755157
2025-05-07,174.10000610351562,175.97999572753906,171.3699951171875,174.5399932861328,172.4046630859375,57.859958102762995,0.10601349353236267,1.4340476202376093,82.44756955220426,0.8335443325240263,0.42512676466557014,2.710935892959381
2025-05-08,175.33999633789062,177.4499969482422,173.66000366210938,175.22000122070312,173.0763397216797,58.4031836191407,0.06724328464306528,1.6354975907692204,84.40105413210316,0.8158503889013032,0.4004287645508631,2.4420094705687436
2025-05-09,179.8000030517578,180.4600067138672,176.47000122070312,176.52000427246094,174.36045837402344,59.47865449015962,0.069170204560004,1.8334757851492967,87.56401479473455,0.81496247513754,0.4373181280212933,2.22506195342324
2025-05-12,187.27999877929688,189.1699981689453,184.61000061035156,186.97999572753906,184.69247436523438,66.89509480759666,0.14430832627594947,2.4498879473258355,93.3976407527915,0.9881106278068883,0.5146645830948966,2.624410858777097
2025-05-13,187.72000122070312,194.27999877929688,187.72000122070312,193.99000549316406,191.61672973632812,70.75782214330434,0.17941388423390414,3.212742208523476,99.2138972867151,1.034217469476902,0.5630192215371935,3.1656510077597546
2025-05-14,195.27999877929688,196.22000122070312,193.22999572753906,194.75999450683594,192.3773193359375,71.15594761977601,0.1683965292220071,3.7913085556957173,95.91263531922564,0.9683250551874624,0.5417260517599399,3.3668872273110813
2025-05-15,193.10000610351562,194.49000549316406,191.6300048828125,194.22000122070312,191.8439178466797,70.43173321994624,0.12447902207479622,4.163739489915147,94.40089604800794,0.9068163388216071,0.5311384884895801,3.254213130374864
2025-05-16,194.52999877929688,195.0800018310547,192.57000732421875,194.22000122070312,191.8439178466797,70.43173321994624,0.08333329025051284,4.398001777791149,94.19785341116038,0.8669789860773931,0.5311384884895801,2.9773161178017737
2025-05-19,189.0,193.5,188.80999755859375,193.5,191.1327362060547,69.34044800364228,0.09693882689198707,4.492569237095413,92.10907709782889,0.8303147204560294,0.5137100216901282,2.559830905647445
2025-05-20,191.8000030517578,193.72999572753906,190.80999755859375,193.4499969482422,191.08334350585938,69.26018406765664,0.12288137796893128,4.507903169119824,89.19233810088541,0.8077511057186613,0.49028598809192264,2.112512450008432
2025-05-21,193.10000610351562,195.27000427246094,190.52999877929688,191.75999450683594,189.41400146484375,66.46015583513656,0.09865938701685639,4.392293673903349,82.59849448230861,0.7521776458394407,0.4427231667546251,1.5617480422974443
2025-05-22,191.33999633789062,196.8300018310547,191.33999633789062,196.19000244140625,193.78981018066406,69.89576708275538,0.11967823269369604,4.437434539153939,97.56097844638344,0.8123701192115272,0.5343173273558199,1.3572455552854583
2025-05-23,192.02000427246094,192.8000030517578,190.02999877929688,191.97999572753906,189.63131713867188,63.26354814015268,0.0875821210098604,4.240178427755135,81.51674890167561,0.702989886853778,0.419852894864723,0.832761052591307
2025-05-27,194.10000610351562,198.30999755859375,193.6999969482422,197.67999267578125,195.26158142089844,67.72839014097357,0.05722543429010196,4.275781082527518,97.66145202034505,0.8018671842821578,0.5346188090464261,0.7580099590707254
2025-05-28,196.08999633789062,198.07000732421875,195.47999572753906,196.13999938964844,193.74041748046875,65.4151580632942,0.011082997539217487,4.186620951250167,91.19675981236327,0.7481078322269775,0.49301147748159885,0.5109465293228528
2025-05-29,199.4600067138672,199.8000030517578,196.0800018310547,197.14999389648438,194.73806762695312,66.22980413008531,0.01227144810606906,4.108781517927175,88.64119611106932,0.754744054781872,0.44470543439479654,0.32841281883642104
2025-05-30,195.77000427246094,195.91000366210938,190.55999755859375,193.32000732421875,190.95494079589844,60.41805054469767,-0.004633855796730146,3.8398734557910186,57.34039048028513,0.6353814388375468,0.31519068049168697,-0.10995273222404656
2025-06-02,193.0399932861328,195.16000366210938,192.1999969482422,194.83999633789062,192.45632934570312,61.84888007275368,0.0031922382835867236,3.648114176374843,58.94034799633688,0.6591071005341631,0.366590482090908,-0.34819284758574653
2025-06-03,194.35000610351562,198.1699981689453,193.63999938964844,197.61000061035156,195.19244384765625,64.37618146153815,0.021240252832591233,3.5700531561379965,80.07278119407253,0.7167576395245421,0.4602609330687292,-0.36891834875206975
2025-06-04,201.3800048828125,204.02999877929688,200.3800048828125,202.39999389648438,199.92384338378906,68.28827836478226,0.046265151717206576,3.663316614558012,89.29037613613806,0.8444825738707075,0.49227572152199156,-0.12404816960766585
2025-06-05,204.8800048828125,205.75999450683594,202.27999877929688,203.33999633789062,200.8523406982422,69.00756266000147,0.0603880343846781,3.7291228584072265,85.72272209644096,0.8636377132478013,0.46511354491242807,0.03204613244889298
2025-06-06,203.5800018310547,206.2899932861328,203.22999572753906,205.17999267578125,202.6698455810547,70.42183050865654,0.04582302543210126,3.8091007726785113,93.64988053971433,0.9342993045611696,0.49659997758768787,0.18097605988470633
2025-06-09,206.39999389648438,209.27000427246094,205.8699951171875,207.0,204.4675750732422,71.79292513302639,0.07823738271944292,3.8975853438762633,88.20164436404416,1.0479969115262215,0.4232543193009425,0.31593384293510596
2025-06-10,211.61000061035156,213.22999572753906,209.9600067138672,212.4600067138672,209.86077880859375,75.46704384479574,0.0747673827153219,4.135700403551038,96.68108140104641,1.1648192021474952,0.4859256117423914,0.6637941359558761
2025-06-11,215.0,217.42999267578125,212.9499969482422,214.10000610351562,211.480712890625,76.45891839107715,0.09156734377298781,4.332468312261115,87.84676162758967,1.0850947729693965,0.4101285534537542,0.8845480109104358
2025-06-12,212.9199981689453,215.8800048828125,211.91000366210938,215.42999267578125,213.57249450683594,77.71200625115132,0.09671671856148167,4.512907881382624,92.7007283010504,1.0419842732489346,0.4832166727090484,1.042157906044963
2025-06-13,210.11000061035156,213.25999450683594,209.39999389648438,211.10000610351562,209.27984619140625,69.53233963102024,0.09596455226101908,4.427714936623664,76.44217446017836,0.8547302543589315,0.33322893519012153,0.7421135150698994
2025-06-16,213.0,217.60000610351562,212.72999572753906,215.67999267578125,213.82034301757812,72.7942427056321,0.11100707232911788,4.484914259087402,92.89936086911868,0.9311685957368484,0.4867161526874862,0.7329683668573423
2025-06-17,213.88999938964844,215.94000244140625,213.5,213.89999389648438,212.05569458007812,69.67225412075666,0.08639294841547907,4.405534917091216,86.31652722711097,0.8387624203426816,0.4169006147790492,0.502582408203585
2025-06-18,214.6999969482422,215.1699981689453,212.88999938964844,213.5,211.65914916992188,68.95655701245765,0.05869888047122429,4.275146784632562,84.8372603259195,0.7953067462415457,0.4025173973394257,0.23176786045608289
2025-06-20,215.1999969482422,215.5,208.14999389648438,209.50999450683594,207.70355224609375,62.10343009207767,0.0341106881006914,3.9700536550483214,68.14957212328376,0.6637520971064356,0.25904275559156703,-0.27784859645575466
2025-06-23,206.6300048828125,210.58999633789062,206.1999969482422,210.32000732421875,208.50657653808594,62.90932657514839,0.02879920759942034,3.7165052686055087,69.61604031987406,0.6682521803731951,0.2881694903997502,-0.6061091647562993
2025-06-24,214.38999938964844,220.3699951171875,213.8800048828125,220.08999633789062,218.19232177734375,70.9372772937498,0.06712431885195103,3.846580281860828,98.59930507211861,0.9129606471680864,0.5449482214628375,-0.23523546951903107
2025-06-25,220.8000030517578,223.5,220.8000030517578,222.74000549316406,220.8195037841797,72.6654745844428,0.05221902366797648,3.9995860012162034,96.41849923130799,0.9286304697189041,0.5366248932255431,0.10447535949407083
2025-06-26,224.97999572753906,225.22000122070312,222.6999969482422,224.00999450683594,222.07850646972656,73.47935806298835,0.05011234090449945,4.115840594855104,94.49746970621113,0.9118706974952462,0.5273625384001074,0.3192935762347098
2025-06-27,224.3000030517578,228.8800048828125,224.02999877929688,228.57000732421875,226.59922790527344,76.21760186631396,0.060994433897107125,4.323452960715258,98.65277085168013,0.9659333725128725,0.5584807791856137,0.6519979332917245
2025-06-30,227.44000244140625,228.14999389648438,224.8000030517578,226.49000549316406,224.5371551513672,72.53853418491077,0.07290386168387508,4.353650757433037,89.46208750656808,0.881561893884353,0.49960172322775703,0.619565545361171
2025-07-01,227.42999267578125,228.60000610351562,221.17999267578125,224.67999267578125,222.7427520751953,69.39919919146021,0.04172853214852279,4.257641021648011,81.48143413729004,0.8133679119768051,0.44384415859958615,0.37564261721871794
2025-07-02,224.47999572753906,233.82000732421875,224.0,233.60000610351562,231.58584594726562,75.11498243350593,0.09209916010914942,4.454501860533411,99.20347162181199,1.0059537120190474,0.5511889589162612,0.6899523972758743
2025-07-03,233.8699951171875,237.5800018310547,233.27000427246094,234.8000030517578,232.7755126953125,75.77065998440051,0.09976589062274943,4.593708325846569,91.14085931573726,0.9737632613590486,0.48189550367183465,0.8476786056945684
2025-07-07,231.6300048828125,232.5500030517578,227.44000244140625,229.1699981689453,227.1940460205078,66.86874880947134,0.09383803774006294,4.44389628535009,73.19948262112696,0.7964183413234822,0.31564326156891437,0.46494304900845584
2025-07-08,229.77999877929688,230.3300018310547,227.5399932861328,227.86000061035156,225.8953399658203,64.95646742509537,0.08339671446554164,4.22744027860495,69.02485752630658,0.7384260900277878,0.24951499869836005,0.03577623697013976
2025-07-09,230.4499969482422,233.27000427246094,230.24000549316406,231.83999633789062,229.8410186767578,67.95484621432189,0.05338729064582326,4.149551552815519,81.70807966856631,0.8240152457345383,0.3713785229416682,-0.06539231032610182
2025-07-10,232.77999877929688,233.0500030517578,227.77000427246094,229.75999450683594,227.77896118164062,64.83281506102956,0.031516497764902285,3.965589773305035,75.07964911598233,0.7375821577335953,0.3056660572228811,-0.33892512444251643
2025-07-11,231.0,232.27000427246094,229.39999389648438,230.39999389648438,228.41343688964844,65.36015617925597,0.028525635013604722,3.797716566390018,77.11916246863633,0.732335679644004,0.3258851652305834,-0.5332945512972209
2025-07-14,229.3300018310547,229.85000610351562,226.30999755859375,228.6699981689453,226.69834899902344,62.62635316420209,0.0004374290886437482,3.5611199894555967,62.40504299824299,0.661981693661521,0.271229727889833,-0.8165849078289309
2025-07-15,234.4600067138672,237.7100067138672,233.85000610351562,236.9499969482422,234.90695190429688,69.25463968850862,0.0461829880490785,3.624640946732328,95.50556120027359,0.8737851911333827,0.5290424011157172,-0.5055907065667888
2025-07-16,236.39999389648438,238.30999755859375,234.14999389648438,237.55999755859375,235.51170349121094,69.68125793622266,0.05732600184317094,3.650942097289737,95.62171753522081,0.8506129881505278,0.5308528802805219,-0.32252097127214796
2025-07-17,245.7899932861328,248.27999877929688,241.38999938964844,245.60000610351562,243.48239135742188,74.67007149304996,0.051369915814566625,3.9039640671083955,90.11073036092941,1.0048709178706616,0.5039884217415977,0.24158330473758838
2025-07-18,245.30999755859375,245.97000122070312,238.69000244140625,240.39999389648438,238.3272247314453,66.9921827951679,0.02385006898642139,3.8733804354025194,70.92249775622655,0.8301558976784686,0.3814797144778995,0.17672938419452677
2025-07-21,240.1199951171875,242.33999633789062,238.7100067138672,238.85000610351562,236.79058837890625,64.8516143657026,0.0422394095553551,3.7499883116671096,65.2029868932099,0.7748685689591588,0.34496269247993383,-0.04842025283284457
2025-07-22,237.8300018310547,238.0,231.75999450683594,234.60000610351562,232.57723999023438,59.26034854460181,0.02957962756303467,3.4646470455827423,43.657358469696725,0.6261391854055279,0.16152437281486576,-0.5329485728014127
2025-07-23,238.52000427246094,240.5,236.3800048828125,240.3300018310547,238.25782775878906,63.792815905446446,0.03662013478050419,3.396304174084206,63.81430811778645,0.8218363534902418,0.2532921186787483,-0.5220280619423843
2025-07-24,240.2100067138672,241.9499969482422,238.02999877929688,241.60000610351562,239.51687622070312,64.72943634751915,0.0515320421963914,3.345465054264097,69.59493716601867,0.8407356316951208,0.2946376167916461,-0.48212479506320705
2025-07-25,241.32000732421875,246.24000549316406,240.94000244140625,245.60000610351562,243.48239135742188,67.57453267164195,0.06597227673192263,3.4004118996669863,87.80158157999647,0.947271295237317,0.4409665556697931,-0.2523282530685904
2025-07-28,243.0,243.9499969482422,241.0500030517578,242.75,240.65696716308594,63.635814448180895,0.061573532518856666,3.306497603354598,74.82931965390263,0.8002759263881609,0.3367073837883004,-0.34836337563368147
2025-07-29,241.5,243.97000122070312,239.82000732421875,241.3300018310547,239.24917602539062,61.70590109611824,0.018484868523017672,3.1465955564457575,68.3659692212809,0.7223173579093266,0.2847593830270503,-0.5523251328959082
2025-07-30,242.1199951171875,244.57000732421875,241.22000122070312,242.91000366210938,240.81558227539062,63.04871733943683,0.022520659082140293,3.0375839195880547,75.55760209914254,0.7663019493675781,0.31056932128550924,-0.6221760118363413
2025-07-31,245.97999572753906,247.41000366210938,239.8000030517578,241.6199951171875,239.53668212890625,61.162941748405984,-0.016205316559107952,2.8737862078321443,69.68592038204616,0.6918166333453312,0.22003385686881632,-0.7844698339917935
2025-08-01,235.6199951171875,237.19000244140625,231.83999633789062,235.2100067138672,233.1819610595703,52.72435752171174,-0.021589072241632645,2.4987166055611785,20.88384573109624,0.4169878304859199,-0.06921151027971412,-1.3183364595214364
2025-08-04,237.91000366210938,239.0,236.38999938964844,239.0,236.9392852783203,56.542182365942836,0.0006279679459899601,2.303250413054272,43.82568777680794,0.5612465709054227,0.10180915471730635,-1.4087796867941655
2025-08-05,238.3300018310547,238.6300048828125,230.1699981689453,232.47000122070312,230.46560668945312,49.173839529598254,-0.00907927749452142,1.9053182442328558,12.700182077537564,0.24027614324734306,-0.1928507555774098,-1.8662603389753283
2025-08-06,231.02999877929688,232.1999969482422,228.82000732421875,231.3699951171875,229.3750762939453,48.03816217388311,-0.037282097081135945,1.5346595128944973,13.716989216244746,0.19029003402253472,-0.2424880034115231,-2.1820175201516054
2025-08-07,244.47000122070312,247.83999633789062,240.8000030517578,242.6199951171875,240.52806091308594,58.575214310394884,0.004221768037134366,1.6053693484993372,72.55518277665195,0.7077716642286968,0.26515805937661935,-1.606066877684147
2025-08-08,243.16000366210938,243.16000366210938,238.97000122070312,241.8300018310547,239.74488830566406,57.69052619119002,-0.0153501985540766,1.6151217994533795,68.40169306871914,0.6492739414569171,0.2295106964313746,-1.259480448870856
2025-08-11,242.0399932861328,245.35000610351562,241.5399932861328,242.08999633789062,240.00262451171875,57.91579345185656,-0.002718984864974905,1.6124909871531696,69.76864710138997,0.6481944552236732,0.19264656206628833,-1.0055247195251322
2025-08-12,243.72000122070312,244.77000427246094,241.6999969482422,244.2899932861328,242.1836700439453,59.86328791266225,0.012265429989373411,1.6648511685305099,81.3354095567247,0.7591055774078913,0.3047250045086366,-0.6979079947975313
2025-08-13,246.42999267578125,246.42999267578125,239.94000244140625,241.44000244140625,239.35824584960938,56.232914548414314,-0.006051669962596873,1.5913787100934533,66.35122190720533,0.5714265500871467,0.159533563861902,-0.6906939032042141
2025-08-14,237.97000122070312,241.3800048828125,236.82000732421875,241.0,238.9220428466797,55.67159001270233,-0.0025659505540608363,1.5008898888664801,64.03785337113536,0.5612762011575396,0.1491273058674967,-0.7180957909977632
2025-08-15,240.3300018310547,240.8000030517578,237.25999450683594,238.8800048828125,236.82032775878906,52.930043865999615,0.015603122482914733,1.3423403606238333,52.89171067008746,0.4274038147379676,0.03862697453818425,-0.8704102565692082
2025-08-18,239.99000549316406,242.86000061035156,239.99000549316406,241.41000366210938,239.32850646972656,55.73175623066275,0.010083685314572266,1.2869994824313207,66.19349952747467,0.5845108172507084,0.1704976453958057,-0.7968564362307182
2025-08-19,240.02000427246094,240.1699981689453,232.5800018310547,232.6999969482422,230.69358825683594,45.656296574902754,0.0009892216485474226,0.9388670516266592,20.399536620312652,0.04094841047328131,-0.2834941106816403,-1.2948987792506896
2025-08-20,228.13999938964844,229.02999877929688,223.6999969482422,228.60000610351562,226.62896728515625,41.82339286145356,-0.011972133385886763,0.5172548161211339,20.298298588087903,-0.07234302730906461,-0.2606673400592527,-1.830481292073423
2025-08-21,228.14999389648438,230.3300018310547,226.25999450683594,227.3300018310547,225.3699188232422,40.684039666593605,-0.06302026479696732,0.13663096833630808,15.037303125902712,-0.025863599977991,-0.312823449990803,-2.1783000153469922
2025-08-22,228.0,234.4499969482422,226.1699981689453,232.99000549316406,230.98110961914062,47.54274223191262,-0.036554600802791715,0.027394911854276918,38.483880612298435,0.25962034622564606,-0.08037974917179667,-1.9467913950413056
2025-08-25,234.3000030517578,237.27999877929688,232.25,235.58999633789062,233.5586700439453,50.381031391817494,-0.026849516670426232,0.02951604047313693,49.254348344130584,0.3972414481951866,0.026395747513177588,-1.5534697554269459
2025-08-26,236.3699951171875,238.8300018310547,235.72999572753906,238.72000122070312,236.6616973876953,53.63352579643679,-0.022800763797360957,0.13676265759537107,62.22040038203862,0.5541597953049916,0.15493872274956558,-1.0422706774430142
2025-08-27,236.8699951171875,239.39999389648438,235.44000244140625,239.2899932861328,237.22677612304688,54.222008369099534,-0.008904935441003015,0.2382759224171284,68.58776624846521,0.5930143940881433,0.1783471216575571,-0.6435766105125595
2025-08-28,236.3000030517578,240.66000366210938,236.0,238.27000427246094,236.215576171875,52.92744526813015,-0.011327823262173742,0.28052194155040444,64.10035223440941,0.5515021784752212,0.136458141676659,-0.4354262887473215
2025-08-29,235.83999633789062,235.9499969482422,230.5800018310547,230.8699951171875,228.87936401367188,44.60661895941155,-0.033531596802810704,0.0606368257398089,31.544212567793544,0.19846248625601232,-0.16744460661209998,-0.7602717569061489
2025-09-02,226.14999389648438,229.33999633789062,225.6300048828125,228.38999938964844,226.42076110839844,42.21155003277997,-0.053933171404138,-0.19707286315289474,20.63353859641939,0.12692006027694708,-0.26929228546198924,-1.0891492834638479
2025-09-03,231.52000427246094,232.4499969482422,228.60000610351562,231.38999938964844,229.3948974609375,45.98948271376312,-0.005629505378591526,-0.29543621673041787,40.13570444463912,0.26929003862927753,-0.14608862234116862,-1.0541266036321708
2025-09-04,231.35000610351562,235.30999755859375,230.3000030517578,235.2100067138672,233.1819610595703,50.43305010621014,0.028915075830393544,-0.23919546470791078,60.073108380386564,0.43311393155410743,0.010790569638295867,-0.7385725856461709
2025-09-05,240.24000549316406,244.5500030517578,237.89999389648438,243.41000366210938,241.31126403808594,58.35376796491688,0.0707341303492528,0.08579354041257863,94.5323786286268,0.8105121427711646,0.3928029212564438,0.015066106530420703
2025-09-08,241.99000549316406,247.8800048828125,241.6199951171875,247.19000244140625,245.0586700439453,61.41471740128273,0.06094680403958952,0.4652495250481171,97.1463928247114,0.9411480484583952,0.5013195238603081,0.7241040332174475
2025-09-09,246.92999267578125,254.72999572753906,246.92999267578125,250.9199981689453,248.75650024414062,64.21010339446724,0.06507071733768544,0.8793513966813697,87.72156716572039,1.019727325084345,0.4254928869354661,1.3632039327471974
2025-09-10,258.8699951171875,264.5799865722656,257.75,260.44000244140625,258.1944274902344,70.15342172366718,0.09098527704406889,1.5044296452856256,89.37102419234154,1.1787342500911584,0.46179743877726576,2.288177925029038
2025-09-11,260.3500061035156,261.6400146484375,258.2300109863281,258.9100036621094,256.6776123046875,68.19344065091889,0.08199258321308434,1.9191640105266194,85.44291251440673,1.0276722149259625,0.42469333969365186,2.639522305170435
2025-09-12,260.8500061035156,260.95001220703125,258.3800048828125,259.3299865722656,257.093994140625,68.4539907463114,0.08838713478216387,2.23047864129237,86.52117466483536,0.96344506047637,0.4348788079329297,2.7302648168548824
2025-09-15,260.0,262.79998779296875,258.75,261.3800048828125,259.1263122558594,69.7562423172584,0.1321523605788275,2.5102664924735736,91.78438204421643,0.9417571646868523,0.48459306016062764,2.7498127061098545
2025-09-16,265.9200134277344,266.44000244140625,260.6099853515625,262.05999755859375,260.62005615234375,70.71319741909029,0.15104310610267957,2.7443057977959286,89.26732383033392,0.9152846942253409,0.4818290701672144,2.683074524818747
2025-09-17,264.3399963378906,264.80999755859375,259.7300109863281,262.7900085449219,261.3460693359375,71.1903387210711,0.13928457968617547,2.9152999836667592,91.05612811849885,0.8788553694387772,0.4988158060184737,2.51064238178121
2025-09-18,258.0,270.5400085449219,257.9800109863281,268.6400146484375,267.1639404296875,74.74161815797895,0.14573159611362874,3.195929764604446,95.76933034613087,0.9293111055524079,0.5428259220677205,2.6002307035008583
2025-09-19,266.3699951171875,266.57000732421875,262.80999755859375,264.8699951171875,263.41461181640625,68.85137270173965,0.09159683393325468,3.256340748204334,87.37472062929673,0.826846339954273,0.4593405444781265,2.2328692221624715
2025-09-22,266.5400085449219,276.3599853515625,265.45001220703125,272.6300048828125,271.1319885253906,73.48356798562075,0.106396229428527,3.5036407282784108,92.19015475409249,0.9109899036220074,0.5149446315992106,2.325047337476173
2025-09-23,282.3999938964844,286.0,280.0,282.7099914550781,281.1566162109375,78.04990174630589,0.1302483188780914,3.9589437318604954,94.0933416065013,0.9949233296246113,0.5377716716779462,2.8423679540624978
2025-09-24,280.30999755859375,281.2099914550781,276.7200012207031,280.7099914550781,279.1675720214844,75.27982359758866,0.0812300433247859,4.199023791372395,89.00206263272132,0.9052277714918904,0.5048241091414231,2.825878048060691
2025-09-25,273.1199951171875,277.1400146484375,270.19000244140625,276.6600036621094,275.13983154296875,69.87197630574218,0.07192765692539549,4.210937808557426,78.95449456899942,0.809713282550695,0.43810652086437984,2.339124894160241
2025-09-26,273.8900146484375,275.5,270.6199951171875,273.3599853515625,271.8579406738281,65.72866129849068,0.05742625992705053,4.0704707582798685,67.6477801922443,0.7368800662115195,0.3837435734636062,1.6254032924783957
2025-09-29,276.489990234375,279.8699951171875,273.2300109863281,273.2300109863281,271.72869873046875,65.56377941735231,0.048634144347972974,3.9085950339007116,54.79649906664823,0.7146892156773451,0.38160274268983363,1.0043267969577414
2025-09-30,275.32000732421875,279.489990234375,273.8299865722656,279.2900085449219,277.7554016113281,69.41649057078735,0.06574837605348383,3.9152722170785017,76.05284052108622,0.7907272027290143,0.4743658664574033,0.8644452686677138
2025-10-01,278.44000244140625,290.4800109863281,277.1700134277344,288.4700012207031,286.88494873046875,74.13695529350733,0.09772054142395858,4.1418588161161605,93.8153545673077,0.9179959254102538,0.5582615190784278,1.229546269249095
2025-10-02,296.5199890136719,296.7200012207031,287.0299987792969,288.1099853515625,286.52691650390625,73.6568152330796,0.07247600871239102,4.254746281172754,77.77486308837338,0.892005701545879,0.4447071838224688,1.2837438042516922
2025-10-03,292.8599853515625,296.05999755859375,290.489990234375,292.19000244140625,290.5845031738281,75.58652982546249,0.10314496667466067,4.40678506100676,88.30665998651367,0.930952143005127,0.5066479606672222,1.4191005163667842
2025-10-06,300.010009765625,307.29998779296875,299.94000244140625,302.3999938964844,300.7384033203125,79.61147816182758,0.10919558018934872,4.759600207793943,90.06489010387243,1.0458092328928583,0.5093105018491524,1.9840486727089797
2025-10-07,306.6199951171875,307.1000061035156,293.2799987792969,294.0299987792969,292.4143981933594,69.49623746160498,0.04004096412220193,4.735291577433083,73.09408910369733,0.8593674907555718,0.3175843942120675,1.6049021127837015
2025-10-08,295.0,306.3999938964844,293.9800109863281,304.5199890136719,302.84674072265625,73.96153229693579,0.08482062773161037,4.951134160212727,93.75140618226318,0.977635752600771,0.5277070323497617,1.847219156657692
2025-10-09,302.30999755859375,302.8299865722656,297.4200134277344,299.8800048828125,298.2322692871094,69.14035460503646,0.08392982439016383,4.926866448233263,82.27004244024093,0.8571513185828031,0.4341451182061694,1.501892186545243
2025-10-10,299.9599914550781,300.20001220703125,280.3299865722656,280.6600036621094,279.11785888671875,53.56461011581502,0.02670482309582778,4.316373534812302,28.21343398957254,0.5050053866024153,0.046585925400202996,-0.12243140290826737
2025-10-13,298.239990234375,304.6300048828125,292.32000732421875,302.8900146484375,301.2257385253906,63.73935639632521,0.10855327366131595,4.405355528368638,88.1164783473956,0.8744294859689525,0.4948399812637327,0.16773372498364125
2025-10-14,295.6300048828125,301.75,291.3399963378906,295.94000244140625,294.31390380859375,59.36010301347586,0.05961541018178451,4.229236241062086,69.38833242874296,0.7253016236652622,0.35469728119931904,-0.20970031829169145
2025-10-15,306.2900085449219,306.6099853515625,300.07000732421875,304.7099914550781,303.0357360839844,62.830492922134404,0.05629708851923576,4.281274290588768,92.93893987170634,0.8604551839394123,0.5315390568875891,0.012395181507340425
2025-10-16,310.92999267578125,311.3699951171875,296.69000244140625,299.8399963378906,298.1924743652344,59.7778175756347,0.04071365442265207,4.136825700596191,69.76926172874872,0.7415900103273764,0.3466342377580893,-0.26709928830580765
2025-10-17,298.3999938964844,303.29998779296875,294.9200134277344,295.0799865722656,293.4586181640625,56.86943921325559,0.009890806147067943,3.8458298760711087,56.60627374277606,0.6270930386348434,0.22794373651729985,-0.8387382938617929
2025-10-20,300.0,303.6499938964844,297.05999755859375,297.70001220703125,296.0642395019531,58.07844710431275,-0.015542291129945873,3.644839626883533,60.02926833621108,0.6660793252343121,0.24632058432501924,-1.093221608965166
2025-10-21,299.0,299.3699951171875,293.6600036621094,294.510009765625,292.89178466796875,56.019468454565306,0.001632568291981551,3.3587841425460354,45.68305183562592,0.5784167498935884,0.16928184226010973,-1.5018290951948075
2025-10-22,293.0,295.20001220703125,284.3999938964844,288.8800048828125,287.2926940917969,52.483057676844474,-0.05135946516625578,2.9435341339759202,27.545154500112574,0.4332315944954714,0.03331555833542101,-2.137057998091178
2025-10-23,289.79998779296875,294.0899963378906,289.6300048828125,290.7300109863281,289.1325378417969,53.52136336736341,-0.030512229501738264,2.6352760613404738,33.50522406916005,0.45871268749715854,0.07229552698427867,-2.401422868362543
2025-10-24,295.57000732421875,297.95001220703125,294.3900146484375,294.9599914550781,293.33929443359375,55.89448900604017,0.0509513637127994,2.479087784514912,47.132734714423776,0.5456092634965658,0.14524939208863072,-2.2629547279746465
2025-10-27,298.6499938964844,300.4800109863281,293.69000244140625,298.25,296.6112365722656,57.70339410967659,-0.015319082544920204,2.4176062559831877,57.73198612944994,0.6257092936259911,0.22485255233064277,-1.9337573323323252
2025-10-28,298.32000732421875,302.1300048828125,296.0799865722656,301.5299987792969,299.8731994628906,59.48730101895935,0.01888900110513414,2.429950555000728,68.29898959708746,0.7280127214104277,0.2818362043964973,-1.4985010341665586
2025-10-29,305.79998779296875,307.9599914550781,302.3800048828125,305.0899963378906,303.41363525390625,61.390663052454535,0.0012470449023780361,2.5065509746086727,79.76805073939234,0.8315992032257907,0.36167404404007736,-0.9983990480662612
2025-10-30,303.0799865722656,307.30999755859375,300.82000732421875,303.2200012207031,301.55389404296875,59.80130637017253,0.011272650944293083,2.485990888929318,69.78126241155617,0.7351529963805118,0.3017597173978654,-0.826220340609666
2025-10-31,305.989990234375,307.67999267578125,296.67999267578125,300.42999267578125,298.77923583984375,57.41310077411236,0.018130725582598872,2.365877517849305,59.43640361051108,0.6083850034604864,0.21236998030712181,-0.9251082253791081
2025-11-03,302.5899963378906,310.1199951171875,302.1199951171875,304.8599853515625,303.18487548828125,60.13538095723292,0.02405098298364794,2.3628334140010336,75.86203384882427,0.7779201793950626,0.35430420825881676,-0.7283731892216476
2025-11-04,296.8800048828125,301.989990234375,293.510009765625,294.04998779296875,292.43426513671875,51.4865156013932,-0.0015620770373216963,2.044048222732235,35.78047259811282,0.3471057547912055,0.007957320628165862,-1.3222369664830627
2025-11-05,292.6199951171875,298.2200012207031,291.5,293.6400146484375,292.02655029296875,51.185847707916274,0.016477468096210313,1.7600894849295001,35.925428901284185,0.3491963130586694,-0.005177818917944279,-1.7174283691072239
2025-11-06,294.1000061035156,294.6400146484375,287.3800048828125,289.239990234375,287.65069580078125,47.94940580490409,-0.00512513068254683,1.399239226275117,18.818025303959573,0.2025752564910953,-0.14615247380100121,-2.2167022252962507
2025-11-07,285.2099914550781,287.8900146484375,277.1300048828125,286.5,284.92578125,45.998930962792656,-0.02868184843711219,1.0261577874742145,28.40253983289794,0.03339408055664269,-0.15431955050731958,-2.6446287434870825
2025-11-10,294.3599853515625,297.1300048828125,291.75,295.2699890136719,293.6475524902344,52.63956159109722,-0.009991813244435765,0.9593852796155827,54.98632767692615,0.4343253074430408,0.10040514948626317,-2.2688751277523753
2025-11-11,292.05999755859375,294.9200134277344,288.9100036621094,291.1700134277344,289.57012939453125,49.57056366900805,-0.034358088974984824,0.7850715396223497,42.55838951504881,0.26541982366699657,-0.018678502926979187,-2.220731455290384
2025-11-12,293.70001220703125,294.8699951171875,289.5799865722656,290.6199951171875,289.02313232421875,49.15651695839009,-0.047428662583489545,0.62457621547483,40.891161647931206,0.2637004147246101,-0.03465388920975172,-2.150086081860633
2025-11-13,289.1700134277344,289.5,280.0,282.20001220703125,280.6494445800781,43.206827415551516,-0.06932243249331715,0.26208933622700614,15.368320172874405,-0.016255251936537863,-0.27531795274075477,-2.563621058534714
2025-11-14,275.9100036621094,286.8599853515625,273.2300109863281,284.82000732421875,283.2550048828125,45.420492252369364,-0.051958868270728154,0.045720560301042094,31.417731969679295,0.1348311040385677,-0.11024618571472233,-2.552439739924483
2025-11-17,281.44000244140625,286.5299987792969,279.79998779296875,282.010009765625,280.46044921875,43.46372574013932,-0.07495237429945478,-0.20219850035948272,23.80049486644314,0.08902677662080939,-0.1859999636005953,-2.6144458776224972
2025-11-18,277.54998779296875,280.19000244140625,272.7200012207031,277.9100036621094,276.38299560546875,40.70804818855075,-0.05488847048667744,-0.508531114915357,13.877014140085498,0.02778794054980687,-0.2840589576858209,-2.794986729892
2025-11-19,276.9200134277344,284.54998779296875,276.32000732421875,282.3699951171875,280.8184814453125,44.807434792981375,-0.038380307668641866,-0.6203181438853097,25.802126928666375,0.1915685016216697,-0.1654630602608032,-2.4907123468054557
2025-11-20,292.2099914550781,292.8500061035156,276.4100036621094,277.5,275.9752197265625,41.438385385514295,-0.04058907642032905,-0.8370993740345417,12.780747484951323,0.0952183379990738,-0.2949620578316362,-2.4849868876662895
2025-11-21,272.80999755859375,278.69000244140625,266.82000732421875,275.05999755859375,273.5486145019531,39.822781949681364,-0.03993028183737546,-1.067133871506171,23.429042474727755,0.08772715533756252,-0.22660487125525255,-2.5067970887485282
2025-11-24,273.19000244140625,285.05999755859375,273.19000244140625,284.6400146484375,283.0760192871094,48.3391372191276,-0.03600075367042799,-0.9672590556695285,56.75162671357692,0.35556001601252546,-0.00657236614901894,-1.7761322917083597
2025-11-25,282.7300109863281,285.3999938964844,273.0799865722656,284.67999267578125,283.11578369140625,48.37197786562221,-0.022289404354725928,-0.8768510057968635,58.924403794610946,0.3745533210497236,-0.005654019370562524,-1.2135642792165715
2025-11-26,289.1000061035156,292.80999755859375,287.7300109863281,289.9599914550781,288.36676025390625,52.652324925819734,-0.0022710018573053325,-0.6480978876170509,76.34439457187791,0.5434964285926612,0.11561568138793694,-0.4505134754523865
2025-11-28,292.4800109863281,292.6700134277344,289.0,291.510009765625,289.90826416015625,53.861654697382406,0.03299069269113164,-0.41847675014942165,81.45827921522194,0.617361867741257,0.1512162435317516,0.16249260629193385
2025-12-01,286.9200134277344,291.1600036621094,283.19000244140625,287.67999267578125,286.0992736816406,50.43383463032562,0.010041371731471571,-0.3407543785181192,74.23480719085211,0.5140164371259486,0.06324877119139805,0.3074923659500539
2025-12-02,292.0,294.5,289.17999267578125,292.0899963378906,290.48504638671875,54.05924653079016,0.035743354173086495,-0.1533503481443182,90.08912659850165,0.7324335247210216,0.290876046683153,0.6738235073263239
2025-12-03,292.17999267578125,296.6199951171875,286.07000732421875,295.45001220703125,293.8266296386719,56.66029719675778,0.0631139914920944,0.08791157326894024,96.0738812435611,0.8666000975760075,0.478083680381762,1.091503675542599
2025-12-04,293.9800109863281,294.0299987792969,290.20001220703125,292.92999267578125,291.3204345703125,54.18254774130025,0.03739765656073879,0.2056801843946702,87.61743639949779,0.7641537684420915,0.42632824874798386,1.1437936257935362
2025-12-05,296.04998779296875,300.79998779296875,293.25,294.7200012207031,293.1006164550781,55.665590455488584,0.0620541103128156,0.3446314396148698,82.10715106838528,0.8150952723468522,0.391414486068601,1.2352625669629116
2025-12-08,301.20001220703125,302.6199951171875,296.7200012207031,301.8699951171875,300.2113037109375,61.08412018999466,0.0974696554670138,0.6450619267589927,97.90502721862016,1.0050570958020062,0.5507180942021698,1.683858174068083
2025-12-09,299.989990234375,304.67999267578125,298.5,303.4100036621094,301.74285888671875,62.15695380527615,0.06594285042802084,0.9132079708424251,96.64556390638049,0.9980950295862709,0.5404211588623531,1.9728927048260783
2025-12-10,305.3699951171875,313.9800109863281,302.5,310.1400146484375,308.4359130859375,66.50294218004663,0.08943383185633325,1.2928290053540825,91.85751475889757,1.0783676361421521,0.5004406813003492,2.471663964355615
2025-12-11,305.32000732421875,305.8399963378906,299.6400146484375,304.8500061035156,303.993408203125,61.45786089544358,0.05419018452563518,1.4522178102229955,80.64036434724031,0.9028456421276719,0.40623999135464794,2.359468940538717
2025-12-12,304.2799987792969,304.2799987792969,290.9800109863281,292.0400085449219,291.21942138671875,49.76687988349853,0.004522662471733385,1.2148192092047172,46.356994266578724,0.5636633925179668,0.13537515198930483,1.333140115118077
2025-12-15,295.1499938964844,295.79998779296875,287.54998779296875,287.739990234375,286.9314880371094,46.56476315590087,0.002908830717252453,0.8986533266673079,35.84350834047151,0.4471564612234325,0.04445206003342977,0.32617339681734725
2025-12-16,287.260009765625,288.4599914550781,283.32000732421875,286.8699951171875,286.0639343261719,45.92097808069071,-0.015219757834491476,0.6166242653108586,11.951905341020709,0.41551735808789003,0.02605609642932737,-0.39833344577996765
2025-12-17,288.5299987792969,289.1000061035156,275.0799865722656,276.9599914550781,276.1817626953125,39.26214363612516,-0.06005196657994494,0.11718462103944557,4.832914403346419,0.15272700546984305,-0.18348951136287875,-1.4822040379244976
2025-12-18,285.0,287.1600036621094,281.75,284.67999267578125,283.88006591796875,45.8495771407888,-0.025540153622652828,-0.06550910756610816,24.678663440748867,0.35178196482680835,-0.020251542218244458,-1.609175502022999
2025-12-19,286.3800048828125,292.1700134277344,286.3800048828125,288.95001220703125,288.1380920410156,49.13558664897973,-0.01693112922818807,-0.09070470028293737,35.65557051360503,0.4471548726910462,0.07003738467740757,-1.3456078878312434
2025-12-22,294.6700134277344,295.010009765625,291.2099914550781,293.2799987792969,292.4559020996094,52.296803854329205,-0.025833143240987066,0.009648858194871239,46.78663440748865,0.5488045201472855,0.09173848316535052,-0.844192411561739
2025-12-23,293.3999938964844,297.9100036621094,292.20001220703125,296.95001220703125,296.1156311035156,54.85771166671726,-0.0186490835407499,0.1886153166741414,56.221110305677676,0.6476230375609531,0.18121835649882315,-0.26005664128089456
2025-12-24,297.739990234375,299.1600036621094,296.2300109863281,298.79998779296875,297.96038818359375,56.13600233361922,-0.033963376046371785,0.3766703266140418,60.97682862154775,0.687036162833366,0.20618476224546411,0.23007069802722735
2025-12-26,299.8999938964844,303.3800048828125,298.5199890136719,302.8399963378906,301.9890441894531,58.87479884734467,-0.006593445645810103,0.6287714242284437,71.3624481829108,0.7890416669101932,0.30974911899180596,0.7744290388220922
2025-12-29,301.7799987792969,304.5,298.6499938964844,300.9200134277344,300.074462890625,57.051666480975676,0.030406768414484864,0.7658978846470297,66.42676256554607,0.7079381620563,0.260531121634046,0.9431935562561877
2025-12-30,302.3599853515625,304.54998779296875,299.45001220703125,299.5799865722656,298.7381896972656,55.75397711881846,0.041148156101393996,0.8277951649559908,62.9819656132225,0.6478214106857061,0.22617964722015574,0.9024527701499301
2025-12-31,304.0,307.3900146484375,303.42999267578125,303.8900146484375,303.0361328125,58.985380582271404,0.05933008831157416,0.9824445250285805,89.16744983400001,0.7594420350478871,0.33666654742067725,1.0900394677527472
2026-01-02,311.9800109863281,321.5899963378906,311.70001220703125,319.6099853515625,318.7119140625,68.12814455332853,0.15399333740261234,1.5107049827957633,95.74282827222382,1.091820540620183,0.5561190782394168,2.1345264326622564
2026-01-05,330.3999938964844,331.25,321.5,322.25,321.3445129394531,69.36329827471747,0.13197279950016028,1.970489865463903,83.97721586522502,1.0389743289260638,0.4416516878656122,2.824097706263365
2026-01-06,330.2200012207031,333.0799865722656,324.5899963378906,327.42999267578125,326.50994873046875,71.68218909154363,0.13317175947701831,2.4368048696242823,90.25863121295798,1.0359511570470326,0.5047234854862607,3.4102692795450187
2026-01-07,324.6700134277344,326.29998779296875,318.5400085449219,318.67999267578125,317.7845458984375,63.00680077415731,0.08660671101861128,2.541478956721643,75.17242431640625,0.8303823302058682,0.3542855056236529,3.0066502784718736
2026-01-08,324.3900146484375,324.5,316.1400146484375,318.010009765625,317.1164245605469,62.384204036323624,0.07092092159663754,2.5750690939519103,70.64098821568139,0.7920193868234279,0.3427661722117456,2.5111522133179447
2026-01-09,319.8299865722656,324.7699890136719,318.25,323.6300048828125,322.72064208984375,65.46669545633497,0.08309914635697657,2.7142745735083147,79.76448523621725,0.8601975618499025,0.4393906123720365,2.3786035474671863
2026-01-12,322.1000061035156,333.54998779296875,321.05999755859375,331.7699890136719,330.8377685546875,69.38052072245918,0.09552904292493514,2.9960019055726477,95.79594016708988,0.9342385229210829,0.5716134909926954,2.635439612717965
2026-01-13,332.8699951171875,336.4200134277344,330.7799987792969,331.2099914550781,330.2793273925781,68.80278515365903,0.10065789741315845,3.1631093748066617,88.21795154040612,0.8752401067767117,0.5178910442340511,2.5632095546291147
2026-01-14,329.8599853515625,329.8599853515625,324.82000732421875,327.1099853515625,326.19085693359375,64.56392031114495,0.09189540602139967,3.1515632370715827,76.83496513904139,0.7844638815113892,0.451238473823253,2.057393348507233
2026-01-15,342.80999755859375,351.3299865722656,337.9200134277344,341.6400146484375,340.6800537109375,71.30988381224866,0.12422254913650588,3.4656288623565534,81.65125474001981,0.9351537122962431,0.47832874935963116,2.487223572699678
2026-01-16,346.510009765625,349.8500061035156,341.4599914550781,342.3999938964844,341.4378967285156,71.61426519445115,0.07130572050582029,3.683801398120057,83.04860683876544,0.9106807177654027,0.4758313918834102,2.5989946386787217
2026-01-20,340.7900085449219,342.1499938964844,326.8999938964844,327.1600036621094,326.24072265625,58.26488907248792,0.015236637065962233,3.434865478985865,53.41172927341893,0.6739903517590299,0.23171407253083584,1.48141761079909
2026-01-21,333.42999267578125,333.6400146484375,325.67999267578125,326.1199951171875,325.2036437988281,57.47749366474532,-0.004000812032588175,3.1749776423313585,47.36953096578909,0.6393388637691992,0.18343005829406078,0.5521819942810833
2026-01-22,333.4200134277344,335.04998779296875,326.8999938964844,327.3699951171875,326.45013427734375,58.20852421957216,0.02726875328190359,2.965725806360164,39.54073440911138,0.6411710610680819,0.19723451579322795,-0.06581928214275479
2026-01-23,332.07000732421875,337.1499938964844,331.3699951171875,334.8699951171875,333.9290466308594,62.38674820559346,0.05301719106353775,2.950989781007083,53.22533507356225,0.7513018479844786,0.30219332755843775,-0.058459636251347646
2026-01-26,332.7900085449219,335.1000061035156,330.2300109863281,332.7099914550781,331.7751159667969,60.510406048640874,0.02805669268107236,2.8517635136976125,47.087212352734575,0.6923980993147554,0.24771271521510194,-0.2741339802739091
2026-01-27,336.5,341.25,334.55999755859375,338.3399963378906,337.3893127441406,63.5846920573607,0.019802890758435776,2.877255862589502,63.08610230638146,0.7792684497184384,0.3533706194698465,-0.12192715044847624
2026-01-28,343.0299987792969,345.5,338.6600036621094,342.29998779296875,341.3381652832031,65.61251478460426,0.03348328815469648,2.9580208496092233,74.33928393337987,0.8394930085224004,0.4254050457558018,0.14688105647282512
2026-01-29,339.79998779296875,343.739990234375,328.20001220703125,339.54998779296875,338.59588623046875,62.98927481427168,0.03802997243236783,2.9191310034169606,64.38934836456896,0.7748692157850551,0.3521523598245913,0.047334219098697616
2026-01-30,335.4200134277344,339.8999938964844,329.1000061035156,330.55999755859375,329.63116455078125,55.2172220683264,-0.032431863972673614,2.6386773690153422,31.3842201783066,0.5135521738858548,0.07046439421066683,-0.6750816500599086
2026-02-02,330.760009765625,344.20001220703125,329.1000061035156,341.3599853515625,340.40081787109375,61.38189066499485,-0.0030373864979800214,2.6479291006647494,62.391516313851255,0.82517550824965,0.307423773203655,-0.4890891707285512
2026-02-03,345.07000732421875,347.04998779296875,330.0199890136719,335.75,334.80657958984375,56.993099635188166,0.02625624681017924,2.489693584653629,41.22972927859428,0.6274318664400356,0.14845125985925012,-0.7866645702868862
2026-02-04,335.6000061035156,338.79998779296875,319.07000732421875,325.739990234375,324.82470703125,50.10859620257562,-0.0011652291565728001,2.0975742912162865,20.67571977920622,0.30066409553802503,-0.13520547565052568,-1.6499471554867107
2026-02-05,322.82000732421875,334.57000732421875,319.6499938964844,330.7300109863281,329.8006896972656,53.146959126247296,0.010263605580493662,1.8863697226685616,37.88175479055601,0.439540191666856,0.006197952484813261,-1.8642134059794522
2026-02-06,337.5,349.7200012207031,336.6499938964844,348.8500061035156,347.8697814941406,62.15892499609275,0.04174759579597742,2.1330847306784304,97.16151618128939,1.029581626657448,0.5133988366783053,-0.8206360442195519
2026-02-09,348.760009765625,359.6000061035156,347.79998779296875,355.4100036621094,354.4113464355469,64.79872014066461,0.06822763184872294,2.453915526081525,89.66197244608222,1.1141852169233195,0.4899797724094888,0.22283783751772912
2026-02-10,364.3299865722656,364.760009765625,356.3900146484375,361.9100036621094,360.89306640625,67.23752344015735,0.06966359862125637,2.8244783240064684,93.76229820260892,1.125143283141938,0.53336565653867,1.2072191761134583
2026-02-11,370.0799865722656,379.5799865722656,368.3900146484375,374.0899963378906,373.0388488769531,71.25619485574438,0.0928717817635436,3.3573471425885044,90.9271325116969,1.1804030533160934,0.5098998522789339,2.4616752968681137
2026-02-12,379.0,380.0,322.1000061035156,368.1000061035156,367.065673828125,66.90951096880458,0.08408190635333934,3.5887235653957057,80.46939877408775,0.9792471856470113,0.4057182385249783,2.657728200466309
2026-02-13,369.1499938964844,371.1099853515625,360.7699890136719,366.3599853515625,365.33056640625,65.65660165121524,0.10830105188664318,3.6838712229770127,77.61362828152907,0.8954969091531378,0.37724117254028666,2.4445231299413184
2026-02-17,361.8699951171875,366.20001220703125,356.239990234375,364.20001220703125,363.1766662597656,64.05314896234728,0.06690891206171212,3.66389969088714,74.06862023266088,0.8252491405647627,0.341890763786003,1.953681715984283
2026-02-18,363.8599853515625,369.3900146484375,360.7099914550781,362.260009765625,361.2420959472656,62.57498656012741,0.07895757720713492,3.560578268251149,70.88463422476929,0.7664770095662865,0.31014005731876,1.3240982204609004
2026-02-19,359.7200012207031,362.79998779296875,357.44000244140625,360.3900146484375,359.3773498535156,61.11105320735747,0.10637319783356713,3.3957732174568087,67.8155461860786,0.7146210355286415,0.2795353253656047,0.6419958141018149
2026-02-20,359.7799987792969,372.20001220703125,359.1000061035156,370.5400085449219,369.49884033203125,65.78938358712074,0.12037012618501741,3.4538693611058644,84.47399869975969,0.840464272932938,0.4456520444726261,0.7262028848386031
2026-02-23,367.010009765625,373.42999267578125,366.4599914550781,370.0400085449219,369.000244140625,65.37218113614415,0.06074244953305974,3.4459483469594563,83.65338478197934,0.7991214514437384,0.43746894499222133,0.6068993320579139
2026-02-24,379.3999938964844,389.17999267578125,376.04998779296875,385.75,384.66607666015625,71.4897778170142,0.0853661445348548,3.7439840934612,95.10769734356418,0.9693211063178322,0.5536166458602118,1.3964861834273776
2026-02-25,390.2099914550781,390.2099914550781,384.8299865722656,387.7300109863281,386.6405334472656,72.1574203745856,0.07134375646893765,3.97043593500135,96.4852883297075,0.9318698791935673,0.5678248692149466,1.8374219963205576
2026-02-26,386.17999267578125,386.4700012207031,369.70001220703125,376.80999755859375,375.751220703125,63.34681560938838,0.007271017038406491,3.8602836660893494,80.32594805692912,0.755726141716588,0.4147560587958982,1.211591933091107
2026-02-27,370.1400146484375,376.67999267578125,368.6199951171875,374.5799865722656,373.5274658203125,61.690236118214685,0.017603912468298955,3.6802332484924127,77.05181582093243,0.7039170101660794,0.38349719769294965,0.5001949267382937
2026-03-02,365.3599853515625,373.1000061035156,364.6499938964844,369.1099853515625,368.07281494140625,57.7040419029154,0.007506211599351609,3.3783901323673824,69.02068618191008,0.6108259281133573,0.3068223017740439,-0.4348694551818397
2026-03-03,349.54998779296875,355.9800109863281,344.1400146484375,353.1300048828125,352.13775634765625,47.95527293833086,-0.030395427178170342,2.7570884644426843,45.55866312278545,0.36584662993794237,0.08282648861167308,-2.1289505756941143
2026-03-04,357.42999267578125,361.0899963378906,354.54998779296875,357.44000244140625,356.4356384277344,50.389722143474145,-0.013305363836203954,2.3325225416029682,51.886659724674125,0.40795285522155894,0.14324092547986705,-2.9138908367150833
2026-03-05,354.8999938964844,359.4700012207031,343.79998779296875,353.8599853515625,352.8656921386719,48.36597701203603,-0.018119276903505344,1.8948147285990722,21.676355881882976,0.2947526633600263,0.0887440389946847,-3.5833164336576715
2026-03-06,343.5,348.7200012207031,336.69000244140625,338.8900146484375,337.9377746582031,40.95835828339783,-0.08541587206462509,1.1991480372668544,4.110636507173513,-0.0428749558714485,-0.14946774393008785,-4.861919365242965
2026-03-09,335.6000061035156,349.3999938964844,331.9200134277344,348.70001220703125,347.72021484375,46.7174777750141,-0.057669417933407185,0.855983876403867,28.787107745049074,0.1617639254002856,-0.005840636464817221,-4.867277773948681
2026-03-10,348.4700012207031,353.5,344.30999755859375,347.0899963378906,346.1147155761719,45.92570405761026,-0.10022032984739548,0.5407494044039249,26.02502766949068,0.15093801088085698,-0.029412793458994193,-4.789968466919852
2026-03-11,353.92999267578125,357.3500061035156,350.3599853515625,354.55999755859375,353.563720703125,50.14735878272653,-0.0855492631598389,0.4544721306358206,38.84026876839615,0.31048774044432426,0.07995450545472138,-4.076142694297511
2026-03-12,345.92999267578125,346.8900146484375,336.3800048828125,336.7099914550781,335.7638854980469,41.757917142139846,-0.10641970804579626,-0.019850570571476312,8.21749842673946,0.038044006821935906,-0.1813850780615711,-4.602812309332644
2026-03-13,343.9200134277344,344.5199890136719,336.2200012207031,338.30999755859375,337.359375,42.683525181127266,-0.09682846411543766,-0.3575939017419797,10.962406141003935,0.11897987928929704,-0.2886844463431774,-4.631136457367708
2026-03-16,341.25,344.6300048828125,339.82000732421875,340.2300109863281,339.2740173339844,43.8370280805061,-0.07824212068475189,-0.5760552563480982,14.25630586907331,0.18687315751406475,-0.25583759344015833,-4.3146996376898805
2026-03-17,340.6000061035156,346.760009765625,338.3999938964844,345.9800109863281,345.9800109863281,47.7995665547388,-0.017486751279373602,-0.5878008937281253,25.77452008230517,0.3125550809731853,-0.14079219662772552,-3.4831545426383252
2026-03-18,345.7799987792969,347.95001220703125,339.3399963378906,339.57000732421875,339.57000732421875,44.563047855072476,-0.047317465722314545,-0.7376005890508421,17.09114710284006,0.2352046589416315,-0.2507597052636432,-3.2014340213086663
2026-03-19,329.2200012207031,339.8999938964844,325.19000244140625,338.7900085449219,338.7900085449219,44.17111394277986,-0.039889634802519836,-0.8652740693484953,28.38656869957928,0.24641925200724418,-0.17283346045081743,-2.912510671543756
2026-03-20,336.67999267578125,337.6000061035156,325.8999938964844,329.239990234375,329.239990234375,39.581035829933214,-0.025737828310626765,-1.1775822952651815,11.281304962465073,0.14618658789082384,-0.3197116506107508,-3.187262525034372
2026-03-23,331.1000061035156,343.4100036621094,331.1000061035156,338.45001220703125,338.45001220703125,45.466567540615344,-0.026659947397318806,-1.196571183173208,36.9359666295752,0.30160031909274015,-0.17806256526993905,-2.596425769545557
2026-03-24,335.57000732421875,344.8800048828125,334.0199890136719,343.25,343.25,48.29353880564256,-0.008276780637318515,-1.086320138471982,52.683775384207244,0.39108328984132146,-0.1042393015969869,-1.7695477813925855
2026-03-25,346.0,350.45001220703125,343.5,347.75,347.75,50.86514972574301,-0.01644320489546658,-0.8829366996860201,70.14923815190275,0.4954973692006983,-0.013853818407458637,-0.8531813947588915
2026-03-26,339.82000732421875,340.9100036621094,325.3699951171875,326.1099853515625,326.1099853515625,40.44726922451971,-0.028752050364691528,-1.2175546468737244,2.8606430516056363,0.08736070282790762,-0.36413278142084277,-1.595012947890143
2026-03-27,324.8299865722656,329.55999755859375,322.30999755859375,326.739990234375,326.739990234375,40.82724149880598,-0.031477959566486025,-1.453911699345497,12.642670078410298,0.10751286655781524,-0.2947782648064905,-1.9124268323956946
2026-03-30,327.20001220703125,329.6000061035156,313.79998779296875,316.5,316.5,36.72558522427226,-0.0671257336855402,-1.8674949377927317,6.199795802100421,-0.0817471529298216,-0.32490522903022007,-2.6365234707089815
2026-03-31,322.30999755859375,338.4100036621094,321.1400146484375,337.95001220703125,337.95001220703125,48.41615373388368,-0.023209429806088422,-1.6637546413968771,65.89361071420244,0.4520111461703333,0.12867921442902328,-1.5491715455712338
2026-04-01,343.8999938964844,348.67999267578125,339.75,341.489990234375,341.489990234375,50.056165935975294,0.00565415928599089,-1.4012039987945302,75.55248020730289,0.5642513468839427,0.22430598423670967,-0.5228852040568936
2026-04-02,326.8399963378906,342.07000732421875,326.79998779296875,339.0400085449219,339.0400085449219,48.897477248947844,0.0007379202269681695,-1.2374762377720327,68.86767786781776,0.5176749284616549,0.19756395269391974,0.030253312460159165
2026-04-06,339.75,344.20001220703125,338.6199951171875,341.760009765625,341.760009765625,50.273692418943824,0.038027031656565846,-1.0308025339983142,76.28923150710938,0.5905884013225309,0.26002090050292676,0.5877027814964535
2026-04-07,339.44000244140625,345.5299987792969,335.6499938964844,345.32000732421875,345.32000732421875,52.092201601661486,0.020298404105197898,-0.7733203333382042,86.00272451430037,0.6994729828632424,0.34176593062456956,1.1708989601266868
2026-04-08,370.2900085449219,374.29998779296875,359.239990234375,365.8999938964844,365.8999938964844,60.97670726526413,0.06598687224030408,-0.0822455666278537,86.11571256779442,1.133936216164273,0.4791571256779444,2.823167791640249
2026-04-09,363.29998779296875,368.1700134277344,360.7200012207031,365.489990234375,365.489990234375,60.73505336734692,0.0510136311556435,0.44526652363046026,85.43802056430785,1.0501696195004278,0.4723802056430787,3.712929277430582
2026-04-10,375.5899963378906,378.0,369.75,370.6000061035156,370.6000061035156,62.718161316209255,0.13642642896687351,0.9660359320432148,88.47353194790527,1.0390127660351989,0.5027353194790528,4.421935397638066
2026-04-13,370.260009765625,371.4599914550781,366.04998779296875,369.57000732421875,369.57000732421875,62.03802114745649,0.13108287436478538,1.3347674910974072,86.86917278364943,0.9457370742112785,0.48669172783649434,4.5785604082068625
2026-04-14,379.0400085449219,382.1600036621094,373.2200012207031,379.8900146484375,379.8900146484375,66.0147301179799,0.2002844064721565,1.8360925034734312,96.6793614881289,1.0147306011992852,0.5847936148812891,5.094648507314805
2026-04-15,381.4100036621094,381.9800109863281,372.2099914550781,375.1000061035156,375.1000061035156,62.73006089516848,0.10992748203756819,2.095211345406934,89.6723289647731,0.8916474722263593,0.5147232896477311,4.833089267905384
2026-04-16,368.8599853515625,370.20001220703125,360.54998779296875,363.3500061035156,363.3500061035156,55.44253471499853,0.06401363581444186,2.0113252234367534,72.4839186775481,0.708628486381781,0.3428391867754812,3.6426411268528613
2026-04-17,373.20001220703125,375.5799865722656,365.1400146484375,370.5,370.5,58.59472603784567,0.09279138350101168,2.0803156329637558,82.94324026426538,0.7769797667168793,0.4474324026426538,3.1302398171780927
2026-04-20,369.2200012207031,370.07000732421875,364.25,366.239990234375,366.239990234375,56.05046919535689,0.07162915428735528,2.015601391475753,73.91016667641908,0.6988115243064541,0.38511512972423034,2.3343918212246413
2026-04-21,368.0799865722656,370.75,365.1099853515625,368.0799865722656,368.0799865722656,56.92055791975939,0.06590981919758176,1.9819601039837926,74.56645040867413,0.7027625562727469,0.41203139524138394,1.7865721882511467
2026-04-22,371.7799987792969,387.9100036621094,370.6400146484375,387.44000244140625,387.44000244140625,64.81379518571882,0.05886856765298476,2.3552317729489634,99.23089330935608,0.9043104129476659,0.6116580607197138,2.5369442955959842
