date,open,high,low,close,adj_close,rsi_14,momentum_10,ppo_12_26,stoch_k_14,bb_percent_b_20,fibonacci_0_618_20,macd_hist_12_26_9
2015-01-30,17.149999618530273,17.149999618530273,17.0,17.0,11.97642707824707,27.68223532211411,0.03816782660302409,0.9071793598709329,67.94873048880925,0.7028502303032055,-4.073049971662267,0.03869322173087496
2015-02-02,17.049999237060547,17.087499618530273,16.975000381469727,17.037500381469727,12.002846717834473,28.760516188259416,0.028679266687731797,0.8793834007314498,71.79492195523699,0.7115135638059105,-4.049823930460211,0.028409840321213492
2015-02-03,17.087499618530273,17.212499618530273,17.024999618530273,17.162500381469727,12.090909957885742,32.37974597640017,0.02846460450324062,0.9062437750730087,84.6154297597133,0.7745848172986266,-3.972405749373719,0.02540424546477317
2015-02-04,17.299999237060547,17.375,17.262500762939453,17.350000381469727,12.223002433776855,37.50820071192323,0.03197037606026232,1.0045688338211871,97.59039909991562,0.873825783735927,-4.34777896089523,0.029869726031430774
2015-02-05,17.262500762939453,17.3125,17.200000762939453,17.274999618530273,12.170164108276367,36.321531883288436,0.022189430871776716,1.0345026341769803,88.40574261717212,0.7870908937778174,-4.398707448676253,0.026913913203948855
2015-02-06,17.274999618530273,17.299999237060547,17.162500381469727,17.1875,12.108521461486816,34.93299924325579,0.0007279623697997728,1.0050260863029574,76.19048772394684,0.7028014173480942,-4.4581220261458325,0.01883831257555249
2015-02-09,17.1875,17.1875,17.0625,17.125,12.064489364624023,33.93503939823229,-0.002911140117859645,0.9412130029604341,60.0,0.6390304462333258,-4.5005625858306555,0.009057992299459819
2015-02-10,17.112499237060547,17.125,17.049999237060547,17.0625,12.020461082458496,32.92226219167621,-0.013015073633712904,0.8513013973548126,39.024481015861674,0.5739870580703013,-4.542999468700189,-0.0012985142274409556
2015-02-11,17.174999237060547,17.3125,17.174999237060547,17.25,12.152551651000977,38.821416171268844,-0.0021692833456155025,0.8586460767881627,68.74997019764919,0.7051552555430238,-4.4156833048686535,-0.0002308047652857803
2015-02-12,17.25,17.299999237060547,17.200000762939453,17.25,12.152551651000977,38.821416171268844,0.010248699003559736,0.8544547407440659,68.74997019764919,0.6887174245965869,-4.4156833048686535,-0.0004877745853264781
2015-02-13,17.337499618530273,17.412500381469727,17.337499618530273,17.362499237060547,12.231806755065918,42.349502335781,0.02132352788944014,0.8936128939689845,88.5711669921875,0.8003543726037781,-5.138328691409934,0.003497430390441078
2015-02-24,17.487499237060547,17.612499237060547,17.487499237060547,17.5625,12.372708320617676,48.08184656976128,0.030814490218694868,1.0065377395394928,92.15696834244375,1.0104144875533934,-4.4939930405009365,0.013858799116967316
2015-02-25,17.674999237060547,17.725000381469727,17.637500762939453,17.700000762939453,12.469574928283691,51.64178448243826,0.031318153200783794,1.1462929880095458,96.66671752929688,1.1047344210101766,-4.772177843073199,0.024831668540542848
2015-02-26,17.637500762939453,17.662500381469727,17.512500762939453,17.575000762939453,12.381513595581055,48.393135456375845,0.01296826722100386,1.1842388577747407,80.00005086263022,0.9175842048772234,-5.577338777838959,0.023754333282828166
2015-03-02,17.575000762939453,17.637500762939453,17.4375,17.5,12.328675270080566,46.502840773576544,0.01302457061334139,1.1655895199142159,69.99994913736978,0.799941846009669,-6.5771001485188805,0.017374347978274945
2015-03-03,17.512500762939453,17.524999618530273,17.375,17.475000381469727,12.311064720153809,45.85987599563571,0.016727332012518303,1.1260274531119536,64.28575321115416,0.7428739061734911,-6.600580881754557,0.01021376841095295
2015-03-04,17.387500762939453,17.512500762939453,17.375,17.487499237060547,12.319868087768555,46.259882372138115,0.02116780208645741,1.0878153106527815,64.81470492660253,0.7350215851227928,-6.588843058268229,0.0046016921610970984
2015-03-05,17.487499237060547,17.5,17.337499618530273,17.424999237060547,12.275837898254395,44.489403879752686,0.021245176374188324,1.016718123611947,55.55546136565931,0.6463806308805646,-6.647549977620443,-0.00312782027273667
2015-03-06,17.387500762939453,17.475000381469727,17.325000762939453,17.450000762939453,12.293451309204102,45.38980791361339,0.011594244752008098,0.9608663720772358,59.25938484578759,0.6654085360868867,-6.624065429687501,-0.007838227364930145
2015-03-09,17.362499237060547,17.375,17.225000381469727,17.274999618530273,12.170164108276367,40.44463309880152,0.0014492805940009568,0.8258662725934562,33.33333333333333,0.4352292559879668,-6.788448364257813,-0.019383473370243223
2015-03-10,17.25,17.262500762939453,17.149999618530273,17.237499237060547,12.143744468688965,39.452674975993794,-0.007199450427916698,0.6934670245007362,27.777730682829656,0.36208776943344534,-6.823674550374349,-0.02838140279911651
2015-03-11,17.087499618530273,17.287500381469727,17.075000762939453,17.262500762939453,12.161357879638672,40.500401019496906,-0.017081986861907428,0.5933270801725735,28.846170775293658,0.3717958849431131,-7.330052054212239,-0.0324362638445722
2015-03-12,17.212499618530273,17.412500381469727,17.200000762939453,17.412500381469727,12.267034530639648,46.483928139057824,-0.016242766799102193,0.577108357715321,51.9230487078439,0.5786937014441431,-7.467861625623421,-0.027486423819337788
2015-03-13,17.412500381469727,17.4375,17.362499237060547,17.362499237060547,12.231806755065918,44.864229197378215,-0.0120911582707115,0.5348091440091198,44.23056043804488,0.5009576788890591,-7.520050834287008,-0.026081634612141122
2015-03-16,17.337499618530273,17.337499618530273,17.212499618530273,17.225000381469727,12.134939193725586,40.66797442698982,-0.015714265491698187,0.43233504360588715,23.076877932550243,0.29588192181636175,-7.663558089263766,-0.030846717754979422
2015-03-17,17.299999237060547,17.4375,17.25,17.287500381469727,12.178971290588379,43.265641391585746,-0.010729651136443641,0.3758854834679695,32.692268190981466,0.38029889848617177,-7.5983254637675035,-0.03016697089561124
2015-03-18,17.299999237060547,17.537500381469727,17.299999237060547,17.475000381469727,12.311064720153809,50.29606651607608,-0.0007145667106197573,0.4136605506184274,68.08508566030017,0.653236864906988,-7.402631825824045,-0.020421518373770806
2015-03-19,17.625,17.725000381469727,17.5625,17.662500381469727,12.443156242370605,56.148046061527,0.013629891947335215,0.5244946635038634,90.38460974156878,0.933272196470327,-7.507918829063314,-0.005458306850696815
2015-03-20,17.662500381469727,17.662500381469727,17.600000381469727,17.637500762939453,12.425543785095215,55.21458640165647,0.010744946440892189,0.5935297576431288,86.53851232588097,0.8490845073034786,-7.535014933081366,0.00244958100600029
2015-03-23,17.637500762939453,17.725000381469727,17.612499237060547,17.6875,12.460769653320312,56.76284827949034,0.023878523120844264,0.6634372325016382,94.23070715725659,0.8860152508669964,-7.480821257853145,0.008887219527196899
2015-03-24,17.637500762939453,17.712499618530273,17.587499618530273,17.625,12.416739463806152,54.238834553830735,0.022480298051483993,0.6818617071569792,84.61531689882537,0.756280970863179,-7.5485600507061585,0.008987670380074725
2015-03-25,17.625,17.649999618530273,17.524999618530273,17.5625,12.372708320617676,51.76017239412103,0.017378852186634486,0.6599137197643372,74.99992664039414,0.6553838972446965,-7.616300310751289,0.005090283394398182
2015-03-26,17.350000381469727,17.424999237060547,17.287500381469727,17.350000381469727,12.223002433776855,44.340698394933156,-0.0035894654696546624,0.5382563825634599,42.307658449412685,0.33161552079305373,-7.846617194904734,-0.007864080481515517
2015-03-27,17.350000381469727,17.350000381469727,17.162500381469727,17.1875,12.108521461486816,39.659049707126066,-0.010079074665567456,0.36248439088501994,17.307585089806828,0.10847827590128528,-8.022741871022074,-0.023550197264020217
2015-03-30,17.1875,17.225000381469727,17.137500762939453,17.200000762939453,12.117328643798828,40.182305831726325,-0.0014512268784884208,0.22618371545342514,19.23078051686244,0.1684118044524957,-8.00919235182093,-0.032204594017333776
2015-03-31,17.25,17.3125,17.200000762939453,17.262500762939453,12.161357879638672,42.85041796790204,-0.0014462149987428674,0.14538111850587132,21.276609559799883,0.2851923243430078,-7.9414550261600345,-0.033676777149792246
2015-04-01,17.174999237060547,17.212499618530273,17.125,17.162500381469727,12.090909957885742,39.7920976819579,-0.017882674429260614,0.03440703997680277,6.2500596046068795,0.17217313497263997,-8.04983650784801,-0.03779902222564921
2015-04-02,17.225000381469727,17.4375,17.225000381469727,17.375,12.240614891052246,48.24545132655003,-0.016277329270260155,0.0447228021456012,41.66664017573027,0.48541291957453936,-7.819521090886682,-0.029230387387479136
2015-04-07,17.387500762939453,17.424999237060547,17.337499618530273,17.399999618530273,12.258225440979004,49.149910059935316,-0.013465675789329556,0.06378142036420649,45.83324061505596,0.5256214053483271,-7.792427921252863,-0.021519869855851376
2015-04-08,17.399999618530273,17.399999618530273,17.212499618530273,17.25,12.152551651000977,44.1625221487654,-0.02473506941340564,0.00902295571019194,20.833320087865136,0.30884508008430644,-7.95500307816906,-0.02257007211910779
2015-04-09,17.25,17.462499618530273,17.237499237060547,17.274999618530273,12.170164108276367,45.16131359966083,-0.019858301468636985,-0.022508097520553022,24.999920527190827,0.34117899014068664,-7.927906974151008,-0.02113698844805666
2015-04-10,17.424999237060547,17.450000762939453,17.362499237060547,17.412500381469727,12.267034530639648,50.41490286154754,-0.008540877812656,0.01631098154167795,47.916699780337154,0.5325754547578326,-8.478603967918417,-0.01311632023362294
2015-04-13,17.475000381469727,17.487499237060547,17.412500381469727,17.462499618530273,12.302257537841797,52.20776276729205,0.006484094599042978,0.06949653409630008,56.24990065898854,0.602863363936922,-8.419898993238453,-0.005291437600453785
2015-04-14,17.462499618530273,17.462499618530273,17.375,17.375,12.240614891052246,48.877031901406205,0.010909129573381415,0.07014371452091192,42.55321911959977,0.4721838496939821,-8.522636672568847,-0.004169142339540938
2015-04-15,17.3125,17.375,17.100000381469727,17.162500381469727,12.090909957885742,41.887771361306335,-0.002180240108169862,-0.027856581167266928,11.363652126870072,0.1690829887233676,-8.396544677734374,-0.01291715863324241
2015-04-16,17.237499237060547,17.424999237060547,17.225000381469727,17.424999237060547,12.275837898254395,51.17560413749374,0.00941342403938239,0.01640340477377533,83.87092010769783,0.5402612966094983,-8.10065997314453,-0.006008180477135047
2015-04-17,17.387500762939453,17.387500762939453,17.225000381469727,17.262500762939453,12.161357879638672,46.247837543351764,0.0058265194264377485,-0.023861010888244036,41.93570616407677,0.319509838132471,-8.283828002929686,-0.008741704189924364
2015-04-20,17.174999237060547,17.287500381469727,17.137500762939453,17.237499237060547,12.143744468688965,45.52155978336948,-0.007913852631218132,-0.06667139661074377,35.483680430791345,0.3027811233780684,-8.312009460449218,-0.011173940722573845
2015-04-21,17.262500762939453,17.325000762939453,17.212499618530273,17.237499237060547,12.143744468688965,45.52155978336948,-0.00933911460849235,-0.09948419233778158,35.483680430791345,0.3214941709090023,-8.312009460449218,-0.012140320019658826
2015-04-22,17.325000762939453,17.450000762939453,17.3125,17.412500381469727,12.267034530639648,51.68152805932822,0.00942048081147151,-0.04343680024692854,80.64539946151082,0.65543384238371,-8.272566319762333,-0.004241515229560033
2015-04-23,17.549999237060547,17.875,17.537500381469727,17.875,12.592862129211426,63.44519587014223,0.034732318905017934,0.21332985803428126,100.0,1.2976894208828234,-6.197665123559336,0.02173488649369715
2015-04-24,17.924999237060547,18.212499618530273,17.924999237060547,18.049999237060547,12.716148376464844,66.74437657369367,0.036611443841902735,0.49093305501183493,85.39321412039021,1.2561459806890252,-4.322543830473024,0.04470499578066028
2015-04-27,18.25,18.325000762939453,18.149999618530273,18.1875,12.813017845153809,69.10388979781585,0.0415176081089923,0.7637901130626855,88.77545141867769,1.1695245163939618,-3.881576490884433,0.06279893930314082
2015-04-28,18.212499618530273,18.274999618530273,18.087499618530273,18.149999618530273,12.786598205566406,67.69321433301982,0.0446042391966166,0.950289285445835,85.71419674178244,1.0261840017840345,-3.903143536892782,0.06887692782324978
2015-04-29,18.125,18.174999237060547,17.899999618530273,17.950000762939453,12.645697593688965,60.58939498917762,0.04588468839281923,0.9944777532600054,69.38776463480903,0.8336946214607162,-4.018164408729892,0.05964203767997493
2015-04-30,17.899999618530273,17.950000762939453,17.787500381469727,17.862499237060547,12.584053993225098,57.734801630300545,0.025107540318248356,0.9780872978647532,62.24478515475988,0.7438907845787714,-4.068485699560765,0.046215501092859795
2015-05-04,17.862499237060547,17.912500381469727,17.712499618530273,17.899999618530273,12.610474586486816,58.63435449853292,0.0369298158390754,0.970809029214377,65.30603983165513,0.7454260681306892,-4.046917875043012,0.03638027958875514
2015-05-05,17.850000381469727,17.850000381469727,17.725000381469727,17.799999237060547,12.540024757385254,55.25717223819559,0.032632462723342526,0.9090127780906501,57.142745927228056,0.6566820713244559,-4.104427921706866,0.023046641302114784
2015-05-06,17.700000762939453,17.850000381469727,17.625,17.825000762939453,12.557635307312012,55.9403303738732,0.034082637335643096,0.8614344335915433,57.89473684210527,0.6588806210095923,-4.0900519670597095,0.013786514210656547
2015-05-07,17.700000762939453,17.700000762939453,17.537500381469727,17.612499237060547,12.40793228149414,49.08000438176647,0.011485885240036575,0.7188985651905709,39.99987150493421,0.49160240377773423,-4.212258480692188,-0.0031439676005357575
2015-05-08,17.612499237060547,17.662500381469727,17.612499237060547,17.625,12.416739463806152,49.472593111708186,-0.013985912304774972,0.6046456900799123,41.05256733141447,0.48749001692392047,-4.205068946349803,-0.01387163840552677
2015-05-11,17.75,17.799999237060547,17.575000762939453,17.712499618530273,12.47838020324707,52.24757672403384,-0.01869812825224948,0.5476221451868196,44.94377399184942,0.5438787937756717,-4.154749991047141,-0.016745814753007807
2015-05-12,17.649999618530273,17.712499618530273,17.637500762939453,17.674999237060547,12.451961517333984,50.95589387830021,-0.028178867163318966,0.47983041816038435,35.802366805942256,0.506402104988774,-4.176316258546087,-0.020128483552570728
2015-05-13,17.674999237060547,17.799999237060547,17.674999237060547,17.774999618530273,12.522414207458496,54.207200904497405,-0.020661007240604712,0.466274192165289,30.158618668513864,0.57098227833503,-4.118803876354022,-0.017424558686781694
2015-05-14,17.712499618530273,17.737499237060547,17.5,17.524999618530273,12.34628963470459,45.997738884637144,-0.023676666057062756,0.3377442172720165,3.030253989244876,0.34371158798029894,-4.416704107987252,-0.02674368981153588
2015-05-15,17.575000762939453,17.587499618530273,17.424999237060547,17.5,12.328675270080566,45.259496213546186,-0.020293835617839817,0.22182807346671124,8.333403975755521,0.3165995176332629,-4.431537257144325,-0.03293340980029476
2015-05-18,17.512500762939453,17.575000762939453,17.5,17.5625,12.372708320617676,47.52673480358217,-0.018854664369565177,0.1566495945711501,16.176553085976504,0.34911493866856724,-4.394456793534127,-0.032827944247281825
2015-05-19,17.600000381469727,17.862499237060547,17.600000381469727,17.825000762939453,12.557635307312012,55.805456608315424,0.0014043473013389818,0.2223623980048349,53.333536783854164,0.5742466529867837,-4.566143391322387,-0.019715963656279784
2015-05-20,17.8125,17.8125,17.700000762939453,17.700000762939453,12.469574928283691,51.628324850594744,-0.007012496929023282,0.21483785964623364,52.381090782264984,0.4092868657371803,-5.165132269112089,-0.016515582369491688
2015-05-21,17.537500381469727,17.549999237060547,17.4375,17.537500381469727,12.355095863342285,46.73122580474773,-0.00425827744326579,0.13313437696502362,23.077103653884524,0.19434193665568347,-6.015216420124612,-0.021343705245556337
2015-05-22,17.549999237060547,17.737499237060547,17.549999237060547,17.674999237060547,12.451961517333984,50.96910973343361,0.002836658820981386,0.1296963873278327,57.14285714285714,0.37843733000130636,-5.907588098164709,-0.017414667969512937
2015-05-25,17.612499237060547,17.737499237060547,17.575000762939453,17.674999237060547,12.451961517333984,50.969109733433626,-0.002117156672803655,0.12552289608870404,57.14285714285714,0.3966432759410607,-5.907588098164709,-0.014344827181943631
2015-05-26,17.799999237060547,17.899999618530273,17.700000762939453,17.75,12.504800796508789,53.318615518526215,0.004243450246874669,0.15468074262981846,68.42115830177845,0.5281693701466559,-6.170466155796656,-0.008569666117151
2015-05-27,17.712499618530273,17.825000762939453,17.674999237060547,17.787500381469727,12.531218528747559,54.49273108289787,0.0007030849757243551,0.19264370665048153,76.31596911302336,0.6435586044783568,-6.907040944417318,-0.0030682355967348272
2015-05-28,17.9375,17.975000381469727,17.8125,17.875,12.592862129211426,57.19798760088606,0.019971384262178482,0.2595508868753436,81.81815029182373,0.8378089889372948,-9.167685551690775,0.004228257588585672
2015-05-29,17.924999237060547,17.924999237060547,17.762500762939453,17.774999618530273,12.522414207458496,53.29850004411356,0.01571449755417742,0.26391236474584967,63.63630058364747,0.6471698060012899,-9.295772415634678,0.003827957634138974
2015-06-01,17.774999618530273,17.787500381469727,17.5625,17.625,12.416739463806152,48.01094672172379,0.003558731204800436,0.19678904926597568,36.36369941635253,0.34766211644143397,-9.487907913399617,-0.0036323769306800258
2015-06-02,17.612499237060547,17.625,17.5,17.600000381469727,12.399124145507812,47.17087250107102,-0.012622691926074792,0.13066731157563857,31.8183236867932,0.3113057251430209,-9.519935698209524,-0.009498695623179246
2015-06-03,17.575000762939453,17.600000381469727,17.475000381469727,17.487499237060547,12.319868087768555,43.48419242815156,-0.01200576935269615,0.026564395633043653,11.3636127188678,0.10114582564747941,-9.664037321533229,-0.01797051246703344
2015-06-04,17.450000762939453,17.475000381469727,17.087499618530273,17.149999618530273,12.082103729248047,34.717932125663026,-0.02209550918210268,-0.20827742411111977,7.042247467258106,-0.2681105572085308,-6.021877843827505,-0.03770596945589458
2015-06-05,17.125,17.149999618530273,17.049999237060547,17.112499237060547,12.055681228637695,33.90004186891073,-0.031824728027358584,-0.4077929941489959,6.756748397313632,-0.1322831926046465,-5.7812560318537125,-0.04989340943778767
2015-06-08,17.075000762939453,17.262500762939453,17.0,17.225000381469727,12.134939193725586,38.57462298393377,-0.02545962924532663,-0.5088438737480643,23.076953173142194,0.07519577873457843,-5.371804002887433,-0.04985301524192922
2015-06-09,17.125,17.149999618530273,17.0,17.087499618530273,12.038069725036621,35.289748619888925,-0.03732415086551999,-0.6454850031031735,8.974316338048558,0.010005141375805483,-5.471157265234821,-0.05327698525834138
2015-06-10,17.137500762939453,17.225000381469727,17.112499237060547,17.162500381469727,12.090909957885742,38.372605538556414,-0.03513693180369615,-0.7113299574339144,16.666699270904044,0.13438339491150803,-5.416962175824221,-0.04901730905178312
2015-06-11,17.200000762939453,17.225000381469727,17.100000381469727,17.212499618530273,12.126134872436523,40.410673525938336,-0.03706284178973451,-0.7321222183434957,21.79482414252486,0.21070271791005712,-5.380834072471396,-0.041177419613852864
2015-06-12,17.225000381469727,17.25,17.112499237060547,17.200000762939453,12.117328643798828,40.054045117403334,-0.03234883920533427,-0.7459752495933957,20.512890737331787,0.22298438214343505,-5.389866098309603,-0.03422061486676893
2015-06-15,17.200000762939453,17.25,17.125,17.162500381469727,12.090909957885742,38.9436875496846,-0.02624114864213578,-0.7657459771955368,16.666699270904044,0.21708335203871737,-5.416962175824221,-0.029227987870133948
2015-06-16,17.162500381469727,17.162500381469727,17.012500762939453,17.049999237060547,12.011652946472168,35.74249022600513,-0.03124988462802225,-0.8246055061880447,5.128124871620815,0.1559079776604357,-5.4982513864951965,-0.029033593189031953
2015-06-17,17.049999237060547,17.1875,17.049999237060547,17.125,12.064489364624023,39.32327224775502,-0.020729014411938196,-0.8269550394102234,13.513524659460662,0.24832057827035217,-5.444060209593081,-0.023360760544205814
2015-06-18,17.112499237060547,17.137500762939453,17.049999237060547,17.100000381469727,12.046878814697266,38.55214374016833,-0.0029154620205344983,-0.8310783748649648,12.698454987805086,0.2513813569679347,-5.462122305015251,-0.018994045406987084
2015-06-22,17.1875,17.350000381469727,17.1875,17.337499618530273,12.214193344116211,48.820847404094714,0.013148333343617091,-0.7150164066860667,53.99993896484375,0.46721374958711315,-5.290517726597821,-0.0038301120262640015
2015-06-23,17.387500762939453,17.462499618530273,17.337499618530273,17.387500762939453,12.249421119689941,50.689317478972725,0.009434074957997973,-0.5928224227849545,64.58341942887661,0.5242404174048524,-5.254386688863633,0.008885651675980849
2015-06-24,17.399999618530273,17.424999237060547,17.350000381469727,17.412500381469727,12.267034530639648,51.63997159666184,0.019020059763138697,-0.4788061222824254,86.84211583017785,0.5655803206326271,-5.2363216590601,0.018256008910119345
2015-06-25,17.5,17.662500381469727,17.5,17.612499237060547,12.40793228149414,58.527821095854314,0.02621988954616561,-0.29194573606647733,92.4526617934537,0.7785060253402619,-5.091811201903046,0.03286442999225549
2015-06-26,17.612499237060547,17.612499237060547,17.537500381469727,17.612499237060547,12.40793228149414,58.527821095854314,0.023238848324057537,-0.1424728211242633,92.4526617934537,0.8230806853005291,-5.346401628155376,0.04092350046332058
2015-06-29,17.337499618530273,17.399999618530273,17.1875,17.200000762939453,12.117328643798828,43.65489544678969,0.0,-0.21324032577625418,30.18877702315592,0.38312580524755385,-6.582214591754931,0.025816176872137025
2015-06-30,17.200000762939453,17.350000381469727,17.200000762939453,17.350000381469727,12.223002433776855,48.75454491702556,0.010924940831683383,-0.1973691886220813,51.9230487078439,0.5959631557112977,-7.592558212246755,0.022211216525309246
2015-07-01,17.350000381469727,17.575000762939453,17.3125,17.512500762939453,12.337479591369629,53.64874654070097,0.027125879040083012,-0.10803434673135433,76.92312206744975,0.8356940020723429,-7.41976260216905,0.02651587910010636
2015-07-02,17.549999237060547,17.5625,17.462499618530273,17.524999618530273,12.34628963470459,54.012751930811646,0.023357828214998655,-0.031143263025386045,78.84602405608196,0.8457312439884125,-7.406464431207373,0.02874861913565783
2015-07-03,17.5,17.549999237060547,17.3125,17.524999618530273,12.34628963470459,54.012751930811646,0.024853808576711378,0.029391400145624403,78.84602405608196,0.8100127804612068,-7.406464431207373,0.028937914039303243
2015-07-06,17.387500762939453,17.512500762939453,17.299999237060547,17.325000762939453,12.205389976501465,47.14543293445689,-0.000720748998048748,-0.015161610664973896,48.076951292156096,0.5260517093673049,-7.619143038109524,0.018778651591871226
2015-07-07,17.412500381469727,17.524999618530273,17.362499237060547,17.399999618530273,12.258225440979004,49.72667537085613,0.0007187540703381678,-0.015532233292553845,57.14281265667477,0.6180325327649783,-7.539391439536364,0.014986601789934117
2015-07-08,17.299999237060547,17.299999237060547,16.862499237060547,16.875,11.888365745544434,36.34552650083676,-0.030868812193314166,-0.25684087711348896,1.5625931321242352,-0.038352735256221404,-6.599657969964072,-0.011625392072110455
2015-07-09,16.700000762939453,16.837499618530273,16.524999618530273,16.774999618530273,11.817915916442871,34.44423734549888,-0.047551546193659644,-0.4901172366107075,21.978007237020815,-0.05355103257651216,-4.520092786789586,-0.03201130526932597
2015-07-10,16.774999618530273,16.774999618530273,16.774999618530273,16.774999618530273,11.817915916442871,34.44423734549886,-0.047551546193659644,-0.668353950737622,21.978007237020815,0.024855618556235737,-4.520092786789586,-0.04285726471958704
2015-07-13,17.0,17.024999618530273,16.799999237060547,17.024999618530273,11.994038581848145,43.07768798495461,-0.01017468994816595,-0.6848365625798106,43.95601447404163,0.281147240494991,-4.365259778194366,-0.03581778543745793
2015-07-14,17.075000762939453,17.174999237060547,17.012500762939453,17.024999618530273,11.994038581848145,43.07768798495461,-0.018732210287056406,-0.6900729707816196,43.95601447404163,0.2911394609950379,-4.365259778194366,-0.02909518186585343
2015-07-15,17.075000762939453,17.162500381469727,17.0,17.0625,12.020461082458496,44.35279009451474,-0.02569556501093584,-0.6689391771598847,49.42533977125839,0.325448180794752,-4.342031221808987,-0.021171063772504495
2015-07-16,17.149999618530273,17.237499237060547,17.049999237060547,17.149999618530273,12.082103729248047,47.31774979041923,-0.021397999988104432,-0.6040388715596088,59.523744648076395,0.40635901473480757,-4.287839920318992,-0.010613334433291793
2015-07-17,17.087499618530273,17.162500381469727,17.075000762939453,17.125,12.064489364624023,46.55442951789444,-0.02282469295782963,-0.5579436180228285,57.14283119256389,0.38131532008847346,-4.303325065646284,-0.0039921695780370525
2015-07-20,17.25,17.299999237060547,16.950000762939453,17.0,11.97642707824707,42.83411095881035,-0.018759162853068,-0.5737173576826089,45.238082262948616,0.2831667351138593,-4.380742408338335,-0.004672182305148362
2015-07-21,17.087499618530273,17.162500381469727,17.0,17.162500381469727,12.090909957885742,48.586301187331024,-0.013649241800850698,-0.5038538056742216,61.44583407635642,0.4439139007782013,-4.280098186049787,0.003043823858489045
2015-07-22,17.049999237060547,17.075000762939453,16.924999237060547,16.950000762939453,11.941205024719238,42.55602037602762,0.00444462092652298,-0.54244157447417,41.46354171512574,0.26920778484356794,-4.411706830231832,-0.0012489803008647188
2015-07-23,16.875,16.962499618530273,16.712499618530273,16.787500381469727,11.826725006103516,38.6096501344898,0.0007454012808119082,-0.6426084612242317,26.250076293945312,0.1525708120532466,-4.702254032618744,-0.010592819800237296
2015-07-24,16.762500762939453,16.8125,16.625,16.6875,11.756272315979004,36.37411341054541,-0.005216114321654586,-0.7610795422355455,16.250038146972656,0.09803179644414686,-4.92364010005395,-0.019778866461926628
2015-07-27,16.600000381469727,16.637500762939453,16.387500762939453,16.450000762939453,11.588953971862793,31.682369888889824,-0.03377382915862959,-0.9576633967980437,6.849326521909986,-0.01793034555547073,-4.422881508275081,-0.03452112358908287
2015-07-28,16.4375,16.575000762939453,16.375,16.462499618530273,11.597761154174805,32.178263897404875,-0.03303953251184877,-1.096078095954261,9.45942602161801,0.061042035437732206,-4.363029840450388,-0.04065449205640953
2015-07-29,16.475000381469727,16.475000381469727,16.274999618530273,16.350000381469727,11.518505096435547,30.063436835332382,-0.04175846355473467,-1.246424893990244,7.317150327040631,0.037490837973767045,-4.07636358276261,-0.04659778502100499
2015-07-30,16.399999618530273,16.637500762939453,16.387500762939453,16.625,11.712241172790527,40.37862095132329,-0.030612430148415748,-1.2200972457397423,34.146391388085114,0.26263649488943513,-3.9606351457887965,-0.0345824590885159
2015-07-31,16.625,16.637500762939453,16.450000762939453,16.537500381469727,11.650596618652344,38.43603528284349,-0.03430669408896103,-1.2274665022767333,25.609840061779508,0.2129317201796371,-4.081522399902343,-0.0281598567901461
2015-08-03,16.475000381469727,16.475000381469727,16.225000381469727,16.3125,11.492086410522461,33.917481108375895,-0.0404411653459088,-1.3271475028708024,8.139508063214036,0.07427261852226374,-4.022705191219147,-0.031696906474045605
2015-08-04,16.375,16.5,16.25,16.325000762939453,11.500893592834473,34.379083062233846,-0.04879834248260684,-1.3849852420711601,9.302370969945477,0.1138375393182472,-4.776522621178867,-0.03054100644523694
2015-08-05,16.387500762939453,16.5,16.325000762939453,16.424999237060547,11.571343421936035,38.10363338656196,-0.030973557695187393,-1.3670645961014893,18.604564511922273,0.22783704824289958,-4.710987826667069,-0.022500751802444263
2015-08-06,16.5,16.512500762939453,16.137500762939453,16.25,11.448054313659668,34.42156680364553,-0.03201822078795469,-1.4220476344079207,9.677366427994828,0.1284840711257202,-4.415937724370123,-0.02287968310316657
2015-08-07,16.125,16.25,16.049999237060547,16.174999237060547,11.395218849182129,32.95198964981205,-0.030711560356264878,-1.485850060604066,11.235943497962355,0.11991460345051172,-4.105824310302734,-0.023967398461053335
2015-08-10,16.149999618530273,16.1875,16.0,16.137500762939453,11.36879825592041,32.21140760334107,-0.018997030834439932,-1.5378601929110838,12.790759567786235,0.13789260719742838,-3.944464970788204,-0.023701984177878888
2015-08-11,16.325000762939453,16.450000762939453,16.100000381469727,16.137500762939453,11.36879825592041,32.21140760334107,-0.01974199116628428,-1.5618096789130043,14.28579921407297,0.17484634293293522,-3.944464970788204,-0.020862245750465414
2015-08-12,16.0625,16.112499237060547,15.75,15.862500190734863,11.175066947937012,27.042837536081237,-0.029816208407531408,-1.6976058353868506,10.58825324563419,0.04970012941945807,-3.333571163827792,-0.028873764808977076
2015-08-13,15.862500190734863,15.975000381469727,15.837499618530273,15.887499809265137,11.192676544189453,28.171059209558635,-0.044360820524094846,-1.7738712940253594,15.492922936734105,0.10693552859857677,-3.3222101283953895,-0.029713572840413677
2015-08-14,15.862500190734863,15.9375,15.787500381469727,15.824999809265137,11.14864444732666,27.044858318264303,-0.04308381688557217,-1.8452652632263224,8.450675469476,0.1038257370843072,-3.3506179468058663,-0.029880372819925533
2015-08-17,15.824999809265137,15.824999809265137,15.675000190734863,15.725000381469727,11.078194618225098,25.301997304883997,-0.03601537418987666,-1.930717104075504,5.194821923101694,0.08417787319010553,-3.4722890642580855,-0.031234415001276994
2015-08-18,15.75,15.824999809265137,15.612500190734863,15.637499809265137,11.01655101776123,23.853483645910586,-0.04211347328480697,-2.0204112197887945,2.4389858121253343,0.055129278339943605,-3.524528119524525,-0.03262843397688159
2015-08-19,15.600000381469727,15.625,15.324999809265137,15.399999618530273,10.849233627319336,20.43401067971608,-0.06240500936544502,-2.1876256131987155,5.714267030067785,-0.034994200563633004,-3.1152926432244263,-0.040643920456503
2015-08-20,15.3125,15.462499618530273,15.237500190734863,15.350000381469727,10.814010620117188,19.79081793524385,-0.05538440648258869,-2.321190238829325,8.823540411463535,0.004571641206372981,-3.1905651468628355,-0.043866838784341916
2015-08-21,15.149999618530273,15.1875,14.949999809265137,14.949999809265137,10.532210350036621,15.568629889131344,-0.07573426281386852,-2.6038553961307316,0.0,-0.10578095827048425,-2.999947829664539,-0.05955292100626575
2015-08-24,14.774999618530273,14.774999618530273,13.850000381469727,14.375,10.12712574005127,11.703402877963953,-0.10921756969541863,-3.094361592377369,19.718292706514788,-0.1812143630876607,-1.717560226705888,-0.08996036796003659
2015-08-25,14.375,15.0,14.375,15.0,10.567436218261719,31.585802863222554,-0.07048784045766443,-3.1296140257020344,43.19246774700788,0.13728520634197516,-1.5596013323726456,-0.07384469510498187
2015-08-26,14.824999809265137,15.125,14.662500381469727,15.087499618530273,10.629080772399902,33.83222689788269,-0.048857530615322387,-3.0784516453527573,47.59611751906798,0.20668979587105016,-1.5374866971431858,-0.05341130990156773
2015-08-27,15.149999618530273,15.162500381469727,15.0,15.037500381469727,10.593853950500488,33.1621092139474,-0.05350128642820795,-3.0305227960418497,45.673070221964,0.21422826546896928,-1.5501241203104035,-0.03740318779338281
2015-08-28,15.25,15.475000381469727,15.25,15.449999809265137,10.88446044921875,43.16357764808215,-0.023696513002642083,-2.7453576609333523,61.53843050172798,0.4045056887910786,-1.4958176553477032,-0.004128736328134763
2015-08-31,15.324999809265137,15.587499618530273,15.300000190734863,15.574999809265137,10.972519874572754,45.809745746334904,-0.009538986025619645,-2.4258032765789377,76.24310719684101,0.4746665535558811,-1.462743697512101,0.0253069433345412
2015-09-01,15.475000381469727,15.649999618530273,15.375,15.4375,10.875656127929688,43.41530730850078,-0.012789382957006046,-2.218738362652176,74.70586440142463,0.4291981321064575,-1.4991244422125383,0.038934443767129456
2015-09-02,15.274999618530273,15.574999809265137,15.237500190734863,15.524999618530273,10.937297821044922,45.37215855605062,0.008117088888548896,-1.985953699194308,80.23949907305123,0.49165429697427937,-1.4759726359088683,0.05196601501736098
2015-09-03,15.587499618530273,15.600000381469727,15.399999618530273,15.537500381469727,10.946104049682617,45.66127207550448,0.012215026802331552,-1.7743982486749403,85.44306272957604,0.5174268317993204,-1.4988830406654001,0.06045065593302551
2015-09-04,15.537500381469727,15.637499809265137,15.337499618530273,15.337499618530273,10.80520248413086,41.84524843989963,0.025919738119670965,-1.691615322445413,75.31643888732492,0.426653332693317,-1.553075942541864,0.05594880915340991
2015-09-07,15.324999809265137,15.574999809265137,15.274999618530273,15.3125,10.787590980529785,41.37975213779287,0.06521744248385053,-1.620581863198924,81.25001324548224,0.4313998549205599,-1.5598495967792219,0.05128384279588971
2015-09-08,15.375,15.412500381469727,15.274999618530273,15.362500190734863,10.822815895080566,42.75149414008515,0.02416666365844944,-1.520760816015722,84.02780279702199,0.485399918133323,-1.7199827702050492,0.0500161920116014
2015-09-09,15.662500381469727,16.037500381469727,15.662500381469727,16.037500381469727,11.298351287841797,57.28381120244799,0.06296598264449749,-1.0769055782070687,100.0,0.9267829579047088,-1.5484681570870538,0.07892995421548138
2015-09-10,15.949999809265137,15.949999809265137,15.787500381469727,15.862500190734863,11.175066947937012,53.4926310728483,0.0548632254278969,-0.8075469863658724,91.99999128069196,0.813216219003753,-1.6048267124720983,0.08684996045854737
2015-09-11,15.824999809265137,15.925000190734863,15.762499809265137,15.875,11.183871269226074,53.72815335366306,0.027508099405038955,-0.5812057639646838,90.2255432070296,0.8171730315029705,-1.6008018798828125,0.08942794851392938
2015-09-14,15.975000381469727,16.0,15.8125,15.912500381469727,11.210289001464844,54.473163244781674,0.021669509794471686,-0.37838338971483265,90.9090909090909,0.8264301991174338,-1.5887252022879466,0.08944274302217256
2015-09-15,15.9375,15.962499618530273,15.762499809265137,15.787500381469727,11.122225761413574,51.49664886785739,0.022671701880190298,-0.27902258148427295,75.9036233176272,0.737776739665383,-1.6289826834542411,0.08034043561292836
2015-09-16,15.912500381469727,16.0,15.850000381469727,15.975000381469727,11.254322052001953,55.43071537929755,0.028985608341671965,-0.10278711754570823,92.18750186264471,0.8220368770891712,-1.5685958077566966,0.079867818153319
2015-09-17,16.125,16.287500381469727,16.125,16.25,11.448054313659668,60.49189924516992,0.04585652225657455,0.17520328740078747,96.4285357468858,0.9228135864567883,-1.3674137714092547,0.08858032732506552
2015-09-18,16.25,16.25,16.137500762939453,16.212499618530273,11.421637535095215,59.499711402069025,0.05704983797107799,0.37107169824217745,92.8570714937716,0.8597066073666597,-1.3782514241536457,0.08834188187373998
2015-09-21,16.012500762939453,16.024999618530273,15.800000190734863,15.862500190734863,11.175066947937012,51.07839440417509,0.035918674345974955,0.3438176894859592,59.52379871117751,0.660401297403567,-2.0551672751897123,0.06825460041452369
2015-09-22,15.887499809265137,15.987500190734863,15.887499809265137,15.949999809265137,11.236706733703613,52.87407694764981,0.03824243548402029,0.3625393008492911,66.66663527000502,0.6995566706322472,-2.4901807063176076,0.056293161491765
2015-09-23,15.800000190734863,15.800000190734863,15.550000190734863,15.587499618530273,10.98132610321045,45.43335339831479,-0.02805942004764006,0.19064925854097778,30.864174274077786,0.4177254270736921,-3.5032991892104097,0.029692075790624273
2015-09-24,15.637499809265137,15.712499618530273,15.475000381469727,15.5,10.919686317443848,43.83009817661839,-0.022852715932973333,0.009338963980211775,22.222243153329995,0.31259567216933104,-4.494202941857666,0.007606029824239613
2015-09-25,15.537500381469727,15.587499618530273,15.399999618530273,15.5625,10.96371841430664,45.3146381318522,-0.01968485237533213,-0.10153520818862626,28.395078008145553,0.3594705288333184,-4.452267619129795,-0.0037658926821254116
2015-09-29,15.5625,15.5625,15.5625,15.5625,10.96371841430664,45.3146381318522,-0.021995025027988446,-0.18742914733783947,18.309886397338527,0.3601904088948252,-4.452267619129795,-0.010627717525412321
2015-09-30,15.362500190734863,15.649999618530273,15.362500190734863,15.600000381469727,10.990134239196777,46.302076267196114,-0.011876356859709003,-0.23368280030065014,25.675691001337203,0.3832935830771408,-4.427109695232992,-0.01259297338136879
2015-10-01,15.649999618530273,15.925000190734863,15.550000190734863,15.899999618530273,11.201483726501465,53.531723051100215,-0.004694936332578892,-0.11499457425582955,58.10803426628437,0.6355180835849615,-4.405222540793683,0.0004446035312023165
2015-10-02,15.837499618530273,15.899999618530273,15.774999618530273,15.8125,11.139837265014648,51.359655509117914,-0.02692309454518038,-0.06513845724753052,48.64861799732559,0.5451119718484462,-4.4661078889763814,0.004779237019643711
2015-10-05,15.949999809265137,16.0,15.8125,15.850000381469727,11.166257858276367,52.253824872198955,-0.022359287451921284,-0.006368792304962293,52.70271245539641,0.5600454391901379,-4.440013495541047,0.009041146369211842
2015-10-06,16.037500381469727,16.174999237060547,15.962499618530273,15.975000381469727,11.254322052001953,55.20946066178619,0.0070921368466227985,0.10289087804624582,66.216223182426,0.665099514548117,-4.353036579622563,0.016947401276360196
2015-10-07,15.975000381469727,16.212499618530273,15.975000381469727,16.212499618530273,11.421637535095215,60.24478951370527,0.016457740312552316,0.30677377630443103,91.89181108385837,0.8940229002566054,-4.6423911816589385,0.03174240801596292
2015-10-08,16.274999618530273,16.325000762939453,16.149999618530273,16.174999237060547,11.395218849182129,59.11474096628561,0.037690597845981166,0.443496619353802,84.41543514770797,0.8322468510308817,-4.503848294038672,0.037643562809629716
2015-10-12,16.262500762939453,16.475000381469727,16.262500762939453,16.387500762939453,11.544923782348633,63.31412918815686,0.057257822864928754,0.6513365657482186,92.13486709854176,0.9785151052186605,-3.8135287675272456,0.048814875839265824
2015-10-13,16.399999618530273,16.412500381469727,16.287500381469727,16.325000762939453,11.500893592834473,61.319256079443036,0.04899571096489197,0.7746242412572437,86.51689053363748,0.8707148746935414,-3.8531064591814608,0.05022882135736328
2015-10-14,16.325000762939453,16.325000762939453,16.237499237060547,16.262500762939453,11.456863403320312,59.3069012768647,0.04497972041767895,0.8307547951863019,80.8989139687332,0.7864695673226839,-3.892684150835676,0.04533843494623832
2015-10-15,16.412500381469727,16.587499618530273,16.412500381469727,16.5,11.624178886413574,64.12494281088703,0.05769216584775183,0.98256745924862,92.85717066107178,0.928306299897244,-3.433692286133569,0.05013722917324521
2015-10-16,16.487499237060547,16.5,16.399999618530273,16.4375,11.580148696899414,62.04312579576353,0.03380489403399922,1.0585545201197275,87.75512746155134,0.8398442428473206,-3.4696353147710597,0.04715559341981934
2015-10-19,16.5,16.549999237060547,16.424999237060547,16.487499237060547,11.615374565124512,63.07593686212675,0.042687993441638206,1.1300867502893837,91.83669974036691,0.8541291513972192,-3.44087949054305,0.04440409647206511
2015-10-20,16.5,16.524999618530273,16.450000762939453,16.487499237060547,11.615374565124512,63.07593686212675,0.040220879057997205,1.172689160340509,91.83669974036691,0.8302729786941991,-3.44087949054305,0.03959184555185047
2015-10-21,16.524999618530273,16.537500381469727,16.350000381469727,16.375,11.536118507385254,58.89432231508793,0.025038954286293436,1.1371414131039188,79.51809776109319,0.7281717101859893,-3.5055783434085503,0.028592045837305582
2015-10-22,16.325000762939453,16.399999618530273,16.3125,16.375,11.536118507385254,58.89432231508793,0.010023166287519869,1.0962010900734365,73.84620079627405,0.7095999531980984,-3.5055783434085503,0.019283407480836262
2015-10-23,16.549999237060547,16.625,16.462499618530273,16.475000381469727,11.606568336486816,61.52391230784808,0.018547207394780107,1.1004471932692197,81.53850848858173,0.7530136658314666,-3.356995977571088,0.01597472322814461
2015-10-26,16.125,16.212499618530273,16.112499237060547,16.137500762939453,11.724631309509277,65.50630760675122,0.015565934478961596,1.172751379580831,26.415251870640095,0.8417511195617856,-3.2634807372866703,0.019602290651596882
2015-10-27,16.125,16.137500762939453,15.987500190734863,16.049999237060547,11.661057472229004,61.797182116600766,0.013926211741870143,1.1715374539351204,11.538292247063415,0.7565427890046419,-3.3138362595716817,0.015750888687178805
2015-10-28,16.049999237060547,16.0625,15.899999618530273,15.9375,11.579322814941406,57.30465399135943,0.010688738035019574,1.1005628925559892,5.172463688047376,0.6502297949685644,-3.3785765919565023,0.006218829889996266
2015-10-29,16.024999618530273,16.075000762939453,15.774999618530273,15.824999809265137,11.497587203979492,53.14395982235011,-0.010890376315702,0.9759154916617406,5.882372740634362,0.5215704743658502,-4.151687168154546,-0.0063883031167499965
2015-10-30,15.824999809265137,15.862500190734863,15.699999809265137,15.800000190734863,11.47942066192627,52.23615447659521,-0.00869833692205646,0.854595811154826,10.810849821585615,0.47232183140538475,-4.9447873265472975,-0.01619055661560742
2015-11-02,15.774999618530273,15.850000381469727,15.649999618530273,15.824999809265137,11.497587203979492,53.098946470286876,-0.010140642515195308,0.762398687849822,17.948730488809247,0.46776921083717454,-4.640882861452208,-0.02136532155209822
2015-11-03,15.949999809265137,16.100000381469727,15.949999809265137,16.075000762939453,11.679222106933594,60.735812283597035,0.005496812991359512,0.8070984271505207,43.58984391047398,0.8180216520536547,-4.454590726181139,-0.012887531787808451
2015-11-04,16.1875,16.399999618530273,16.174999237060547,16.387500762939453,11.906269073486328,67.79502953410699,0.03208623124529364,0.9890012681376216,75.64111342166473,1.2160275595811567,-4.221722133647379,0.006630460120492718
2015-11-05,16.412500381469727,16.412500381469727,16.3125,16.350000381469727,11.879021644592285,66.25554036420138,0.029724307789271487,1.1004261044985753,71.79492195523699,1.0475593230981264,-4.249668203630418,0.015801485061460938
2015-11-06,16.350000381469727,16.350000381469727,15.912500381469727,16.024999618530273,11.64289665222168,54.66972098687431,0.0031299790499368374,1.0128636533948137,38.46152341342891,0.5719304715284066,-4.491847588231959,0.004640378373792914
2015-11-09,16.0,16.087499618530273,15.899999618530273,15.912500381469727,11.56116008758545,51.32404024097064,-0.013942546900493569,0.8766785647262885,26.923144639569934,0.40057654481170457,-4.575679929418349,-0.008837298446913194
2015-11-10,15.824999809265137,15.850000381469727,15.712499618530273,15.725000381469727,11.424931526184082,46.24439676546078,-0.020249102331178714,0.6663918487738711,7.6923829328554865,0.1393941212547966,-4.715401476189453,-0.02651784439738808
2015-11-11,15.725000381469727,15.75,15.487500190734863,15.537500381469727,11.288704872131348,41.790236620138984,-0.025098008532507543,0.3998910318671998,4.395621900557952,-0.04934187098189157,-4.0732492506843405,-0.04584526260693056
2015-11-12,15.550000190734863,15.600000381469727,15.462499618530273,15.5625,11.306869506835938,42.58435675164834,-0.01658762780051315,0.19858651366023405,10.526347490533535,0.05567994686631051,-3.9567344069173145,-0.05523435125433647
2015-11-13,15.449999809265137,15.612500190734863,15.387499809265137,15.399999618530273,11.188803672790527,38.87231360173649,-0.025316346329186223,-0.04382984192660045,1.2194929060626671,-0.02505362725571436,-3.77488524390554,-0.06647011592514518
2015-11-16,15.300000190734863,15.324999809265137,15.149999618530273,15.287500381469727,11.107068061828613,36.500228504911455,-0.033965312480144894,-0.29108818417639937,10.891142958148642,-0.02634644962697297,-3.122969838037048,-0.07580433519821908
2015-11-17,15.5,15.649999618530273,15.5,15.587499618530273,11.325031280517578,45.968922590568404,-0.030326576819336593,-0.3297358638634457,34.65344440516442,0.2640031608238779,-2.9751982025668386,-0.0641585348859251
2015-11-18,15.587499618530273,15.587499618530273,15.300000190734863,15.350000381469727,11.152477264404297,40.7840846630966,-0.06331049671644207,-0.4773270842385052,15.841635016029274,0.10913819186043346,-3.092183945947694,-0.06474902417085696
2015-11-19,15.487500190734863,15.574999809265137,15.387499809265137,15.574999809265137,11.315949440002441,46.895043672130555,-0.04740055380286068,-0.47310517803363916,33.66336110129111,0.3072525084986228,-2.9813553809847093,-0.051386045634919705
2015-11-20,15.587499618530273,15.625,15.512499809265137,15.574999809265137,11.315949440002441,46.895043672130555,-0.02808126035859393,-0.46444180235601323,33.66336110129111,0.32440748095696953,-3.418869593330856,-0.040293106362116
2015-11-23,15.649999618530273,15.6875,15.537500381469727,15.649999618530273,11.370440483093262,48.932400112160224,-0.01649658019154887,-0.4140936688352699,39.603936463045045,0.4004093939487845,-3.3757083971633777,-0.027635166719469126
2015-11-24,15.625,15.662500381469727,15.462499618530273,15.487500190734863,11.252376556396484,44.911984157337244,-0.015103370150808315,-0.45291489070084834,26.732702435663846,0.28987629679565613,-3.4692243221929133,-0.02560893419342042
2015-11-25,15.462499618530273,15.524999618530273,15.375,15.487500190734863,11.252376556396484,44.91198415733724,-0.0032181119221699195,-0.47828133091060543,28.12502980230344,0.30929554500221673,-3.4692243221929133,-0.022759736250757313
2015-11-26,15.574999809265137,15.737500190734863,15.574999809265137,15.699999809265137,11.406767845153809,51.015850025644326,0.008835189816020605,-0.38406921203996497,58.66668701171876,0.4877239063993689,-3.346934266385059,-0.00963931378765348
2015-11-27,15.725000381469727,15.725000381469727,15.449999809265137,15.487500190734863,11.252376556396484,45.577322365197865,0.005681830289019807,-0.41452386822028175,48.21431490836562,0.328509091280034,-3.4692243221929133,-0.010452693786434875
2015-11-30,15.225000381469727,15.300000190734863,15.112500190734863,15.300000190734863,11.116147994995117,41.385047635770604,0.0008174914492249385,-0.5298644597499115,29.411773505647997,0.2082684904643649,-3.4561166226142555,-0.018773945870215053
2015-12-01,15.425000190734863,15.612500190734863,15.362500190734863,15.600000381469727,11.334114074707031,49.4040781699194,0.00080201051674611,-0.4605299514599602,78.00003051757812,0.45961701906902236,-3.2884504320510812,-0.008718108787969636
2015-12-02,15.612500190734863,15.6875,15.537500381469727,15.574999809265137,11.315949440002441,48.804840935274555,0.01465792502620955,-0.4137719639307802,73.99993896484375,0.4664655820590713,-3.3024232259276127,-0.0027204520524114623
2015-12-03,15.475000381469727,15.637499809265137,15.425000190734863,15.600000381469727,11.334114074707031,49.46494651537918,0.0016052240955033437,-0.3596044897495429,78.00003051757812,0.5396192847349841,-3.435240835287562,0.0027438583475430656
2015-12-04,15.487500190734863,15.487500190734863,15.350000381469727,15.4375,11.216050148010254,45.37017044756468,-0.00882818472474245,-0.3963816576611454,51.99996948242187,0.3245147345183882,-4.378361363549667,-0.0011126129256125925
2015-12-07,15.550000190734863,15.75,15.550000190734863,15.625,11.352276802062988,50.46547518814054,-0.001597447439022348,-0.32454979947084633,80.39215099623466,0.6988458044379937,-5.480606666020108,0.00562175968291917
2015-12-08,15.5625,15.574999809265137,15.300000190734863,15.375,11.170639991760254,44.50506415826273,-0.0072639379091670175,-0.3928293637603437,41.17645298870401,0.21347757826786187,-6.565311966035719,-0.0016568757180505725
2015-12-09,15.300000190734863,15.337499618530273,15.175000190734863,15.1875,11.03441333770752,40.62924503169905,-0.019370416337965768,-0.538546602838286,11.764679483056009,-0.05336605723294713,-6.779000899072055,-0.014435288526821168
2015-12-10,15.100000381469727,15.1875,14.9375,15.137499809265137,10.998085021972656,39.63788278450202,-0.03582810036366102,-0.6729739190589313,24.615361140324516,-0.028907734075798892,-5.230510742187501,-0.02358281023842064
2015-12-11,15.137499809265137,15.175000190734863,14.949999809265137,14.962499618530273,10.870939254760742,36.29950379195792,-0.03389837690944597,-0.8620069517772401,3.0768761268028846,-0.12656764968856038,-5.386997840294471,-0.0357170391409746
2015-12-14,14.8125,14.912500381469727,14.75,14.850000381469727,10.789205551147461,34.299647443052564,-0.029411487144184956,-1.0600353290093438,10.000038146972656,-0.11694436002774139,-4.342794448852539,-0.04610768375372462
2015-12-15,14.925000190734863,15.012499809265137,14.837499618530273,14.862500190734863,10.798285484313965,34.7298557991178,-0.04727573649437766,-1.197899193986681,11.250019073486328,-0.0038362548890715,-4.333714515686035,-0.048960185872171075
2015-12-16,15.0,15.100000381469727,14.925000190734863,15.087499618530273,10.961758613586426,42.08288768762046,-0.03130014218373345,-1.17512086681399,33.749961853027344,0.2318558067659855,-4.170241386413574,-0.036973790186637934
2015-12-17,15.137499809265137,15.262499809265137,15.087499618530273,15.262499809265137,11.08890151977539,47.076668681837084,-0.021634911499510245,-1.0522414246468568,51.24998092651367,0.4067145280175048,-4.043098480224609,-0.01854924671950639
2015-12-18,15.212499618530273,15.3125,15.125,15.1875,11.03441333770752,45.27499605338612,-0.016194365030987035,-0.9832640606501029,43.75,0.35364304506043537,-4.09758666229248,-0.008604236207990168
2015-12-21,15.012499809265137,15.1875,14.975000381469727,15.162500381469727,11.016249656677246,44.661391408413806,-0.029599978158097562,-0.9311521117594703,41.250038146972656,0.34886426234403456,-4.115750343322754,-0.0021576109712285463
2015-12-22,15.175000190734863,15.225000381469727,15.100000381469727,15.199999809265137,11.043496131896973,45.847006797125005,-0.011381967367766421,-0.8600755537642061,44.99998092651367,0.3982984788393281,-4.088503868103027,0.004661239120162836
2015-12-23,15.237500190734863,15.324999809265137,15.199999809265137,15.225000381469727,11.061656951904297,46.667206736542596,0.0024689680695282323,-0.7814797409733923,47.500038146972656,0.43463723181450775,-4.070343048095703,0.010765487953100145
2015-12-24,15.337499618530273,15.412500381469727,15.300000190734863,15.300000190734863,11.116147994995117,49.1555766586638,0.010734866368698581,-0.6716734885367434,55.00001907348633,0.5306452414402366,-4.0158520050048825,0.01839581698923415
2015-12-25,15.300000190734863,15.399999618530273,15.300000190734863,15.399999618530273,11.188803672790527,52.348071575402024,0.029239830209756956,-0.5256455568828629,78.78785076438459,0.6440316198304448,-3.9431963272094723,0.027699965837988352
2015-12-28,15.425000190734863,15.425000190734863,15.350000381469727,15.362500190734863,11.161559104919434,51.053554098942016,0.03451167484082007,-0.4248954729578233,90.74074335713046,0.5996943439155316,-3.970440895080566,0.03112695954246686
2015-12-29,15.350000381469727,15.350000381469727,15.199999809265137,15.25,11.079824447631836,47.27641666349218,0.026072561586452325,-0.39989347969041017,74.07405314295644,0.49714410671603304,-4.052175552368164,0.027142242744191636
2015-12-30,15.287500381469727,15.287500381469727,15.112500190734863,15.137499809265137,10.998085021972656,43.78745252791863,0.003313921576525658,-0.4345857812783104,57.40736292878245,0.38705669457011693,-4.133914978027343,0.018658727862621488
2015-12-31,15.137499809265137,15.237500190734863,15.125,15.1875,11.03441333770752,45.70527309429818,-0.004913758316881012,-0.43072920020537625,64.81479650008689,0.469916760005685,-4.09758666229248,0.015292453780005683
2016-01-04,15.199999809265137,15.237500190734863,14.762499809265137,14.887499809265137,10.816450119018555,37.44972409803094,-0.019753040965406532,-0.5801822159120477,18.867913664093784,0.11614904282736056,-4.315549880981445,-0.0009531135083893083
2016-01-05,14.875,14.9375,14.712499618530273,14.762499809265137,10.725631713867188,34.64197894452916,-0.026380842107541325,-0.7571561031425288,7.017564993689024,-0.011458662337102651,-5.004454519420121,-0.016303295478024865
2016-01-06,14.762499809265137,14.762499809265137,14.475000381469727,14.612500190734863,10.616649627685547,31.5820245102573,-0.03865139255842753,-0.9675363650043113,14.47366703910166,-0.08188696302449909,-4.443422661514815,-0.031409590554008535
2016-01-07,14.574999809265137,14.574999809265137,14.175000190734863,14.337499618530273,10.416847229003906,26.89208716962341,-0.058292326882310785,-1.2692636277301972,12.999954223632812,-0.16965841434416798,-3.388522369384765,-0.05129547646063001
2016-01-08,14.25,14.425000190734863,14.212499618530273,14.362500190734863,10.435012817382812,27.939832648041772,-0.06127438910663796,-1.480368701298592,15.0,-0.03021817241779417,-3.37398989868164,-0.059107545816638185
2016-01-11,14.225000381469727,14.237500190734863,14.0,14.137499809265137,10.271539688110352,24.532498117058665,-0.08198052370074405,-1.752312351881776,9.649108130591125,-0.07211604514225035,-2.998463026553636,-0.07039949984914604
2016-01-12,14.199999809265137,14.25,14.074999809265137,14.125,10.262459754943848,24.354835061985625,-0.08055320421851364,-1.9551560005658652,8.77192865044729,0.006117138473196943,-3.0048349086246278,-0.07326716750552781
2016-01-13,14.25,14.375,14.1875,14.287500381469727,10.380522727966309,31.319562883726434,-0.06311487361291124,-2.005467465726398,20.17546266583056,0.14326656662488804,-2.9219837105756112,-0.06242337385061822
2016-01-14,14.125,14.175000190734863,13.962499618530273,14.175000190734863,10.298784255981445,29.30768345535411,-0.06358386615434453,-2.0847708797269733,14.529947970157995,0.1284938884232059,-2.887103541276638,-0.05616253741465538
2016-01-15,14.274999618530273,14.375,14.0625,14.175000190734863,10.298784255981445,29.30768345535411,-0.06666680495031252,-2.1245489059909044,14.529947970157995,0.16814012880228302,-2.887103541276638,-0.04775804905902695
2016-01-18,13.975000381469727,14.324999809265137,13.949999809265137,14.274999618530273,10.371439933776855,33.69827935668654,-0.04114198099607913,-2.0774570639940286,23.21426260229004,0.2469136842952546,-2.8081416610092784,-0.03370497250269289
2016-01-19,14.25,14.3125,14.162500381469727,14.3125,10.39868450164795,35.3205110526449,-0.030482793083089654,-1.9966958083748945,27.10280640384008,0.2883452515821703,-2.7896707723143574,-0.019669366284774337
2016-01-20,14.212499618530273,14.212499618530273,13.899999618530273,13.975000381469727,10.153475761413574,28.549830508537042,-0.04362712178653161,-2.097895805095713,5.607531278721628,0.15666803589850115,-2.8387360336793863,-0.023722982965418915
2016-01-21,14.024999618530273,14.074999809265137,13.899999618530273,13.949999809265137,10.135313987731934,28.119872845372882,-0.02702672268132067,-2.168809894862673,3.7383304182403774,0.17978279704990577,-2.850645389002044,-0.024358400368591243
2016-01-22,14.087499618530273,14.149999618530273,14.0,14.137499809265137,10.271539688110352,35.91565320554098,-0.01566582927432003,-2.0963303118300822,22.891576232330603,0.29332703165629737,-2.761317094402465,-0.012909881417053404
2016-01-25,14.25,14.449999809265137,14.25,14.387499809265137,10.45317554473877,44.55086087325492,0.017683410875456884,-1.87650168831201,56.521748745296584,0.44163341331290146,-2.642211659336405,0.00843985877226619
2016-01-26,14.25,14.287500381469727,14.175000190734863,14.25,10.353276252746582,41.25799212573223,0.008849388935141533,-1.7594480602471183,51.851893714087105,0.38352130026385983,-2.8280148273258456,0.01689015234252156
2016-01-27,14.350000381469727,14.362500190734863,14.237500190734863,14.3125,10.39868450164795,43.30910089783077,0.0017496010709279197,-1.6129112826628913,75.00004334881754,0.4452984111448646,-2.905468966939309,0.026047036044558602
2016-01-28,14.287500381469727,14.4375,14.25,14.387499809265137,10.45317554473877,45.7568120201173,0.014991214974491296,-1.437910858989997,88.63636757716523,0.5292820291976811,-2.959063625558033,0.03568705401976688
2016-01-29,14.375,14.774999618530273,14.3125,14.75,10.71654987335205,55.71043589869332,0.04056455664929293,-1.0829307993621105,97.14290073939732,0.9163785724257614,-2.7621483239225624,0.05837365080363613
2016-02-01,14.875,14.899999618530273,14.774999618530273,14.887499809265137,10.816450119018555,58.79876816397634,0.04290727112948178,-0.7170312947612779,98.75001907348633,1.0526929221147456,-3.3540948103590598,0.07748274211295281
2016-02-02,14.862500190734863,14.887499809265137,14.75,14.837499618530273,10.780121803283691,57.23578728744834,0.03668130344519005,-0.4504996433931474,93.75,0.9854970204253565,-3.5018778152465817,0.08447740477960838
2016-02-03,14.75,14.8125,14.649999618530273,14.737500190734863,10.707467079162598,54.136384882108274,0.05456174129595759,-0.29184688942394305,83.75005722045898,0.871027173257862,-3.5745325393676755,0.08100149888179951
2016-02-15,14.574999809265137,14.774999618530273,14.524999618530273,14.75,10.71654987335205,54.46832840461231,0.05734759538023804,-0.1575448699748099,85.00003814697266,0.8438704536694304,-3.5654497451782223,0.07617673485119311
2016-02-16,14.774999618530273,15.087499618530273,14.774999618530273,15.0625,10.943593978881836,61.89298378023551,0.0654287780778775,0.11975913190669193,97.89476896587172,1.0150584512363212,-2.871604749177632,0.08449561428238297
2016-02-17,15.100000381469727,15.125,14.987500190734863,14.987500190734863,10.889103889465332,59.389944873990416,0.04170295838435156,0.29395321508424904,88.77552926961805,0.9001559357518378,-2.83987329915158,0.08245714819174543
2016-02-18,15.199999809265137,15.287500381469727,15.125,15.225000381469727,11.061656951904297,64.31191784513483,0.06842092124894195,0.5549012578626428,95.49549797236924,0.9854667531642439,-2.4276512475084204,0.08833518536114911
2016-02-19,15.199999809265137,15.262499809265137,15.149999618530273,15.212499618530273,11.052576065063477,63.87317060676852,0.06288214276641435,0.7449795926453889,94.17469975008184,0.9145219415378347,-2.4341960272183663,0.08707420891555678
2016-02-22,15.212499618530273,15.399999618530273,15.137499809265137,15.199999809265137,11.043496131896973,63.407368193756106,0.05647284737845237,0.8777318440481957,83.67347733173479,0.8610658893607038,-2.2863356577555343,0.08120634063655001
2016-02-23,15.25,15.287500381469727,15.175000190734863,15.212499618530273,11.052576065063477,63.692512132043575,0.031355818400751634,0.9776813567456556,84.69387040143869,0.8300112105240134,-2.280282368977865,0.07373239972601485
2016-02-24,15.199999809265137,15.324999809265137,15.050000190734863,15.074999809265137,10.952675819396973,58.30889806120579,0.01259430764062719,0.9709678824813037,72.0430133990282,0.726605591901009,-2.3468825327555343,0.058520688468404976
2016-02-25,15.149999618530273,15.337499618530273,15.125,15.274999618530273,11.09798526763916,63.18350856891001,0.029486073548690817,1.0609046032593934,89.13043117703351,0.8071379983150189,-2.2500095672607423,0.05477184502721384
2016-02-26,15.337499618530273,15.425000190734863,15.225000381469727,15.3125,11.12523078918457,64.03267084223506,0.03901610968619895,1.1385399515745638,89.88762503846843,0.8039725471232618,-2.201519861120057,0.05074482553160828
2016-03-01,15.3125,15.487500190734863,15.274999618530273,15.462499618530273,11.234211921691895,67.28324030473001,0.048304916643655105,1.2650261709846642,97.40253949695568,0.8696859446598579,-2.2413530915392594,0.051855071710846065
2016-03-02,15.587499618530273,15.6875,15.5625,15.587499618530273,11.325031280517578,69.73774750456087,0.03485484771929692,1.4144190245191415,91.3978194705366,0.9120026114226332,-2.266277203051002,0.05484982538561324
2016-03-03,15.587499618530273,15.824999809265137,15.587499618530273,15.737500190734863,11.434013366699219,72.41241095554342,0.05004171902162313,1.5924670208282274,93.26926110058402,0.9478475787962093,-2.0432045198393207,0.05990285089475274
2016-03-04,15.725000381469727,15.824999809265137,15.6875,15.774999618530273,11.461259841918945,73.05363236828416,0.03612504815075246,1.7315481588115311,96.15383204624,0.9321914094290412,-2.1308132383843943,0.06062836691081919
2016-03-07,15.800000190734863,15.925000190734863,15.725000381469727,15.774999618530273,11.461259841918945,73.05363236828416,0.036976336959787526,1.8192046070069516,86.95647847226427,0.9026295516900019,-2.046919307774864,0.05672646035816181
2016-03-08,15.75,15.774999618530273,15.625,15.762499809265137,11.45217514038086,72.40287397573371,0.037006307024774365,1.859459999150756,82.6666259765625,0.8726818313661066,-2.1558446643628653,0.04941966387020513
2016-03-09,15.762499809265137,15.787500381469727,15.662500381469727,15.774999618530273,11.461259841918945,72.66510259876836,0.036976336959787526,1.8753227741077763,82.85707746233258,0.844677812838422,-2.57038466029113,0.04140867412704219
2016-03-10,15.762499809265137,15.850000381469727,15.712499618530273,15.8125,11.488503456115723,73.4789549307056,0.0489220758063349,1.8848518067988749,87.14283534458706,0.8329622465914017,-2.550924943818388,0.034440739652773805
2016-03-11,15.800000190734863,15.9375,15.762499809265137,15.887499809265137,11.542993545532227,75.07726607453841,0.04009811395142826,1.908471591128818,94.36617448106675,0.8473586839750785,-2.4931541717923134,0.030152151636290425
2016-03-14,16.0,16.0625,15.987500190734863,16.0,11.624731063842773,77.28836282336434,0.04489796968021498,1.9617318814678746,93.82715933098675,0.8899348617943489,-2.268353063480268,0.0294378853466839
2016-03-15,16.0,16.024999618530273,15.75,15.762499809265137,11.45217514038086,64.31587291884091,0.019401736428712457,1.859239393693589,70.37034595072164,0.7072184099793106,-2.9628337814675394,0.014705869415086587
2016-03-16,15.837499618530273,15.9375,15.837499618530273,15.899999618530273,11.552077293395996,67.69643803138524,0.020048157683149492,1.8274745065882498,82.6666259765625,0.785519604805769,-3.5777427970962163,0.009314196473397207
2016-03-17,16.137500762939453,16.225000381469727,16.012500762939453,16.075000762939453,11.679222106933594,71.40883617312576,0.021445553050386312,1.8699616468284288,85.00003814697266,0.8876336383827196,-3.2507468396861565,0.011776843983078183
2016-03-18,16.100000381469727,16.212499618530273,16.075000762939453,16.174999237060547,11.751877784729004,73.2973253125127,0.02535654429080636,1.931445029601511,94.7367258680437,0.9120871836829433,-3.1889122303232678,0.015529120180255374
2016-03-21,16.225000381469727,16.262500762939453,16.049999237060547,16.149999618530273,11.733713150024414,72.01659689504062,0.023771671863592525,1.9438975161996817,83.92842545817189,0.8537234476505319,-3.1170808046883782,0.014061675958850689
2016-03-22,16.087499618530273,16.137500762939453,15.962499618530273,16.100000381469727,11.697386741638184,69.40480289452205,0.021411792803682994,1.9056228505071355,75.92591022760988,0.7888404615282096,-3.14704071499191,0.008208446581748158
2016-03-23,16.100000381469727,16.212499618530273,16.0625,16.087499618530273,11.688305854797363,68.73373455087565,0.01980986523383832,1.8471846090012642,72.5488729453018,0.7570125431468858,-3.1545301026664325,0.0016331648161446444
2016-03-24,16.0625,16.125,15.925000190734863,16.087499618530273,11.688305854797363,68.73373455087565,0.01739150790569499,1.78000582059588,72.5488729453018,0.7489490759372558,-3.403267551787624,-0.004474199592198219
2016-03-25,16.125,16.125,15.987500190734863,16.012500762939453,11.633814811706543,64.40030841205467,0.007868086022578602,1.6693374115795931,60.78436065750342,0.6620662559960201,-3.84338240901261,-0.013435417794982585
2016-03-28,16.012500762939453,16.100000381469727,15.949999809265137,16.024999618530273,11.64289665222168,64.79864869337024,0.001562667409606311,1.5697715368019567,60.41650109831422,0.66315732393519,-4.060074690720155,-0.019627919453141823
2016-03-29,16.0,16.075000762939453,15.875,15.912500381469727,11.56116008758545,58.458718530210604,0.009516528158943771,1.417580681621328,36.36369941635253,0.48873385542338826,-6.098193644721284,-0.029511504500194186
2016-03-30,16.012500762939453,16.225000381469727,16.0,16.174999237060547,11.751877784729004,66.65638893756139,0.017295633179950087,1.4133533006034473,82.92655695241497,0.8612309744997602,-6.064393082694019,-0.023735818074946957
2016-03-31,16.274999618530273,16.350000381469727,16.112499237060547,16.162500381469727,11.742795944213867,65.98858809877956,0.005443328048580609,1.387347225765769,68.7500198682023,0.8100539661029865,-5.736761397388644,-0.021144615682213624
2016-04-01,16.0625,16.087499618530273,15.899999618530273,15.975000381469727,11.606568336486816,56.79670920503837,-0.012364785518022448,1.257541627825395,37.50003973640459,0.4904797456570542,-5.924661447111224,-0.02875117427005408
2016-04-06,15.824999809265137,15.824999809265137,15.587499618530273,15.600000381469727,11.334114074707031,43.689141093120426,-0.0340556369674464,0.95425043184792,1.6394426795407357,-0.06436605719226964,-5.960204967856517,-0.05097888057605782
2016-04-07,15.625,15.625,15.399999618530273,15.537500381469727,11.288704872131348,41.95141809523498,-0.034937877881055734,0.6740314006571183,14.473752896155991,-0.06846663583304148,-4.709675204889233,-0.06659994947844919
2016-04-08,15.449999809265137,15.699999809265137,15.449999809265137,15.6875,11.397686958312988,47.36265946141556,-0.02486407355306275,0.5219189656088813,30.26317374526677,0.14937511762064176,-4.594957311564145,-0.06725653768470283
2016-04-11,15.625,15.774999618530273,15.537500381469727,15.75,11.443096160888672,49.47603258140211,-0.02097906206039668,0.42821184349010366,36.842115830177846,0.23901691396071842,-4.5471581893453585,-0.062403041521951044
2016-04-12,15.762499809265137,15.875,15.6875,15.737500190734863,11.434013366699219,49.0518063421648,-0.017174198510214733,0.34360159882297236,35.52634749053353,0.23991121610894386,-4.556719017656011,-0.05768568228950037
2016-04-13,15.8125,16.049999237060547,15.8125,16.012500762939453,11.633814811706543,57.653500732518275,-0.000780032734672087,0.41196384729446384,64.47375289615599,0.5827100878050108,-4.346401876026454,-0.0398389613211632
2016-04-14,16.100000381469727,16.149999618530273,16.024999618530273,16.0625,11.67014217376709,59.0085902719328,0.009426570115456334,0.4857723001589647,69.73682625473323,0.628509730621222,-4.308162578251425,-0.025040298395198973
2016-04-15,15.949999809265137,16.075000762939453,15.887499809265137,16.0625,11.67014217376709,59.0085902719328,-0.006955110703084855,0.5378396137509209,69.73682625473323,0.6177841203977938,-4.308162578251425,-0.015189125037895254
2016-04-18,16.012500762939453,16.049999237060547,15.962499618530273,15.962499618530273,11.597485542297363,54.931217071018786,-0.012374429616832772,0.522227853036285,59.21047876419969,0.4984038522443019,-4.384643181535274,-0.01355751447196471
2016-04-19,16.075000762939453,16.162500381469727,15.875,15.899999618530273,11.552077293395996,52.49010969090751,-0.004694845324739072,0.4726950711672212,52.631536679288615,0.43422634453044245,-4.432441299887166,-0.015393469910039384
2016-04-20,15.875,16.024999618530273,15.637499809265137,15.662500381469727,11.379522323608398,44.41301271139911,0.0040063342050438155,0.30929468213802597,27.631637065978147,0.16137916056576052,-4.614077964318556,-0.02738570658100206
2016-04-21,15.725000381469727,15.787500381469727,15.637499809265137,15.737500190734863,11.434013366699219,47.17728529794788,0.012872025286673638,0.21532509586846033,35.52634749053353,0.28098099057816284,-4.556719017656011,-0.030563087020480606
2016-04-22,15.737500190734863,15.850000381469727,15.699999809265137,15.800000190734863,11.47942066192627,49.433874985822776,0.007171078124203811,0.1706705078779991,52.45903894739475,0.3778683585001589,-4.508921903171015,-0.028558966922975153
2016-04-25,15.800000190734863,15.837499618530273,15.725000381469727,15.8125,11.488503456115723,49.894971374150984,0.003968095224284429,0.14003067348115353,54.09835655501914,0.4099800069759032,-4.499361074860363,-0.025665295091456604
2016-04-26,15.774999618530273,15.975000381469727,15.774999618530273,15.875,11.533913612365723,52.23982718414416,0.008737111149218713,0.1459018078661137,62.29506966505741,0.5034136218491246,-4.451560948774681,-0.019988936747084157
2016-04-27,15.800000190734863,15.899999618530273,15.75,15.850000381469727,11.515750885009766,51.20758437134355,-0.010148341589379162,0.13624883845003266,56.14038610059282,0.4808553845039393,-4.4706795937953,-0.016877522573892037
2016-04-28,15.875,15.887499809265137,15.537500381469727,15.600000381469727,11.334114074707031,42.222339521896494,-0.02879383079114528,0.0011373013294819717,10.0,0.17084003775524745,-4.661876082670447,-0.025930937968773073
2016-04-29,15.462499618530273,15.5,15.337499618530273,15.399999618530273,11.188803672790527,36.67767864755699,-0.041245298798376795,-0.20615753503142467,7.575750569892126,-0.019040695460485296,-4.479474389743088,-0.039757069498939375
2016-05-03,15.399999618530273,15.399999618530273,15.175000190734863,15.1875,11.03441333770752,31.886449441805098,-0.04855123143169737,-0.47496836059111375,1.265803225398346,-0.13969257453758993,-4.574998534963384,-0.056338704097305174
2016-05-04,15.1875,15.212499618530273,14.949999809265137,15.024999618530273,10.91634750366211,28.789281562950265,-0.055031642672380254,-0.7646517321800136,6.185548360506812,-0.13301481246289665,-3.7087219810618066,-0.07133164585200692
2016-05-05,15.024999618530273,15.0625,14.912500381469727,15.050000190734863,10.934514045715332,29.91726401602955,-0.03910605957245106,-0.9718354174510049,10.999984741210938,-0.014123987452508788,-3.564389068603515,-0.0756862597002038
2016-05-06,15.0,15.0,14.862500190734863,14.925000190734863,10.843694686889648,27.566398164204372,-0.05162830065677837,-1.1890662900289823,4.8076916023119995,-0.01860200517601927,-3.4733883955459013,-0.07992742094922115
2016-05-09,14.975000381469727,15.0,14.850000381469727,14.925000190734863,10.843694686889648,27.566398164204372,-0.055379621825788594,-1.34735380059062,5.714271182105655,0.053843655903894366,-3.434423386346726,-0.0778970935564866
2016-05-10,14.925000190734863,15.050000190734863,14.850000381469727,15.0,10.898186683654785,31.321735400453562,-0.051383261076245024,-1.4181900163918257,12.765933270350205,0.1465296718326335,-3.3929056745256694,-0.06838725653542313
2016-05-11,15.050000190734863,15.074999809265137,14.887499809265137,14.962499618530273,10.870939254760742,30.47104086936187,-0.0574804337787127,-1.477898457839823,9.999932183159723,0.1640140301267006,-3.413665620349702,-0.059748479948811106
2016-05-12,14.925000190734863,15.0,14.912500381469727,14.949999809265137,10.861857414245605,30.176846266356492,-0.05678253005762257,-1.5151235596773711,8.88883802625868,0.1906760284519331,-3.4205851178850444,-0.050813061826945324
2016-05-13,14.887499809265137,14.887499809265137,14.75,14.787500381469727,10.743794441223145,26.58360911192895,-0.05208343851075503,-1.613172968706057,3.0612546768952424,0.1377707979895544,-3.2182509570498965,-0.04899923195120426
2016-05-16,14.787500381469727,14.925000190734863,14.774999618530273,14.899999618530273,10.825531005859375,32.569841348853004,-0.03246751641684231,-1.6132822700369354,12.244863005700246,0.22731546254676988,-3.160384378245024,-0.03888174069297107
2016-05-17,14.912500381469727,15.024999618530273,14.8125,15.012499809265137,10.907267570495605,38.01294053844428,-0.011522657645733014,-1.5359921466752973,22.82607794258381,0.3134059529563754,-3.1025177994401516,-0.02400143160695703
2016-05-18,14.925000190734863,15.0,14.8125,14.987500190734863,10.889103889465332,37.29252019147829,-0.002495671211239614,-1.4712891407424533,20.879141148014472,0.31809220553411455,-3.410154718183546,-0.013236627144060653
2016-05-19,15.0,15.012499809265137,14.824999809265137,14.912500381469727,10.834612846374512,35.14086400183476,-0.009136318168612712,-1.443697383956142,21.666717529296875,0.292345713758365,-3.578233415803429,-0.007903808514909683
2016-05-20,14.962499618530273,15.074999809265137,14.899999618530273,15.0,10.898186683654785,39.52482108023708,0.00502522418221707,-1.3595036210491442,38.46156103372488,0.36711697175172686,-3.5263364219396403,0.001297430686676121
2016-05-23,15.024999618530273,15.5,14.962499618530273,15.5,11.261458396911621,57.28979660801056,0.03852595651988078,-1.0136426815049508,100.0,0.7245777310601969,-3.229788176933389,0.03156403798498772
2016-05-24,15.4375,15.462499618530273,15.337499618530273,15.337499618530273,11.143394470214844,51.94867739799324,0.02249987026996192,-0.8170948191897669,78.33328247070312,0.6379249369640566,-3.3261668625915326,0.042657727453222605
2016-05-25,15.4375,15.5625,15.4375,15.5,11.261458396911621,56.33291310265404,0.035923219971987,-0.568531130620333,92.3076923076923,0.8118060351015731,-3.4155154437240745,0.05612455630954925
2016-05-26,15.512499809265137,15.537500381469727,15.449999809265137,15.537500381469727,11.288704872131348,57.30115193033911,0.03929783292182787,-0.34803174726068703,96.92312387319711,0.9058274557196455,-3.424897325938688,0.06444919273365536
2016-05-27,15.600000381469727,15.662500381469727,15.550000190734863,15.649999618530273,11.370440483093262,60.155349091046276,0.05832632458656528,-0.11302049636517056,98.63005394920289,1.0039066529993608,-4.085625319546082,0.07244488796444337
2016-05-30,15.649999618530273,15.837499618530273,15.625,15.787500381469727,11.470340728759766,63.377567159230864,0.05956379622869168,0.14317665177799688,95.40236739318405,1.0466997234210904,-3.3977796980863366,0.08080936966883537
2016-05-31,15.762499809265137,15.837499618530273,15.699999809265137,15.787500381469727,11.470340728759766,63.377567159230864,0.05162366785493422,0.3413727826289308,95.40236739318405,0.9680283554146251,-3.3977796980863366,0.08240693844493088
2016-06-01,15.737500190734863,15.962499618530273,15.737500190734863,15.925000190734863,11.57024097442627,66.51784233626984,0.06255217067218033,0.5628097344730215,96.9072627139574,0.9829121082075412,-3.0044824956465246,0.08586696831067793
2016-06-02,15.925000190734863,16.012500762939453,15.850000381469727,15.925000190734863,11.57024097442627,66.51784233626984,0.06789611576180254,0.7288472721998733,92.9292532293887,0.918773079347961,-2.900619488332321,0.08374186373943276
2016-06-03,15.899999618530273,16.0,15.899999618530273,15.962499618530273,11.597485542297363,67.40192961712872,0.06416653329047795,0.8689521286441231,95.83324061505597,0.88929569425602,-2.879039645633723,0.07977532662486272
2016-06-06,16.0,16.149999618530273,15.912500381469727,16.012500762939453,11.633814811706543,68.59282075167397,0.033064670815374786,0.993483712300137,89.7197087994752,0.8715831241427212,-2.607847169561977,0.07526048801892589
2016-06-07,16.075000762939453,16.237499237060547,16.075000762939453,16.225000381469727,11.788206100463867,73.09181453560882,0.05786492006296107,1.186578486759467,99.1151249094431,0.9291021038528708,-2.373122970515901,0.07800156834527248
2016-06-08,16.25,16.387500762939453,16.25,16.3125,11.851777076721191,74.69892665942865,0.05241938113197331,1.3669555388168233,94.95793578234573,0.9168367481842703,-2.1519063040900526,0.0791731046044453
2016-06-13,16.075000762939453,16.112499237060547,15.925000190734863,15.9375,11.579322814941406,58.556865330116864,0.025744135053748618,1.3028886967535498,68.42102445285909,0.7026077627094467,-2.318290508571708,0.057674669987088326
2016-06-14,15.875,16.049999237060547,15.875,16.037500381469727,11.651976585388184,60.97844330263982,0.024760351431726724,1.287981652359759,66.66666666666666,0.7338609778569755,-2.3187570956275914,0.04498665642388447
2016-06-15,16.037500381469727,16.100000381469727,15.899999618530273,16.0625,11.67014217376709,61.582874294102275,0.017418963371014673,1.273905001499709,65.78942084911078,0.7266751333684992,-2.3771468597185117,0.03490612855303869
2016-06-16,16.024999618530273,16.024999618530273,15.75,15.837499618530273,11.506668090820312,53.54493610821964,0.0031670691324332534,1.1353338082059854,41.33327094190374,0.5776289273058897,-2.4809398779781873,0.015316982518671488
2016-06-17,15.962499618530273,16.100000381469727,15.962499618530273,16.012500762939453,11.633814811706543,58.12318394662703,0.005494599241345988,1.1016488993974747,55.22391118935347,0.6677938501358505,-2.424357151881621,0.009306744492573904
2016-06-20,16.125,16.162500381469727,16.087499618530273,16.125,11.715551376342773,60.797864167379906,0.012558978005530186,1.1188892142739306,65.57370488030617,0.7346754360161067,-2.5228038939373927,0.009203387508940647
2016-06-21,16.125,16.237499237060547,16.112499237060547,16.1875,11.760960578918457,62.24075569722703,0.014095731012113033,1.1505499407361452,70.90902028999983,0.7865238816136679,-2.62869225858005,0.010468463510145534
2016-06-22,16.1875,16.237499237060547,16.137500762939453,16.237499237060547,11.797286033630371,63.40124757107237,0.014051385944302108,1.186768162058136,76.92286248762058,0.8044246466886014,-3.753628310835726,0.011921366107604747
2016-06-23,16.200000762939453,16.212499618530273,16.137500762939453,16.200000762939453,11.770040512084961,61.86544392884492,-0.0015409968424450193,1.1825572380568345,70.58827049312757,0.7589589740925661,-4.242480571160109,0.009331708825668972
2016-06-24,16.1875,16.225000381469727,15.512499809265137,15.774999618530273,11.461259841918945,47.74858540696882,-0.03295009957361461,0.9541007072794773,29.999945504384172,0.25567694227512,-4.636651637113814,-0.013644176876896674
2016-06-27,15.800000190734863,15.9375,15.75,15.9375,11.579322814941406,52.236403476603215,0.0,0.845259100341363,48.57139743107667,0.4172389191520633,-4.877054522863636,-0.020922059749513444
2016-06-28,15.774999618530273,16.012500762939453,15.762499809265137,16.0,11.624731063842773,53.877214045853464,-0.002338274656299655,0.781553577296233,55.714246788845834,0.47749923310083897,-4.825159437823228,-0.022568189075314396
2016-06-29,16.037500381469727,16.25,16.037500381469727,16.174999237060547,11.751877784729004,58.20658118230839,0.007003823067866621,0.8099474006705205,75.71413779761417,0.7290506807719693,-4.67984905804328,-0.015330355769733628
2016-06-30,16.287500381469727,16.362499237060547,16.162500381469727,16.362499237060547,11.888104438781738,62.290705051085816,0.03314915707577626,0.9159118372419848,100.0,0.9706394703302729,-4.524161623097422,-0.0022892448754713163
2016-07-01,16.462499618530273,16.600000381469727,16.412500381469727,16.5625,12.033413887023926,66.09655202258507,0.034348069123060654,1.0868155829242574,96.55169087463509,1.1126693829222578,-3.5811577854422465,0.01429047175895938
2016-07-04,16.524999618530273,16.6875,16.5,16.575000762939453,12.042496681213379,66.3253312268736,0.027906949862454233,1.2133159286329145,90.4255984001,1.0222116871463243,-3.3351936721487383,0.023492744087335996
2016-07-05,16.549999237060547,16.5625,16.462499618530273,16.524999618530273,12.006171226501465,64.45212250941125,0.020849542512926034,1.2731027026302613,86.17018254540909,0.9052068486231709,-3.3661089477362216,0.024637185849234702
2016-07-06,16.399999618530273,16.399999618530273,16.174999237060547,16.225000381469727,11.788206100463867,54.5048788089403,-0.0007696628818374407,1.1577530645312317,60.638336727331165,0.5656135013039395,-3.5516111525497194,0.00902316937916775
2016-07-07,16.362499237060547,16.4375,16.337499618530273,16.424999237060547,11.933513641357422,59.04303204136142,0.013888918148124763,1.1523304571721542,77.65951316354416,0.7672164923281131,-3.4279451803742793,0.006886435803038299
2016-07-08,16.424999237060547,16.424999237060547,16.424999237060547,16.424999237060547,11.933513641357422,59.04303204136142,0.04120435326937044,1.134717627899586,77.65951316354416,0.755944247277946,-3.4279451803742793,0.004020129776221293
2016-07-11,16.674999237060547,16.8125,16.674999237060547,16.75,12.169638633728027,65.52418211907792,0.05098016768518665,1.2664871547264016,95.192308397688,1.0031906584283916,-2.953431296211934,0.015906581062860997
2016-07-12,16.787500381469727,16.899999618530273,16.787500381469727,16.899999618530273,12.278624534606934,68.03820103017435,0.05625020201955566,1.4270743724003494,100.0,1.031230181668372,-2.71272123906883,0.028266693292581968
2016-07-13,16.962499618530273,16.975000381469727,16.774999618530273,16.912500381469727,12.287704467773438,68.2459553345445,0.045594984296102314,1.5412350820180876,95.7264973985079,0.9617175143382711,-2.5869874049831005,0.03383555854526396
2016-07-14,16.875,16.962499618530273,16.825000762939453,16.924999237060547,12.296786308288574,68.46673731570789,0.03437737880007363,1.6179571994581283,95.91827519684611,0.9194684289738495,-2.580777601932257,0.03477887628277532
2016-07-15,16.950000762939453,17.125,16.950000762939453,17.125,12.442092895507812,71.84029950994258,0.0339620171233852,1.754545771025718,100.0,0.9838909490511254,-2.2861280933790464,0.04138781716968215
2016-07-18,17.112499237060547,17.287500381469727,17.112499237060547,17.287500381469727,12.560157775878906,74.25078193680254,0.04298619367469647,1.917442510179106,100.0,0.9990904191765835,-2.045290750221763,0.0493685759865419
2016-07-19,17.299999237060547,17.325000762939453,17.200000762939453,17.3125,12.578323364257812,74.61089326291561,0.047654837413398266,2.033043671280458,98.92466590646201,0.9424566118015395,-2.0008551178740843,0.05130293873771913
2016-07-20,17.25,17.325000762939453,17.200000762939453,17.299999237060547,12.569239616394043,74.05317265671881,0.06625550225996157,2.0928375029243753,97.82595715603087,0.8827792664697555,-2.005866838196413,0.04749021632679473
2016-07-21,17.362499237060547,17.475000381469727,17.337499618530273,17.387500762939453,12.63281536102295,75.43707547219574,0.058599817344825444,2.155696160687273,93.2692660382203,0.8788692697029147,-1.8493547050267984,0.04480392074057862
2016-07-22,17.387500762939453,17.424999237060547,17.299999237060547,17.325000762939453,12.587406158447266,72.46416568674755,0.05479463440035626,2.149725254907552,88.46157796280674,0.8223986702811685,-2.215387328794765,0.03590718579894184
2016-07-25,17.375,17.487499237060547,17.087499618530273,17.25,12.532916069030762,68.95256102460829,0.029851127567248836,2.0846401022565955,81.90482003348214,0.7608416091144702,-2.254223079147254,0.022922888609043512
2016-07-26,17.25,17.350000381469727,17.212499618530273,17.350000381469727,12.605568885803223,70.97238400602636,0.026627115299014736,2.0561232937605567,88.0435738086116,0.7952179765053657,-2.7488511753880793,0.01611896224940773
2016-07-27,17.412500381469727,17.487499237060547,17.375,17.424999237060547,12.660059928894043,72.42153920417401,0.03030309380382401,2.0446279342028846,94.11764705882352,0.8129477522223727,-3.025353568040584,0.012349665312584024
2016-07-28,17.25,17.3125,17.149999618530273,17.262500762939453,12.696837425231934,73.38722408036685,0.03253298113131464,2.0350878939450037,72.30788010817307,0.812784508043124,-3.0320280471075143,0.00952142352430621
2016-07-29,17.212499618530273,17.299999237060547,17.137500762939453,17.137500762939453,12.60489559173584,67.06490510552447,0.01308483207731137,1.945085392836688,50.87738084084003,0.7115475313725117,-3.102078967866443,-0.0008049901885175959
2016-08-01,17.200000762939453,17.362499237060547,17.200000762939453,17.325000762939453,12.742807388305664,71.08838010733483,0.014541983921374513,1.9399423835490006,77.19318440390303,0.7986152633817932,-2.997003313337053,-0.0006192287032143751
2016-08-02,17.3125,17.350000381469727,17.274999618530273,17.325000762939453,12.742807388305664,71.08838010733483,0.013076784503349925,1.9131190155491018,75.4718719410376,0.7718997318044432,-2.997003313337053,-0.002654174704926071
2016-08-03,17.125,17.225000381469727,17.012500762939453,17.1875,12.641670227050781,64.3974042814828,0.005762529227485436,1.8056672231393214,44.1860300066713,0.6700581432828115,-3.5957657542902934,-0.01242262986064896
2016-08-04,17.212499618530273,17.237499237060547,17.087499618530273,17.225000381469727,12.669257164001465,65.35527171595919,0.00288469370738631,1.7182492382178252,44.736905507637445,0.685182480463357,-3.9168160687614906,-0.01828303525946004
2016-08-05,17.274999618530273,17.4375,17.225000381469727,17.399999618530273,12.797967910766602,69.4809115752697,0.016727969977994972,1.7114160698942325,81.5789685025458,0.8507250493122672,-5.153730863131011,-0.01489158261294285
2016-08-08,17.5,17.5625,17.424999237060547,17.512500762939453,12.880712509155273,71.80541102761214,0.027750639851800152,1.7382023032181086,90.90921701496057,0.9460403897930952,-5.327124092647448,-0.008778541408778734
2016-08-09,17.5,17.612499237060547,17.487499237060547,17.600000381469727,12.945075035095215,73.4964003460249,0.02693302875638981,1.779083453627257,97.9168521038109,0.9906535647075629,-4.955046361688124,-0.002433209792076313
2016-08-10,17.575000762939453,17.649999618530273,17.512500762939453,17.649999618530273,12.98184585571289,74.4395875070943,0.02541740944562476,1.8130049477161927,100.0,0.9981235974403113,-5.040376046442269,0.00196979178937276
2016-08-11,17.549999237060547,17.637500762939453,17.362499237060547,17.487499237060547,12.862322807312012,66.19361065797182,0.013033590691743147,1.7434088082821744,74.50969832422291,0.8043450475487466,-6.221549483516392,-0.005054233228327015
2016-08-12,17.537500381469727,17.625,17.512500762939453,17.549999237060547,12.908294677734375,67.67673829544196,0.024069940428340653,1.6974697112728598,84.31363749240799,0.8534332272112708,-6.819981886887288,-0.00829926742911502
2016-08-15,17.549999237060547,17.625,17.475000381469727,17.587499618530273,12.93587589263916,68.5677055141037,0.01515117496876539,1.6589983642277384,90.19606083181493,0.8589431966969775,-6.776717158389504,-0.010160326304079093
2016-08-16,17.575000762939453,17.625,17.424999237060547,17.487499237060547,12.862322807312012,63.53789573979706,0.009379049322838284,1.5638330992006733,74.50969832422291,0.7091679167919407,-6.892094754258254,-0.01748737380915863
2016-08-17,17.475000381469727,17.524999618530273,17.4375,17.512500762939453,12.880712509155273,64.24411243967296,0.01890907433995448,1.4828017438705978,78.43151334548055,0.718713085607899,-6.86324811134747,-0.021948870011868765
2016-08-18,17.5,17.537500381469727,17.450000762939453,17.475000381469727,12.853133201599121,62.29540944503846,0.014513561072871939,1.3851549103172398,72.5490900060736,0.6514999943475484,-6.90650984792046,-0.02726402404331335
2016-08-19,17.475000381469727,17.612499237060547,17.299999237060547,17.299999237060547,12.724414825439453,54.05432037484652,-0.005747247206743689,1.2127144666283156,45.097880819667715,0.4010496134404161,-7.108421388671972,-0.03922792395973687
2016-08-22,17.25,17.287500381469727,17.112499237060547,17.174999237060547,12.632478713989258,49.06198303892645,-0.01927174408943433,1.0064794783121518,25.49000248329758,0.19834514689874558,-7.2526351557147235,-0.052295195008845
2016-08-23,17.225000381469727,17.399999618530273,17.225000381469727,17.350000381469727,12.761191368103027,55.288089438009955,-0.014204913180778211,0.9138149119668202,46.66680230034722,0.4398242555768823,-7.050732590737597,-0.051168549696836485
2016-08-24,17.337499618530273,17.387500762939453,17.299999237060547,17.299999237060547,12.724414825439453,53.28405086953911,-0.019830079106982312,0.8078411329844163,34.8836961728855,0.3502715722223397,-7.108421388671972,-0.051649003650782094
2016-08-25,17.325000762939453,17.537500381469727,17.325000762939453,17.5,12.871517181396484,59.593094081375135,0.0007148299900578969,0.8074973148585031,72.09311403275315,0.6561902910959833,-6.877672180784061,-0.041259129837591446
2016-08-26,17.487499237060547,17.575000762939453,17.450000762939453,17.524999618530273,12.889906883239746,60.3146472090381,-0.0014244944784492786,0.8093660217211273,76.74420255140967,0.6787732379508654,-6.848825537873277,-0.03272070251349102
2016-08-29,17.475000381469727,17.537500381469727,17.299999237060547,17.512500762939453,12.880712509155273,59.74025052827572,-0.004264371731896088,0.7957525343627602,74.41883571973527,0.6408215869493172,-6.86324811134747,-0.02747609863421785
2016-08-30,17.5,17.5625,17.450000762939453,17.5,12.871517181396484,59.133718074303104,0.0007148299900578969,0.7702090578210857,73.80945460886751,0.6043350711670982,-6.877672180784061,-0.02450836755448381
2016-08-31,17.462499618530273,17.512500762939453,17.325000762939453,17.350000381469727,12.761191368103027,52.27593950457946,-0.009279078386952078,0.6727026473478364,46.34161772696485,0.3045729359570325,-8.073214667426214,-0.029521361402663704
2016-09-01,17.325000762939453,17.325000762939453,17.149999618530273,17.262500762939453,12.696837425231934,48.72622256824282,-0.012160130445683204,0.5485395613356467,29.268546844412686,0.12031245534862976,-8.597178935788932,-0.03627262707634636
2016-09-02,17.274999618530273,17.325000762939453,17.200000762939453,17.287500381469727,12.715221405029297,49.775420065315416,-0.0007225024125884216,0.45646312806058603,34.14651393013718,0.19375121222458475,-8.562976206951614,-0.03839668176365024
2016-09-05,17.450000762939453,17.575000762939453,17.450000762939453,17.575000762939453,12.926685333251953,59.93187968201224,0.02328969839758277,0.5110439808328734,92.50030517578125,0.7379224101000319,-8.169555224357268,-0.025099718748994124
2016-09-06,17.5625,17.725000381469727,17.5625,17.712499618530273,13.027814865112305,63.7112892378918,0.02089330763236652,0.6106976554802394,97.9590629252601,0.9570073456128984,-7.0508599837447505,-0.009818285445321748
2016-09-07,17.737499237060547,17.975000381469727,17.737499237060547,17.962499618530273,13.211697578430176,69.36892315300136,0.03829510116382839,0.795341617748408,98.55063810402058,1.1968555929268945,-4.9046625888159845,0.01120938997743931
2016-09-08,17.950000762939453,17.950000762939453,17.850000381469727,17.899999618530273,13.165725708007812,66.57440737356481,0.022857330838710777,0.9015959084927432,91.30427090727756,1.008528488282828,-4.95796323742423,0.020042062125724805
2016-09-09,17.725000381469727,17.725000381469727,17.587499618530273,17.600000381469727,12.945075035095215,55.10085905445086,0.004279949603608113,0.838046861523229,54.545496580647246,0.6314880145336443,-5.213789765125529,0.009574846201655607
2016-09-12,17.337499618530273,17.337499618530273,17.174999237060547,17.212499618530273,12.660058975219727,44.44552164214464,-0.017130537909196608,0.6026230957345952,7.575750569892126,0.18765933992857167,-5.544242729417799,-0.01656992854818179
2016-09-13,17.274999618530273,17.299999237060547,17.049999237060547,17.212499618530273,12.660058975219727,44.44552164214464,-0.016428382388548823,0.41103203591438714,17.56758707293486,0.21485728161795697,-5.127875492559286,-0.03294371583996339
2016-09-14,17.125,17.262500762939453,17.112499237060547,17.112499237060547,12.586505889892578,42.01386420162173,-0.013688806410903087,0.21026248432031908,6.756748397313632,0.144359398084879,-5.2073922431835555,-0.046953797182218204
2016-09-19,17.350000381469727,17.75,17.350000381469727,17.75,13.055399894714355,57.84685175615447,0.02824029775870529,0.3420537271366776,75.6756645297515,0.8057983943369422,-4.7004804326892335,-0.024023198573828314
2016-09-20,17.725000381469727,17.75,17.649999618530273,17.725000381469727,13.037009239196777,57.18730506474989,0.025307293040151224,0.4296491251847467,72.97300641074548,0.7533258179304302,-4.720362197840264,-0.010183572210437683
2016-09-21,17.6875,17.837499618530273,17.637500762939453,17.8125,13.10136604309082,58.95110464284404,0.01351318650803135,0.5329112247772086,82.43241292706513,0.8097042962689318,-4.650787360789495,0.0025364727558063738
2016-09-22,17.975000381469727,18.0,17.8125,17.850000381469727,13.128951072692871,59.71716045917211,0.007763098311398542,0.6243884767715193,84.21057915088922,0.811818320162338,-4.509415805683491,0.01153551015197482
2016-09-23,17.875,17.975000381469727,17.850000381469727,17.975000381469727,13.220890998840332,62.24608741325866,0.0006958545906443625,0.7451008324545969,97.36846332071138,0.883563590992169,-4.412637013777068,0.021811235072332097
2016-09-26,17.875,17.875,17.75,17.75,13.055399894714355,55.4928998056331,-0.008379774555560826,0.7291232566644907,73.68423166035569,0.6588325717886411,-4.586838036115114,0.01587013335623147
2016-09-27,17.75,17.75,17.75,17.75,13.055399894714355,55.4928998056331,0.008522535351864757,0.7082297709513287,73.68423166035569,0.6470975271551961,-4.586838036115114,0.010601165649513453
2016-09-28,17.75,17.75,17.75,17.75,13.055399894714355,55.4928998056331,0.031227415312081286,0.6837365200093171,73.68423166035569,0.6353397987309586,-4.586838036115114,0.006005524311307228
2016-09-29,17.962499618530273,18.037500381469727,17.850000381469727,17.975000381469727,13.220890998840332,60.80408681885254,0.04429932156859251,0.7580365830376938,93.6708934107217,0.8075003717310749,-4.259573469052699,0.01262038985249768
2016-09-30,17.787500381469727,17.837499618530273,17.700000762939453,17.737499237060547,13.046202659606934,53.54097815862504,0.03652298530948994,0.7005099599748145,69.62017248206128,0.5829686208944937,-4.436472848078649,0.004176799964563382
2016-10-03,17.799999237060547,17.899999618530273,17.774999618530273,17.862499237060547,13.138143539428711,56.487014347231465,0.006337886650860547,0.7036604734556158,82.27838566061789,0.6760321767127158,-4.343368267550001,0.0037436229723426945
2016-10-04,17.862499237060547,17.9375,17.825000762939453,17.9375,13.193306922912598,58.19968741745173,0.011988768347720447,0.7316738363261571,89.87339082735376,0.7249110672874151,-4.2875066781268405,0.005998339078034959
2016-10-05,17.899999618530273,17.962499618530273,17.862499237060547,17.875,13.147334098815918,56.213893295202375,0.0035086460124773566,0.7170889994706195,82.43241292706513,0.6485771811754345,-4.334061382753725,0.003351630637084241
2016-10-06,17.924999237060547,17.9375,17.862499237060547,17.924999237060547,13.184114456176758,57.46434280545421,0.00420165961305341,0.7198258951536877,83.6361971768466,0.6842757787269874,-4.296815494413164,0.003045024746535341
2016-10-07,17.899999618530273,17.950000762939453,17.899999618530273,17.912500381469727,13.174921989440918,57.02601035424762,-0.003476997836488138,0.7080696490220408,68.74997019764919,0.6760589553565202,-4.306124310699488,0.0012804041263902444
2016-10-11,18.087499618530273,18.112499237060547,17.799999237060547,17.862499237060547,13.138143539428711,55.21141377941273,0.006337886650860547,0.6683527311065757,47.36825197963347,0.6298949439706739,-4.063746538947612,-0.003068958857835702
2016-10-12,17.875,18.075000762939453,17.837499618530273,18.0625,13.285248756408691,60.610353923925935,0.017605654637005363,0.7189869153102801,87.87892799674478,0.7928344833707867,-3.9252945700252773,0.0029316333332182476
2016-10-13,18.049999237060547,18.075000762939453,17.862499237060547,17.924999237060547,13.184114456176758,55.64424233037968,0.009859105236180055,0.6888817075788864,54.54528640390627,0.6460085787267347,-4.02047979377298,-0.00074393188304131
2016-10-14,17.825000762939453,17.975000381469727,17.825000762939453,17.862499237060547,13.138143539428711,53.49848544109094,-0.006258841360909706,0.6295172450546132,39.39371520520835,0.5546707839726086,-4.356355697631837,-0.006769552068204718
2016-10-17,17.862499237060547,17.899999618530273,17.649999618530273,17.862499237060547,13.138143539428711,53.49848544109094,0.0070473288067522954,0.5758354874713747,45.94590136215735,0.5116005181201664,-5.905754968494304,-0.011003082523852459
2016-10-18,17.875,17.987499237060547,17.825000762939453,17.987499237060547,13.230084419250488,57.316319115447904,0.006998011518587477,0.5829980896087318,72.97295068107867,0.809583880357214,-9.660801056875313,-0.00799890678319258
2016-10-19,18.0,18.149999618530273,18.0,18.087499618530273,13.303631782531738,60.13584208066867,0.00836218396674604,0.6264312253427529,87.5,0.9974150217564498,-8.838348600840353,-0.0017713610012829173
2016-10-20,18.087499618530273,18.1875,18.087499618530273,18.162500381469727,13.358798027038574,62.1551897600273,0.016084167834580443,0.6864775883196823,95.34891148134348,1.0551887636398616,-8.365625201823956,0.004981069666501192
2016-10-21,18.162500381469727,18.262500762939453,18.137500762939453,18.149999618530273,13.349603652954102,61.59516329740749,0.012552166270053178,0.7198895606908863,81.63250053717064,0.9516086579461789,-7.403041519398869,0.007589817252875469
2016-10-24,18.212499618530273,18.237499237060547,18.149999618530273,18.174999237060547,13.36799144744873,62.32623889336136,0.01465431508152748,0.7487498711795629,85.71406328337386,0.9401300831645139,-7.373020686519665,0.00920756053404051
2016-10-25,18.212499618530273,18.375,18.212499618530273,18.350000381469727,13.496707916259766,67.0541208434195,0.02729186020498031,0.84000286461872,96.55177856877896,1.1053362244802152,-6.1106751957991,0.017139289093668728
2016-10-26,18.25,18.287500381469727,18.225000381469727,18.25,13.423154830932617,62.246871644304434,0.010380390841940423,0.8573582121877433,82.75862976146315,0.9002045093756063,-6.212127673904065,0.015665272672655148
2016-10-27,18.25,18.287500381469727,18.100000381469727,18.149999618530273,13.349603652954102,57.78554713792475,0.012552166270053178,0.8169286457622927,68.96548095414737,0.7266800144329788,-6.313577521184714,0.008337605291173639
2016-10-28,18.149999618530273,18.1875,18.112499237060547,18.149999618530273,13.349603652954102,57.78554713792475,0.01609512888109199,0.7759033880428836,68.96548095414737,0.7089932766758056,-6.313577521184714,0.0023999725849158104
2016-10-31,18.0625,18.174999237060547,17.924999237060547,18.149999618530273,13.349603652954102,57.78554713792475,0.01609512888109199,0.7348869194018662,68.96548095414737,0.6903759851697909,-6.313577521184714,-0.0023606228214123753
2016-11-01,18.0625,18.149999618530273,18.024999618530273,18.149999618530273,13.349603652954102,57.78554713792475,0.009033898039963129,0.6943510969419476,68.96548095414737,0.6706988559746035,-6.313577521184714,-0.006128535436520199
2016-11-02,17.987499237060547,18.0,17.899999618530273,17.9375,13.193306922912598,47.960606343626935,-0.008292837732024605,0.5610205645986052,39.655204165121056,0.3102151194697545,-6.52915910436217,-0.01903725750574084
2016-11-03,17.862499237060547,17.899999618530273,17.774999618530273,17.799999237060547,13.092175483703613,42.880304127635,-0.019958572829330112,0.38938192970427526,20.689591669757885,0.0983721309223943,-6.668650671254825,-0.033434655566923266
2016-11-04,17.75,17.799999237060547,17.712499618530273,17.75,13.055399894714355,41.172378434871476,-0.02203838899551469,0.22815026487449647,5.660431679531066,0.06457787195310737,-6.7193755948951495,-0.04382714714528371
2016-11-07,17.950000762939453,18.0,17.862499237060547,18.0,13.239277839660645,51.56105997926712,-0.009628492679253697,0.20993725656845097,43.39625900771864,0.43649239971115433,-6.465750976693528,-0.03698316536428828
2016-11-08,18.037500381469727,18.100000381469727,18.0,18.087499618530273,13.303631782531738,54.58392623675798,-0.014305424324655092,0.23203800683831755,56.60374099228136,0.5557094392015625,-6.376986964265514,-0.02723791930951587
2016-11-09,18.212499618530273,18.262500762939453,17.5,17.5,12.871517181396484,37.61124444270005,-0.04109597605660675,-0.01398101677956293,0.0,-0.15635383707039832,-5.67169464983259,-0.04780646082588961
2016-11-10,17.950000762939453,18.024999618530273,17.9375,18.0,13.239277839660645,51.448237124413424,-0.008264351224318456,0.015416619814330124,57.14285714285714,0.4645742716175635,-5.25139675467355,-0.03514172918711201
2016-11-11,17.587499618530273,17.674999237060547,17.487499237060547,17.512500762939453,12.880712509155273,41.73029054232817,-0.035123974912548706,-0.17878094486136498,2.8170709167730483,-0.04813224235259121,-5.572741146686269,-0.04858326459422964
2016-11-14,17.487499237060547,17.575000762939453,17.362499237060547,17.524999618530273,12.889906883239746,42.0326517009106,-0.03443523730478926,-0.32386422472968585,17.56758707293486,0.03152716296242225,-4.799371835687454,-0.05410277864555703
2016-11-15,17.450000762939453,17.524999618530273,17.4375,17.475000381469727,12.853133201599121,41.11374832522039,-0.03718990198222982,-0.45669280302758597,12.162270834922788,0.052943275834781395,-4.835691493890836,-0.05717784388921371
2016-11-16,17.549999237060547,17.625,17.487499237060547,17.5,12.871517181396484,41.79876690249608,-0.02439037789360199,-0.5447552653283955,15.277836646462934,0.1257911370747459,-4.817534490488694,-0.05490922300895691
2016-11-17,17.5,17.549999237060547,17.4375,17.549999237060547,12.908294677734375,43.22174363949837,-0.014045091757143191,-0.5853144488136871,20.83329801212224,0.20197800302173324,-4.7812110646859125,-0.048111227564657674
2016-11-18,17.524999618530273,17.600000381469727,17.475000381469727,17.600000381469727,12.945075035095215,44.67847093050426,-0.008450515534480618,-0.588031116706449,26.38897130504811,0.26791392153768107,-4.744884813183583,-0.038720832243209005
2016-11-21,17.575000762939453,17.625,17.524999618530273,17.625,12.963459968566895,45.43211130609144,-0.02083330181858467,-0.5722519064862454,29.166701987877758,0.3093189473774205,-4.726726867881591,-0.02928353130997713
2016-11-22,17.6875,17.912500381469727,17.6875,17.862499237060547,13.138143539428711,52.10798044472757,-0.012439328283297857,-0.44632759705074854,55.55546136565931,0.5306381687801461,-4.948865374345058,-0.010270192769883342
2016-11-23,17.875,17.975000381469727,17.862499237060547,17.950000762939453,13.20250415802002,54.325158371598214,0.025714682423134905,-0.3032812272411567,65.27783664646294,0.6315615503776808,-4.8792864133023475,0.0067313647665845355
2016-11-24,17.899999618530273,17.899999618530273,17.799999237060547,17.850000381469727,13.128951072692871,51.39670673532545,-0.008333291913949381,-0.23276543110755912,54.166701987877765,0.5519121633090142,-5.085934429703725,0.012764054670418017
2016-11-25,17.837499618530273,17.912500381469727,17.8125,17.837499618530273,13.119756698608398,51.02642003572128,0.018558304851786556,-0.18049235759908058,52.77773068282965,0.5583652383395591,-5.096150383588352,0.0156835580064167
2016-11-28,17.837499618530273,18.0,17.837499618530273,17.9375,13.193306922912598,53.88835618527645,0.023537799180485264,-0.09265091040548273,63.88886534141483,0.6876941656724993,-5.0144280506930015,0.021743552086558857
2016-11-29,17.975000381469727,18.0,17.912500381469727,17.912500381469727,13.174921989440918,53.05375885372715,0.025035824556907338,-0.03403184615255064,83.01899286292145,0.6859767803209386,-5.034855719916924,0.02353762507492857
2016-11-30,17.924999237060547,17.975000381469727,17.875,17.924999237060547,13.184114456176758,53.4420261535766,0.02428596958500573,0.017839524213635875,88.23518852061729,0.7025932211440505,-5.024641885304963,0.02427013134367875
2016-12-01,17.899999618530273,18.024999618530273,17.899999618530273,18.0,13.239277839660645,55.804213659184086,0.025641122254296267,0.09175716775733034,96.22647484748418,0.773192803909429,-4.9633493409062,0.027177308941256337
2016-12-02,17.799999237060547,17.799999237060547,17.725000381469727,17.799999237060547,13.092175483703613,48.70732501807914,0.011363429583034268,0.05922025580976057,61.70203786130076,0.5326586390922539,-5.126796125969566,0.018325059797859724
2016-12-05,17.799999237060547,17.799999237060547,17.700000762939453,17.774999618530273,13.073786735534668,47.887464335759475,0.008510595723309144,0.021866433786301685,57.44678088040024,0.5168819292521746,-5.14722803373882,0.010738714551440707
2016-12-06,17.950000762939453,18.049999237060547,17.9375,18.0,13.239277839660645,55.196569643604455,0.0076977618586995256,0.09292120623836919,91.83684908727415,0.8084099073001768,-4.9633493409062,0.016053808990588878
2016-12-07,18.049999237060547,18.087499618530273,17.975000381469727,18.0,13.239277839660645,55.19656964360445,0.0027853565657305346,0.14744944836917107,85.71433020060661,0.7804023852420464,-6.0691989350423174,0.01857880432298579
2016-12-08,18.075000762939453,18.25,18.075000762939453,18.225000381469727,13.404767990112305,61.464819202067325,0.021008298065266606,0.28860871277594996,96.55177856877896,1.0060649431459041,-4.841411655985525,0.029741505094290972
2016-12-09,18.262500762939453,18.299999237060547,18.237499237060547,18.287500381469727,13.450738906860352,63.012856777124334,0.025227770289906415,0.4232623084986902,97.9593679739417,0.9963914628941751,-4.554544352213543,0.038037759892180834
2016-12-12,18.325000762939453,18.387500762939453,18.1875,18.212499618530273,13.395574569702148,59.903053065105844,0.015331080219037174,0.490311241307148,74.5452880859375,0.8722273688925615,-4.636654930793415,0.037561567117861114
2016-12-13,18.212499618530273,18.25,18.162500381469727,18.237499237060547,13.413962364196777,60.60103556778082,0.018143589385002823,0.5481003712438738,78.18159623579545,0.8661000127525604,-4.617299373185509,0.03622025176944049
2016-12-14,18.299999237060547,18.325000762939453,18.225000381469727,18.274999618530273,13.441543579101562,61.67859947623114,0.019525704496914376,0.6034774031150909,83.6361971768466,0.8756166731271379,-4.588266538707098,0.034911157651447006
2016-12-15,18.137500762939453,18.25,18.100000381469727,18.25,13.423154830932617,60.490725200441005,0.013888747822871084,0.628761490297944,79.99988902698864,0.8228414380341255,-4.82237682922496,0.03067761881406053
2016-12-16,18.200000762939453,18.200000762939453,18.075000762939453,18.075000762939453,13.294442176818848,52.82228674968546,0.015449433393785794,0.5642111203103217,54.54545454545454,0.5954305973168057,-5.286987627128762,0.017722489344554247
2016-12-19,18.0625,18.075000762939453,17.962499618530273,17.962499618530273,13.211697578430176,48.56038569750167,0.010548653246780004,0.4576036500316385,38.18165172230113,0.4174318948314081,-6.775996490482342,0.00287314591476006
2016-12-20,17.987499237060547,17.987499237060547,17.887500762939453,17.9375,13.193306922912598,47.64035276483015,-0.0034723130147124026,0.3578021562856658,34.54534357244318,0.3731231446273325,-6.937191040039062,-0.008284657197580994
2016-12-21,17.9375,17.962499618530273,17.875,17.924999237060547,13.184114456176758,47.15939272972458,-0.0041666459569746905,0.26997762995058483,32.72705078125,0.35689939968122225,-6.950561900745739,-0.015937874550449406
2016-12-22,17.887500762939453,17.887500762939453,17.700000762939453,17.700000762939453,13.018622398376465,39.439738902272296,-0.028806585240465976,0.09837499894695968,0.0,0.06222701576968957,-7.191277621182528,-0.03093164026179552
2016-12-23,17.649999618530273,17.712499618530273,17.587499618530273,17.637500762939453,12.97265625,37.598760104512756,-0.03554322629937545,-0.0652783674104406,6.250134110258898,0.029144468400238283,-6.150545958691659,-0.04204195772947595
2016-12-26,17.662500381469727,17.700000762939453,17.637500762939453,17.700000762939453,13.018622398376465,40.58546387214753,-0.0281400524751112,-0.16524975286703092,14.06262293440399,0.1451723561830936,-6.093088355414838,-0.04417305733829445
2016-12-27,17.700000762939453,17.725000381469727,17.662500381469727,17.6875,13.009427070617676,40.171246771704745,-0.030157777589927326,-0.24744878274118384,12.500029802279755,0.1608979635430907,-6.104582498670821,-0.043984038593286534
2016-12-28,17.712499618530273,17.899999618530273,17.712499618530273,17.899999618530273,13.165725708007812,49.58914941906391,-0.020519806335529966,-0.21426570758917166,39.06244412072546,0.4083493118657372,-5.909209481416493,-0.031689036534475926
2016-12-29,17.862499237060547,17.862499237060547,17.799999237060547,17.8125,13.10136604309082,46.35344023282894,-0.02397266454084701,-0.22488174385352547,28.12500745056994,0.3207043205386976,-5.989658947478849,-0.02646043462181421
2016-12-30,17.912500381469727,18.0,17.887500762939453,17.950000762939453,13.20250415802002,51.68827675111397,-0.006915522861059786,-0.16926522358306378,49.15262127485692,0.4681800948370503,-5.863236484666134,-0.015313017014263124
2017-01-03,17.924999237060547,17.975000381469727,17.875,17.975000381469727,13.220890998840332,52.61092135997434,0.0006958545906443625,-0.1126276994976328,52.542394798571365,0.48517271208782986,-5.840252966518929,-0.006286257975175409
2017-01-04,18.0,18.024999618530273,17.9375,17.962499618530273,13.211697578430176,52.07540924669765,0.0013939382768122233,-0.0725591708012774,56.60374099228136,0.472575009414987,-5.851744725592531,-0.0008076644533621617
2017-01-05,17.962499618530273,18.125,17.950000762939453,18.125,13.331215858459473,58.05312067143629,0.011157473091702341,0.03196941446485689,87.75500035811376,0.6561961100431346,-5.702347089270943,0.010375731594960374
2017-01-06,18.112499237060547,18.1875,18.112499237060547,18.162500381469727,13.358798027038574,59.31435700619237,0.02612992513743473,0.13001053617501235,95.83339956067431,0.7069358874799084,-5.667869427867756,0.01865773900163813
2017-01-09,18.1875,18.237499237060547,18.075000762939453,18.112499237060547,13.322023391723633,56.85961756346997,0.02693104133732316,0.18301896244320473,80.76921948313756,0.6654421209791183,-5.713837656253355,0.020537430066797216
2017-01-10,18.112499237060547,18.149999618530273,18.100000381469727,18.100000381469727,13.31282901763916,56.23301035614644,0.022598905649140466,0.21685585344186298,78.84631749450537,0.6611777871409869,-6.178154532499879,0.02001903565268598
2017-01-11,18.200000762939453,18.212499618530273,18.100000381469727,18.100000381469727,13.31282901763916,56.23301035614643,0.023321699362666815,0.2408490481346409,78.84631749450537,0.6767948987989933,-6.178154532499879,0.018565878853246655
2017-01-12,18.149999618530273,18.325000762939453,18.149999618530273,18.287500381469727,13.450738906860352,63.273646059879255,0.021648119152230638,0.339751139294415,94.91521040285727,0.9236623211849971,-5.991158362708614,0.025361779534747945
2017-01-13,18.200000762939453,18.200000762939453,18.149999618530273,18.149999618530273,13.349603652954102,56.14119656598118,0.018947460062318733,0.35246358608739486,74.5452880859375,0.7569788574984302,-6.1282906975842035,0.02165867008401099
2017-01-16,18.100000381469727,18.100000381469727,17.950000762939453,18.0,13.239277839660645,49.57601541064566,0.0027853565657305346,0.2921593537507539,50.943309312750294,0.5563816596826808,-6.277884788562652,0.010933223079033709
2017-01-17,18.0,18.100000381469727,18.0,18.075000762939453,13.294442176818848,52.56309856518511,0.005563254245494198,0.274712292286628,59.18374973141467,0.6511132907543234,-6.203085803399862,0.006904832354999026
2017-01-18,18.049999237060547,18.049999237060547,18.012500762939453,18.037500381469727,13.266861915588379,50.93837350429579,0.004175416280211008,0.2413486845589079,45.238181738915614,0.5924384884495776,-6.240482709749836,0.001988897190340809
2017-01-19,17.962499618530273,18.024999618530273,17.899999618530273,17.987499237060547,13.230084419250488,48.77341033246692,-0.0075860626879588056,0.1903642820045829,24.999788072733438,0.519715900303973,-6.290350424012644,-0.003817111347727383
2017-01-20,17.987499237060547,18.0625,17.987499237060547,18.037500381469727,13.266861915588379,51.01547938937794,-0.006882064633667917,0.1703504033217271,36.11113465858517,0.5694731302192482,-6.240482709749836,-0.005173832307544177
2017-01-23,18.137500762939453,18.25,18.137500762939453,18.1875,13.37718677520752,57.08358196542881,0.00414076614804304,0.2189975761907894,67.64696642626659,0.7746930312247593,-6.578820345791903,0.0010347086591953672
2017-01-24,18.25,18.325000762939453,18.225000381469727,18.325000762939453,13.478318214416504,61.759962542341256,0.012430806146317641,0.31515984445461653,100.0,0.9595895262314835,-6.697743030624085,0.011070486338015911
2017-02-02,18.375,18.412500381469727,18.1875,18.225000381469727,13.404767990112305,56.90362554736148,0.006906043212252522,0.34268538193945103,63.414688609517,0.7899583022176043,-6.535895619097444,0.011806002237923004
2017-02-03,18.237499237060547,18.287500381469727,18.162500381469727,18.212499618530273,13.395574569702148,56.307624802271995,-0.0041012123973402925,0.3547867676590023,60.97551898413832,0.7419786824703474,-7.572883980481244,0.010753929880042763
2017-02-06,18.25,18.350000381469727,18.237499237060547,18.3125,13.46912670135498,59.92415716773149,0.008953303147275937,0.404126880409442,80.48775949206916,0.9219330783554402,-8.57896776139529,0.013892700647460468
2017-02-07,18.274999618530273,18.362499237060547,18.274999618530273,18.325000762939453,13.478318214416504,60.36566127349417,0.018055393779845774,0.4435367124907926,82.92692911744784,0.9015876033135656,-8.561867284114902,0.015354662550152089
2017-02-08,17.975000381469727,17.975000381469727,17.837499618530273,17.9375,13.506556510925293,61.759497789027684,0.015955113519264597,0.48606687810779464,17.39134761465638,0.9266878842344527,-7.914064975818169,0.01686951952386704
2017-02-09,17.9375,18.049999237060547,17.912500381469727,18.0,13.553618431091309,64.02987490881313,0.021614494620313618,0.541702566565543,28.260898409770917,0.987406019269477,-7.832218266736548,0.019500949436648596
2017-02-10,18.024999618530273,18.237499237060547,18.024999618530273,18.200000762939453,13.704214096069336,70.13931828148223,0.03583723745019829,0.6682533845057753,63.043593639083674,1.1595832121212923,-7.570313109936112,0.029257116843555322
2017-02-13,18.200000762939453,18.274999618530273,18.200000762939453,18.237499237060547,13.732449531555176,71.12942461421781,0.03509402742933032,0.7759285550846179,69.56505874625995,1.073116055798542,-7.52120806989843,0.035092070388131946
2017-02-14,18.350000381469727,18.375,18.274999618530273,18.299999237060547,13.77951431274414,72.75128823237775,0.03007564626983239,0.8786600873064765,80.43460954137448,1.036742841487643,-7.439356385131325,0.03928506807090071
2017-02-15,18.325000762939453,18.475000381469727,18.299999237060547,18.475000381469727,13.911280632019043,76.69807564570861,0.03212288140959907,1.0259397627565705,100.0,1.0864667179954184,-6.540767510187474,0.04754503142805308
2017-02-16,18.5,18.549999237060547,18.337499618530273,18.362499237060547,13.826573371887207,69.70800863443372,0.03146681703749277,1.0791425269787114,73.684196436937,0.9146184048246654,-6.0113731846716005,0.04399788629158265
2017-02-17,18.412500381469727,18.424999237060547,18.337499618530273,18.337499618530273,13.807748794555664,68.22002542381878,0.030769432300855826,1.0970931813334195,70.175476168168,0.8496574521071443,-6.037793658229711,0.037340420322085247
2017-02-20,18.387500762939453,18.412500381469727,18.274999618530273,18.274999618530273,13.760686874389648,64.51246624459179,0.021646553596183615,1.070904239497103,61.40354164714701,0.7669278677588627,-6.10384551137048,0.027195313255218567
2017-02-21,18.299999237060547,18.350000381469727,18.262500762939453,18.3125,13.788922309875488,65.71631851874139,0.023044721939177837,1.054504422988079,66.66675589939902,0.7716185478234138,-6.0642168087697925,0.020139361301190595
2017-02-22,18.399999618530273,18.424999237060547,18.287500381469727,18.325000762939453,13.798334121704102,66.12878774115418,0.021602664642375258,1.0349589932570509,68.42124988288204,0.7561077550499441,-6.0510072412362295,0.014142335221281443
2017-02-23,18.3125,18.387500762939453,18.274999618530273,18.274999618530273,13.760686874389648,62.870455413196794,0.015277724125930536,0.9858096529475193,61.40354164714701,0.692263593184596,-6.10384551137048,0.006087964922554034
2017-02-24,18.262500762939453,18.325000762939453,18.212499618530273,18.287500381469727,13.770100593566895,63.35665283121593,0.0048077545370848185,0.9414845002217507,63.158035630630025,0.6857763765187139,-6.090633266854947,0.0001557597601012095
2017-03-01,18.274999618530273,18.274999618530273,18.087499618530273,18.087499618530273,13.619501113891602,51.69437834393452,-0.0082249286555931,0.8083749341889114,35.087738084084,0.46089733717264525,-6.302001070792787,-0.01434736094974498
2017-03-02,18.237499237060547,18.3125,18.0625,18.137500762939453,13.657153129577637,53.97540545931683,-0.00887993440039736,0.71681946449202,35.29424084396214,0.4952331808001149,-6.249156108203611,-0.02141581674367031
2017-03-03,18.075000762939453,18.087499618530273,18.0,18.024999618530273,13.572442054748535,48.434001989747415,-0.02435710889841558,0.5875476818575648,4.545391492519715,0.3499345968108365,-6.368048908460601,-0.031213944064757804
2017-03-06,18.012500762939453,18.0625,18.0,18.037500381469727,13.581855773925781,49.05987979953137,-0.017699077810486075,0.4850465057291551,6.818260634350357,0.33931421146565444,-6.3548366639450675,-0.036131375238475774
2017-03-07,18.0625,18.149999618530273,18.0625,18.112499237060547,13.638327598571777,52.76375826742371,-0.012270008565819834,0.4321934977880736,20.454435111909504,0.406823793565327,-6.275577920252706,-0.0346464116865276
2017-03-08,18.162500381469727,18.212499618530273,18.112499237060547,18.212499618530273,13.713624954223633,57.22931448734101,-0.003420026964904177,0.4298332500778052,38.63634787312993,0.5331902380635001,-6.169897364511249,-0.027946027809307328
2017-03-09,18.149999618530273,18.149999618530273,17.987499237060547,18.012500762939453,13.563033103942871,47.547915189296695,-0.016381933327076492,0.3351237329507007,4.444715711805555,0.18317446191531286,-6.381254460521208,-0.03267999146035869
2017-03-10,17.987499237060547,18.012500762939453,17.887500762939453,18.0,13.553618431091309,47.01246258298827,-0.017735161973492675,0.2515684042159172,20.93015003335652,0.14350074292881432,-6.923724247135374,-0.03524853846599256
2017-03-13,18.037500381469727,18.125,18.037500381469727,18.125,13.647738456726074,52.74208027202258,-0.008208050854916604,0.238292967771216,44.1860300066713,0.34715585529068616,-6.78165595669949,-0.02963751566033869
2017-03-14,18.149999618530273,18.274999618530273,18.149999618530273,18.25,13.741861343383789,57.67136654301697,-0.0020507657145437674,0.28019632678033934,67.4419099799861,0.5756468355097232,-6.639583347728453,-0.019126103571774522
2017-03-15,18.200000762939453,18.25,18.149999618530273,18.212499618530273,13.713624954223633,55.79129453596816,0.006910960948196987,0.293275404623647,60.46507501667826,0.5081546519780895,-6.682204410663905,-0.013859338878232083
2017-03-16,18.325000762939453,18.462499618530273,18.325000762939453,18.450000762939453,13.892459869384766,63.83309698109224,0.01722956003894538,0.4044142562979278,97.8262816579039,0.9086723191226789,-6.412264294351359,0.0010904850478866968
2017-03-17,18.462499618530273,18.524999618530273,18.4375,18.5,13.930105209350586,65.26545254986927,0.026352159262077457,0.5084350910563661,96.07848417122187,0.9853129838480251,-6.355441008809814,0.012312894154953041
2017-03-20,18.487499237060547,18.537500381469727,18.462499618530273,18.487499237060547,13.920692443847656,64.5767896776704,0.024947744664787885,0.5783350329370546,92.30751173020097,0.9269121566691332,-6.484785610953469,0.01757953270479555
2017-03-21,18.575000762939453,18.725000381469727,18.575000762939453,18.725000381469727,14.099529266357422,70.86661581230562,0.03381658524128306,0.7296708440606612,100.0,1.1345086392308488,-4.904953100837868,0.030810705366930452
2017-03-22,18.5625,18.5625,18.5,18.549999237060547,13.967753410339355,62.11460164773045,0.01853109276095921,0.7632531535562858,79.10433144837859,0.8632842159061085,-5.06229747819928,0.02844749445186673
2017-03-23,18.649999618530273,18.662500381469727,18.537500381469727,18.587499618530273,13.995989799499512,63.1643675095956,0.03192181956930984,0.7969191019078414,83.58199097681346,0.8689916018912596,-5.028582371307998,0.026580679520519943
2017-03-24,18.587499618530273,18.600000381469727,18.524999618530273,18.5625,13.977169036865234,61.93253354067162,0.031250002198846216,0.8031732296406435,80.59696053893155,0.8122913582178799,-5.051054933943078,0.022059197259664418
2017-03-27,18.5,18.600000381469727,18.462499618530273,18.549999237060547,13.967753410339355,61.288577450155394,0.023448203863810635,0.79337299372923,79.10433144837859,0.7735334644425638,-5.06229747819928,0.016660780959289828
2017-03-28,18.637500762939453,18.649999618530273,18.487499237060547,18.5625,13.977169036865234,61.71724955586556,0.017123422191618776,0.7819620161246106,80.59696053893155,0.7636818539392634,-5.051054933943078,0.012159506581491383
2017-03-29,18.612499237060547,18.625,18.5,18.5,13.930105209350586,58.24532809182839,0.015785779168496106,0.7370259114910097,73.1342705726148,0.6788442054641803,-5.107250574482283,0.004824406835445966
2017-03-30,18.5,18.5625,18.475000381469727,18.475000381469727,13.911280632019043,56.867329304282265,0.001354746589965261,0.6826007239182278,63.63636363636363,0.6361760059264108,-5.129727691981844,-0.0021111945261356457
2017-03-31,18.487499237060547,18.524999618530273,18.424999237060547,18.424999237060547,13.873632431030273,54.110118917661495,-0.0040540094616374756,0.6105734957155325,47.82595715603086,0.5651321497203642,-5.174680788264848,-0.009629290203007762
2017-04-05,18.487499237060547,18.700000762939453,18.487499237060547,18.662500381469727,14.052468299865723,63.23011124703852,0.00946618543219846,0.6497652059013955,89.13044920488547,0.8028300033312896,-4.961145325228712,-0.003280916343367607
2017-04-06,18.700000762939453,18.700000762939453,18.575000762939453,18.600000381469727,14.00540542602539,59.85868833037732,-0.0066756725387008276,0.6459491023602427,68.74997019764919,0.7095094083615713,-5.017339827051796,-0.002982952409219336
2017-04-07,18.575000762939453,18.575000762939453,18.350000381469727,18.524999618530273,13.948929786682129,55.99995835446076,-0.0013476486235283192,0.6032075937224827,46.66646321614583,0.6049347072380478,-5.084773456982721,-0.007086789914768618
2017-04-10,18.524999618530273,18.5625,18.5,18.549999237060547,13.967753410339355,56.99504847358523,-0.0020174628278999407,0.5736116528805753,53.333028157552086,0.6166200198649835,-5.06229747819928,-0.008912886062739211
2017-04-11,18.524999618530273,18.600000381469727,18.4375,18.475000381469727,13.911280632019043,53.11408431909309,-0.004714002146815943,0.5115505217366727,33.33333333333333,0.4764066869383041,-6.383774181019176,-0.014000537275256172
2017-04-12,18.475000381469727,18.524999618530273,18.412500381469727,18.512500762939453,13.939519882202148,54.77253823908541,-0.002021336381576422,0.4732716489675273,46.428629816731245,0.509280183329393,-7.7045637385310455,-0.015427731119093555
2017-04-13,18.475000381469727,18.612499237060547,18.475000381469727,18.600000381469727,14.00540542602539,58.464069952240706,0.0020201794144207863,0.4755875815523618,71.42849357769168,0.6813066234188332,-7.589980336090969,-0.012048143908029718
2017-04-14,18.475000381469727,18.475000381469727,18.375,18.387500762939453,13.845398902893066,48.17925064160825,-0.006080808808296756,0.3803856925419651,10.714383027885406,0.036696376313506536,-11.58101533032926,-0.020221366831675303
2017-04-17,18.387500762939453,18.450000762939453,18.337499618530273,18.399999618530273,13.85481071472168,48.75035921184788,-0.004059289636310637,0.3068376688964237,17.241324879640104,0.1016656571460877,-11.950206652818931,-0.024349242550910158
2017-04-18,18.462499618530273,18.5,18.375,18.399999618530273,13.85481071472168,48.75035921184788,-0.0013566538109007764,0.24570797878947734,17.241324879640104,0.13819762111073405,-11.950206652818931,-0.026270325941698196
2017-04-19,18.274999618530273,18.3125,18.162500381469727,18.200000762939453,13.704214096069336,40.473001033376455,-0.024782422302259466,0.10851455439042604,6.9768102056386505,-0.18493928347269334,-8.307842285156248,-0.03625837728237355
2017-04-20,18.137500762939453,18.225000381469727,18.125,18.200000762939453,13.704214096069336,40.473001033376455,-0.021505363164737057,-0.00038814970317850014,13.043593639083678,-0.08337835588979958,-8.070313109936112,-0.04108569313777302
2017-04-21,18.3125,18.375,18.274999618530273,18.375,13.83598518371582,49.22209332893487,-0.00809700849409567,-0.00989792919517004,43.478203180458166,0.2935397713740992,-7.84114630505596,-0.03392233851940836
2017-04-24,18.475000381469727,18.487499237060547,18.362499237060547,18.412500381469727,13.86422061920166,50.887795981481936,-0.0074122722599797575,-0.000974517657575052,50.0,0.384830249643782,-7.792041265018278,-0.02614906640341547
2017-04-25,18.462499618530273,18.600000381469727,18.424999237060547,18.587499618530273,13.995989799499512,57.838692077611235,0.006089242947590057,0.08184704731716248,80.43460954137448,0.7383548116676354,-7.5628777772617815,-0.011734116853075044
2017-04-26,18.674999237060547,18.674999237060547,18.600000381469727,18.637500762939453,14.033644676208496,59.59840549956584,0.006752369866520613,0.16731768939107705,93.18208615679121,0.8193616211276544,-7.4973911220502485,0.0001086414064433959
2017-04-27,18.587499618530273,18.625,18.537500381469727,18.625,14.024232864379883,58.93626949579175,0.0013442979893680818,0.2268426258442771,90.90921701496057,0.7821450390136235,-7.513759468729476,0.006714449317463695
2017-04-28,18.625,18.649999618530273,18.575000762939453,18.637500762939453,14.033644676208496,59.42177072925701,0.013596269391421778,0.27618783358590054,93.18208615679121,0.7825785044089432,-7.4973911220502485,0.010877526938555981
2017-05-02,18.75,18.850000381469727,18.75,18.799999237060547,14.155999183654785,65.18458853700187,0.021738908970663218,0.3815465912199657,93.1032940551263,0.9901690875793445,-5.856481004133026,0.02047426002481409
2017-05-03,18.825000762939453,18.912500381469727,18.825000762939453,18.887500762939453,14.22188663482666,67.83375687453422,0.026494473844737465,0.49700232563932994,96.82544680376964,1.0221869356608602,-5.3383320310891635,0.029323365888796957
2017-05-04,18.887500762939453,18.912500381469727,18.837499618530273,18.912500381469727,14.240710258483887,68.56957997130056,0.03914826188890541,0.5921040815348382,100.0,0.9883235329616565,-5.314429028500014,0.03416965133729424
2017-05-05,18.862499237060547,18.862499237060547,18.774999618530273,18.787500381469727,14.146587371826172,61.049354804665526,0.032280090828682884,0.6061154416920176,84.12699181596456,0.8018909257447154,-5.43395009651785,0.028967134233700537
2017-05-08,18.887500762939453,18.924999237060547,18.8125,18.924999237060547,14.250123023986816,65.52798673372715,0.02993193724711518,0.6687653506066408,100.0,0.9133153638705301,-5.225600839234199,0.030287031134064946
2017-05-09,18.924999237060547,19.125,18.924999237060547,18.987499237060547,14.2971830368042,67.3647951481561,0.031228759949397666,0.7365671865075313,86.24992370605469,0.922191728557102,-4.209816963195802,0.031952685959525245
2017-05-10,19.037500381469727,19.087499618530273,19.0,19.0625,14.353657722473145,69.46735381114573,0.025555028840219762,0.8128254734908883,93.75,0.9323323853063815,-4.153342277526857,0.03427573456800352
2017-05-11,19.024999618530273,19.125,19.0,19.125,14.40071964263916,71.13619810300537,0.02615678071520322,0.8893859994180839,100.0,0.9262564833758091,-4.106280357360841,0.03621022478032335
2017-05-12,19.0625,19.125,19.037500381469727,19.075000762939453,14.363069534301758,67.93701495119775,0.024160798897063795,0.9176674191079764,93.44272956950246,0.8415487865041841,-4.143930465698244,0.03231111076084156
2017-05-15,19.075000762939453,19.137500762939453,19.049999237060547,19.125,14.40071964263916,69.41815725954663,0.02615678071520322,0.9502111790633215,98.24551071325317,0.8426617350899999,-4.060298815843508,0.02969184498030246
2017-05-16,19.125,19.149999618530273,19.0625,19.125,14.40071964263916,69.41815725954663,0.01728740273360163,0.9645967992995554,95.91842454363709,0.8082891021435725,-4.015445603327163,0.025541653844173715
2017-05-17,19.075000762939453,19.100000381469727,19.012500762939453,19.075000762939453,14.363069534301758,65.88819692931463,0.009927156860424446,0.9436193051174149,87.75527363091123,0.7426125455314694,-4.052177430009585,0.018188511679100627
2017-05-18,18.912500381469727,18.975000381469727,18.825000762939453,18.975000381469727,14.287772178649902,59.38439565577282,0.0033047452909154007,0.8742677268964876,69.56528950292737,0.6429705461113104,-4.125638292131487,0.006769271053299067
2017-05-19,18.912500381469727,18.975000381469727,18.912500381469727,18.962499618530273,14.27835750579834,58.60544880099202,0.009314623414732326,0.8047017531323482,53.124955296473786,0.6135544273669689,-4.949590985979354,-0.0024108554869273213
2017-05-22,18.987499237060547,19.037500381469727,18.9375,19.012500762939453,14.316008567810059,60.81889440820618,0.004623507019015927,0.7620605949385798,63.333638509114586,0.6495201174991374,-5.520398360770884,-0.00669719122232558
2017-05-23,19.012500762939453,19.112499237060547,19.0,19.087499618530273,14.372480392456055,63.93393499751849,0.0052665868135017835,0.7514623332081506,83.33333333333334,0.7289750992568416,-5.9716782238778885,-0.00647513553157468
2017-05-24,19.087499618530273,19.112499237060547,19.0625,19.075000762939453,14.363069534301758,63.0345456472066,0.0006557082529476954,0.7292647114864862,80.00030517578125,0.6942819978641371,-7.197405790873362,-0.007628668721900531
2017-05-25,19.174999237060547,19.25,19.112499237060547,19.25,14.494840621948242,69.50359591204254,0.006535852488260385,0.7768985380157941,100.0,0.9181023394500202,-6.055911472206234,-0.0005566350239626094
2017-05-26,19.25,19.287500381469727,19.1875,19.237499237060547,14.485427856445312,68.58033201696134,0.008518953546199803,0.7998745283666125,89.18893283240475,0.8806457676760581,-6.121754520753302,0.002291541958442986
2017-05-31,19.237499237060547,19.375,19.100000381469727,19.125,14.40071964263916,60.75833875936084,0.0,0.7615416245655254,54.54539149251971,0.6863671735212379,-7.340848571777343,-0.0024674212570211934
2017-06-01,19.125,19.225000381469727,19.125,19.225000381469727,14.476017951965332,64.62116975621669,0.005228787949125957,0.7645906874682105,72.72730425374014,0.8564794627198563,-7.546964888912907,-0.001528053604103033
2017-06-02,19.325000762939453,19.325000762939453,19.262500762939453,19.299999237060547,14.532488822937012,67.2267351384147,0.011795479248404961,0.7894399829290956,86.3634787312993,0.9480694714423955,-7.4528468304654245,0.0017356338493100393
2017-06-05,19.337499618530273,19.5,19.3125,19.5,14.683083534240723,72.94838874163494,0.027667809274110056,0.8829725761629638,100.0,1.1496135080887204,-6.026019215540806,0.01228787977372936
2017-06-06,19.487499237060547,19.487499237060547,19.424999237060547,19.487499237060547,14.67367172241211,72.10117615025948,0.027686252879803197,0.940487912545751,98.14803302683855,1.05649921681094,-6.402113858309659,0.016616037711339432
2017-06-07,19.475000381469727,19.524999618530273,19.424999237060547,19.487499237060547,14.67367172241211,72.10117615025948,0.024983440943606716,0.9744514222155569,94.64279388884499,0.9810913963377464,-6.31247975346116,0.0173789372205779
2017-06-08,19.487499237060547,19.5625,19.450000762939453,19.5625,14.730146408081055,74.18738887478979,0.024885475983166705,1.020654474082166,100.0,1.000892141726656,-5.934350631817969,0.019431681755446878
2017-06-09,19.512500762939453,19.587499618530273,19.487499237060547,19.5,14.683083534240723,69.5218348248402,0.022280334936394253,1.0190663476157589,87.03707889933145,0.8676191738453266,-5.814030747756828,0.015533454004801078
2017-06-12,19.287500381469727,19.375,19.262500762939453,19.287500381469727,14.523077011108398,56.50990664639298,0.001948030330005901,0.9183784716452493,53.846244134899514,0.5826661256144301,-6.02387568320705,0.0008664199306648857
2017-06-13,19.287500381469727,19.325000762939453,19.25,19.3125,14.541902542114258,57.517362747464695,0.003898724030013234,0.8393644460821647,53.19152389949971,0.6009145265750738,-5.999186425160529,-0.00837075399376333
2017-06-14,19.350000381469727,19.350000381469727,19.125,19.212499618530273,14.466606140136719,52.298928072390034,0.004575222567521964,0.726595549612599,28.57137667074779,0.46358434936291765,-6.097935953012864,-0.019707932084827934
2017-06-15,19.200000762939453,19.225000381469727,19.149999618530273,19.225000381469727,14.476017951965332,52.87447558011969,0.0,0.6351433317493622,25.6410657693963,0.47324817756788506,-6.085592574711895,-0.026316239819361834
2017-06-16,19.225000381469727,19.424999237060547,19.212499618530273,19.424999237060547,14.626615524291992,60.98600707337177,0.00647698425932508,0.6389426732435188,66.66653624946203,0.717822767299576,-5.8880872653957645,-0.020544039383628143
2017-06-19,19.424999237060547,19.637500762939453,19.424999237060547,19.637500762939453,14.786622047424316,67.4054340790585,0.007051551054800154,0.7221831054316713,100.0,0.946255211306852,-6.07286367331476,-0.006667283281241609
2017-06-20,19.649999618530273,19.912500381469727,19.649999618530273,19.862499237060547,14.956037521362305,72.55468598363204,0.01924302276157097,0.8712295496024145,93.65065140465563,1.1108200663424612,-4.465549662448332,0.012177462163170588
2017-06-21,19.799999237060547,19.975000381469727,19.712499618530273,19.887500762939453,14.974863052368164,73.06391397766741,0.020525968936324634,0.9874797380666803,89.7059318515859,1.042876194176175,-4.510343972095991,0.023510121133674983
2017-06-22,19.899999618530273,19.962499618530273,19.887500762939453,19.9375,15.012516021728516,74.09904774654723,0.01916950489321345,1.0869840346614237,95.58819239529221,1.0076141800725897,-4.820336750882607,0.030688211935851556
2017-06-23,19.9375,20.012500762939453,19.912500381469727,19.924999237060547,15.003103256225586,73.34028280110974,0.021795130514553174,1.1467839758434573,90.14068161596884,0.937179510408338,-4.871748397305259,0.03181244262897276
2017-06-26,19.950000762939453,20.375,19.950000762939453,20.350000381469727,15.323121070861816,80.60995767191973,0.05508777920419217,1.352199526130115,98.00003051757812,1.1431883566107992,-3.344259169113807,0.0500342800806953
2017-06-27,20.350000381469727,20.375,20.25,20.325000762939453,15.30429458618164,79.24100266245745,0.052427255777533155,1.4859218159042171,96.00006103515625,1.0188747266101867,-3.3590250438690306,0.05627905755813928
2017-06-28,20.225000381469727,20.262500762939453,20.075000762939453,20.137500762939453,15.163106918334961,69.68353438654178,0.048145416516583106,1.4972287832380653,81.00006103515625,0.8494069795712053,-3.5515144653320307,0.0467524081156282
2017-06-29,20.25,20.262500762939453,20.125,20.162500381469727,15.18193531036377,70.19972993374918,0.04876460921372372,1.4985644431828689,83.00003051757812,0.8293724735720345,-3.5364517517089835,0.037945229448253404
2017-06-30,20.024999618530273,20.100000381469727,19.950000762939453,20.100000381469727,15.13487720489502,67.12351777768684,0.03474909692942307,1.4570944185125676,78.00003051757812,0.7596435645827987,-3.5740982360839837,0.0257594807823171
2017-07-03,20.100000381469727,20.149999618530273,20.049999237060547,20.112499237060547,15.14428424835205,67.43076768430814,0.02418822904789364,1.4127623163758523,78.99993896484375,0.7431255642762901,-3.5665726013183585,0.01563966980037404
2017-07-04,20.112499237060547,20.149999618530273,20.0,20.0,15.059577941894531,61.827570842918966,0.006922984806927435,1.316794288665623,69.38776463480903,0.6517430691271796,-3.6343376464843744,0.0013035056521037147
2017-07-05,20.024999618530273,20.1875,19.9375,20.1875,15.200759887695312,66.78205693181359,0.015085068526982326,1.3014218966173157,83.87097303461118,0.7503586870926955,-3.5213920898437494,-0.0005111719725147124
2017-07-06,20.1875,20.1875,20.049999237060547,20.100000381469727,15.13487720489502,62.69280990181261,0.008150611329200474,1.239416257021878,71.05269498106706,0.6746529825045067,-3.5740982360839837,-0.007595711818189632
2017-07-07,20.0625,20.0625,19.950000762939453,19.987499237060547,15.05016040802002,57.79234995341716,0.0031364945632101904,1.1317763021428968,46.55164702756315,0.5862392559627555,-3.641871673583984,-0.018796552921102105
2017-07-10,20.0,20.112499237060547,20.0,20.087499618530273,15.125459671020508,60.73054023141426,-0.012899552181779628,1.0744248795269165,56.60374099228136,0.6344419487893107,-3.581632263183593,-0.021735553046097283
2017-07-11,20.174999237060547,20.387500762939453,20.137500762939453,20.387500762939453,15.351354598999023,67.94067735492402,0.0030749547162973734,1.1365583075875867,100.0,0.8212007507187888,-3.371024253906097,-0.00968192081956537
2017-07-12,20.375,20.450000762939453,20.325000762939453,20.387500762939453,15.351354598999023,67.94067735492402,0.012414848861643124,1.171768171453922,88.37210127570484,0.809884579606083,-3.304032058100723,-0.0032570879254964213
2017-07-13,20.487499237060547,20.600000381469727,20.4375,20.549999237060547,15.473711013793945,71.25599747947082,0.019218610635957534,1.2498653208130264,92.4526617934537,0.9456515364069932,-3.076620936146815,0.00711884634564891
2017-07-14,20.5,20.537500381469727,20.450000762939453,20.512500762939453,15.445477485656738,69.47075890127286,0.02052215399945645,1.2813417621987009,86.79251801543728,0.9068765390701217,-3.7688237238226803,0.009800807151298607
2017-07-17,20.625,20.637500762939453,20.5,20.549999237060547,15.473711013793945,70.27283039881871,0.021752547696517466,1.305701482238526,87.49979564144064,0.9213715081752122,-4.61114811631433,0.011100999220746838
2017-07-18,20.549999237060547,20.600000381469727,20.462499618530273,20.600000381469727,15.51136302947998,71.35370016803574,0.029999850548840357,1.3291050136000055,94.64280848605729,0.9244739517009165,-4.9237636663937945,0.012042731648242655
2017-07-19,20.587499618530273,20.75,20.587499618530273,20.674999237060547,15.567834854125977,72.9427300239845,0.02414846159946271,1.3612246200331328,90.76913686899039,0.9470461557426754,-5.390312730264176,0.013884009766591349
2017-07-20,20.712499618530273,20.725000381469727,20.637500762939453,20.662500381469727,15.55842399597168,72.22373553493932,0.027984818465502492,1.3654886219352562,89.23081618088943,0.88788245883368,-5.580899544741295,0.011956459486278881
2017-07-21,20.649999618530273,20.649999618530273,20.512500762939453,20.524999618530273,15.454887390136719,64.67102762170964,0.02689187165746265,1.2992341497262936,72.30764535757211,0.7234823933473397,-5.899061673677886,0.0017335894390591022
2017-07-24,20.487499237060547,20.575000762939453,20.4375,20.575000762939453,15.492537498474121,66.06091577076668,0.02426887085996543,1.251930360696953,78.46163236177884,0.7578984644209552,-5.852723078801082,-0.004146471531063872
2017-07-25,20.575000762939453,20.625,20.524999618530273,20.612499237060547,15.52077579498291,67.10616604413131,0.011036237544466143,1.2150818414165026,82.81238824118446,0.7728942284503835,-5.817968252328726,-0.007587490589296253
2017-07-26,20.637500762939453,20.6875,20.512500762939453,20.537500381469727,15.464301109313965,62.93180174421156,0.007357429573173091,1.1430091024355802,73.4375223517631,0.6768830979396436,-5.887475557767429,-0.01470827271596703
2017-07-27,20.549999237060547,20.75,20.549999237060547,20.75,15.624309539794922,68.84507967328719,0.009732540944232815,1.1561413129601208,100.0,0.8516216217831784,-5.690542104867789,-0.009913206022108906
2017-07-28,20.600000381469727,20.612499237060547,20.487499237060547,20.524999618530273,15.454887390136719,58.24936993488819,0.0006092336406380294,1.0655527520951094,63.26519808424108,0.6114175998006969,-5.899061673677886,-0.018901777268281822
2017-07-31,20.362499237060547,20.375,20.262500762939453,20.337499618530273,15.445399284362793,57.71365990842754,-0.001829666419769227,0.9775337684562825,15.38440471066943,0.5813634024434641,-5.910739342322717,-0.025808771964753785
2017-08-01,20.537500381469727,20.537500381469727,20.387500762939453,20.450000762939453,15.530832290649414,61.17599964221464,0.0012551612087494668,0.9415339070005415,38.461598654094445,0.6853583300992324,-5.80559102689303,-0.0249325317008888
2017-08-02,20.5,20.662500381469727,20.5,20.625,15.663739204406738,65.85926736885555,0.006160416729712681,0.9710121067158761,74.35893423060371,0.8530177893761126,-5.739832057792718,-0.016137344362600087
2017-08-03,20.462499618530273,20.587499618530273,20.424999237060547,20.549999237060547,15.606781959533691,62.3861233944038,0.003108153086362142,0.9534687652763641,58.97413826832035,0.7471919471164302,-5.811028681782418,-0.014919679441637468
2017-08-04,20.537500381469727,20.587499618530273,20.512500762939453,20.587499618530273,15.635257720947266,63.42462165667889,0.011670763186903521,0.9433691832482679,66.66653624946203,0.8064442526153218,-6.201656372070313,-0.013029150936582884
2017-08-07,20.612499237060547,20.75,20.612499237060547,20.737499237060547,15.74917984008789,67.31285292645205,0.01656554593713566,0.9830104508734682,97.4357369224148,1.0708032050706149,-7.546614512683493,-0.005333306198358756
2017-08-08,20.762500762939453,20.8125,20.637500762939453,20.725000381469727,15.73968505859375,66.67664568507044,0.014104273298091385,0.9976791537349945,84.09095638061021,0.9829530558515369,-8.605312687700703,-0.0022662532012911185
2017-08-09,20.637500762939453,20.649999618530273,20.512500762939453,20.537500381469727,15.597286224365234,57.84621827300744,0.00859949079568656,0.924728957094339,50.0,0.6228178198796024,-8.864220018171853,-0.010737678087100383
2017-08-10,20.587499618530273,20.612499237060547,20.337499618530273,20.399999618530273,15.492862701416016,52.369013650769006,-0.008412969420767857,0.803556181126573,24.999826604429217,0.3448979936804669,-9.054081232356998,-0.02354914229259067
2017-08-11,20.212499618530273,20.337499618530273,20.1875,20.3125,15.426410675048828,49.17785671648562,-0.0018425702089595042,0.6653959812170505,20.0,0.1757455508802772,-7.999742919921874,-0.03593233547721833
2017-08-14,20.362499237060547,20.399999618530273,20.1875,20.1875,15.3314790725708,44.96270273832273,-0.007375672826232971,0.5007662203240749,0.0,0.0019781002255853113,-8.151633483886718,-0.04913355218695731
2017-08-15,20.325000762939453,20.375,20.237499237060547,20.325000762939453,15.435903549194336,50.03586123783272,-0.0061122765141332636,0.41972767958821344,22.0001220703125,0.26183969050728273,-7.984554321289062,-0.04932103606034448
2017-08-16,20.287500381469727,20.3125,20.149999618530273,20.25,15.378945350646973,47.46581522975511,-0.018181728515988316,0.3221151835531656,15.09438851157796,0.16939124317836882,-7.583587201050265,-0.051528588787612906
2017-08-17,20.3125,20.424999237060547,20.287500381469727,20.412500381469727,15.50235366821289,53.08812973625863,-0.006691212294217319,0.30553906709088663,39.62273385520281,0.4452527280313301,-7.39731060254908,-0.043258544209195726
2017-08-18,20.25,20.287500381469727,20.162500381469727,20.287500381469727,15.407423973083496,48.7647674104764,-0.014571793566186653,0.2401522828860348,20.754820191109026,0.2474116219109029,-7.540600625897893,-0.042690100947017834
2017-08-21,20.262500762939453,20.299999237060547,20.1875,20.262500762939453,15.388437271118164,47.92412645620059,-0.02290548286530414,0.17638023531421554,16.981295038593196,0.2267192068318997,-7.569259782173714,-0.042034867137729456
2017-08-22,20.362499237060547,20.475000381469727,20.362499237060547,20.462499618530273,15.540328979492188,54.658125823447406,-0.01266582389415194,0.2027519361933486,47.16978416023447,0.540613915143924,-7.339989410982292,-0.03035871622420791
2017-08-23,20.5,20.5625,20.4375,20.4375,15.521340370178223,53.72285080644243,-0.004869171027224839,0.2112857124356584,43.39625900771864,0.49518586184210117,-7.368651446273259,-0.023222940117265514
2017-08-24,20.462499618530273,20.637500762939453,20.462499618530273,20.637500762939453,15.673235893249512,59.66809659620762,0.011642341077289009,0.29373559343952066,73.58503603087456,0.8010988258820282,-7.1393753170515435,-0.008348696261867225
2017-08-25,20.662500381469727,20.6875,20.600000381469727,20.674999237060547,15.701711654663086,60.6877353526252,0.01784608133501453,0.3694335479175762,79.24517980889098,0.8214808503695982,-7.096393060421891,0.0027388043274273743
2017-08-28,20.674999237060547,20.700000762939453,20.600000381469727,20.637500762939453,15.673235893249512,59.07924941381957,0.022291183979120444,0.4097483808887866,88.6363872811322,0.7402869330350532,-7.1393753170515435,0.007230867070066899
2017-08-29,20.5625,20.600000381469727,20.487499237060547,20.575000762939453,15.625767707824707,56.395908205361636,0.012300164873748631,0.41224151799319947,77.2727745622644,0.6375408766837733,-7.211025367002456,0.0061250230541984585
2017-08-30,20.662500381469727,20.725000381469727,20.649999618530273,20.674999237060547,15.701711654663086,59.56052857107055,0.020987544767010702,0.44834330356768687,91.30416033648902,0.7764149923632906,-7.096393060421891,0.009430403503494458
2017-08-31,20.787500381469727,20.787500381469727,20.674999237060547,20.737499237060547,15.74917984008789,61.44408872817152,0.015921851427058487,0.4956760561374801,92.15669261655009,0.8363894345845198,-7.024743010470979,0.013488630116898118
2017-09-01,20.737499237060547,20.799999237060547,20.662500381469727,20.75,15.758671760559082,61.8269723379973,0.022797307849073967,0.5318072907123116,92.30780516862438,0.8281236292024439,-7.010415591594428,0.015351687349567697
2017-09-04,20.725000381469727,20.762500762939453,20.674999237060547,20.712499618530273,15.730194091796875,59.90488520801846,0.02220867620652678,0.5394070167063751,86.53851232588097,0.7826424637766118,-7.053400727239226,0.013283070321412072
2017-09-05,20.725000381469727,20.75,20.662500381469727,20.737499237060547,15.74917984008789,60.78028707694669,0.013439281811299608,0.548816790937091,90.19606083181493,0.8137151807740851,-7.152495940279411,0.01185732594758937
2017-09-06,20.674999237060547,20.725000381469727,20.587499618530273,20.649999618530273,15.682723999023438,56.1583849844418,0.010397531720603759,0.5160268118934304,76.47060583485174,0.687581688990107,-7.2547357557653305,0.005429553705137022
2017-09-07,20.700000762939453,20.712499618530273,20.549999237060547,20.5625,15.616272926330566,51.907841307318414,-0.0036344101056680067,0.4505997995839102,61.22456605818277,0.5632280721428077,-7.3569682352906645,-0.0038085090024930074
2017-09-08,20.600000381469727,20.725000381469727,20.600000381469727,20.674999237060547,15.701711654663086,56.46986323281174,0.0,0.43774184771983227,71.42857142857143,0.6902248656673913,-7.225523960714463,-0.004621800195445891
2017-09-11,20.8125,20.837499618530273,20.625,20.637500762939453,15.673235893249512,54.610498907849056,0.0,0.4081593572190362,50.000238418806475,0.621422213029661,-6.893656327681108,-0.0073711963427482985
2017-09-12,20.737499237060547,20.762500762939453,20.662500381469727,20.712499618530273,15.730194091796875,57.61663588919831,0.006682960218324263,0.4093249729890198,66.66666666666666,0.7102250002782263,-6.810808038884943,-0.005720981494744856
2017-09-13,20.725000381469727,20.75,20.5625,20.575000762939453,15.625767707824707,50.95367114985294,-0.004836666760201558,0.3523923705552723,25.000408717118706,0.47315072795587937,-7.103093039158616,-0.011685830457220173
2017-09-14,20.575000762939453,20.637500762939453,20.537500381469727,20.587499618530273,15.635257720947266,51.50255410135294,-0.007233527097750714,0.3086074746148898,28.571506422308325,0.4786874738808347,-7.089033744567581,-0.014814453944216335
2017-09-15,20.587499618530273,20.625,20.524999618530273,20.587499618530273,15.635257720947266,51.50255410135294,-0.007831500109082623,0.2707886375045052,28.571506422308325,0.4433442690105752,-7.385453770243582,-0.016573243966896828
2017-09-18,20.712499618530273,20.787500381469727,20.649999618530273,20.787500381469727,15.787153244018555,59.844475070545144,0.0036210075914691053,0.31542598176007586,84.000244140625,0.9005756731561425,-10.014299618129032,-0.007649859030778729
2017-09-19,20.799999237060547,20.825000762939453,20.662500381469727,20.6875,15.711204528808594,54.7715080000016,-0.0024112564377882784,0.3080939244939761,52.00012207031251,0.6086779586208668,-12.197749946355772,-0.007021923787439009
2017-09-20,20.625,20.662500381469727,20.524999618530273,20.549999237060547,15.606781959533691,48.66349560233933,-0.0048424010710431675,0.24569379538512287,7.9998779296875,0.1124722785178009,-13.330580423990881,-0.013427463566644059
2017-09-21,20.512500762939453,20.700000762939453,20.487499237060547,20.674999237060547,15.701711654663086,53.71664815350931,0.005471134420842683,0.2423309212139963,53.571370183268755,0.5563726602818205,-14.05566390373894,-0.011152860552436493
2017-09-22,20.649999618530273,20.649999618530273,20.387500762939453,20.399999618530273,15.492862701416016,43.558321910775454,-0.013301030985691686,0.13055665607704964,2.777530528252144,-0.18104751137269334,-11.259001131696403,-0.022917974678120623
2017-09-25,20.387500762939453,20.387500762939453,20.1875,20.237499237060547,15.3694486618042,38.87936195326607,-0.019382547006528084,-0.021656608823523927,7.692194831375609,-0.2560381706843195,-7.7943910243055035,-0.037361673492384014
2017-09-26,20.200000762939453,20.262500762939453,20.075000762939453,20.075000762939453,15.246040344238281,34.8482595726808,-0.0307786251544776,-0.20421197277157155,0.0,-0.2387924804421797,-6.715072349281709,-0.05264157475873624
2017-09-27,20.149999618530273,20.225000381469727,20.137500762939453,20.174999237060547,15.32198429107666,39.03718949937301,-0.019441183462360345,-0.30638312292088327,13.114573666292284,0.0006005227759161195,-6.615473580993022,-0.054802417260687374
2017-09-28,20.1875,20.200000762939453,20.075000762939453,20.100000381469727,15.265026092529297,37.11003639605913,-0.023679278910890722,-0.41252246303686024,3.278643416573071,0.002274773028264185,-6.69017296989011,-0.056983811593487504
2017-09-29,20.112499237060547,20.162500381469727,20.075000762939453,20.162500381469727,15.312493324279785,39.77820762028389,-0.020643369135838308,-0.4667809783690319,11.666615804036457,0.12208205736196898,-6.627920769244237,-0.052269670482177746
2017-10-02,20.3125,20.399999618530273,20.3125,20.375,15.473877906799316,47.875294330265014,-0.0198436876096032,-0.4207901910620081,39.99989827473958,0.36677340871652464,-6.416268540081896,-0.03609159206354816
2017-10-03,20.387500762939453,20.424999237060547,20.325000762939453,20.375,15.473877906799316,47.875294330265014,-0.01510556504907734,-0.3799588729905237,39.99989827473958,0.383599871766107,-6.416268540081896,-0.023793148431467764
2017-10-05,20.375,20.524999618530273,20.375,20.462499618530273,15.540328979492188,51.02015792368721,-0.004257955305187688,-0.3093681997056658,51.66651407877604,0.4914990885277719,-6.329119461489008,-0.010276107844419097
2017-10-06,20.524999618530273,20.549999237060547,20.487499237060547,20.524999618530273,15.587791442871094,53.192396710348845,-0.007255273456646338,-0.226097466489438,59.999847412109375,0.5646619305888492,-6.266873514454596,0.0021077527452915343
2017-10-11,20.612499237060547,20.850000381469727,20.612499237060547,20.850000381469727,15.834616661071777,62.50528130292832,0.022058799993401212,-0.031476586513965885,100.0,0.9025796829541127,-5.853466050408173,0.025850236900661388
2017-10-12,20.887500762939453,21.049999237060547,20.887500762939453,21.049999237060547,15.986504554748535,66.8731206480696,0.040148212634187,0.1986198134346399,100.0,1.0251793833271077,-4.575336006886028,0.04934986982278135
2017-10-13,20.987499237060547,21.012500762939453,20.9375,21.012500762939453,15.95803165435791,65.33657262600141,0.04670008041718865,0.36134973624593336,96.15399663523611,0.9406793887930409,-4.604539027348487,0.05984271585017434
2017-10-16,21.012500762939453,21.125,21.012500762939453,21.125,16.043468475341797,67.73241922988848,0.04708816890546741,0.5275828116909169,100.0,0.9643365323822287,-4.221557349473754,0.06876616615780969
2017-10-17,21.137500762939453,21.174999237060547,21.075000762939453,21.075000762939453,16.0054931640625,65.56327180154562,0.048507422591015814,0.6319300470136139,90.90921701496057,0.8788755554161488,-4.081557494503361,0.0682055616516879
2017-10-18,21.200000762939453,21.25,21.075000762939453,21.149999618530273,16.062454223632812,67.25710617766757,0.04897705967739907,0.7348257558728638,91.48932371055032,0.8855003790038568,-3.7969354422941453,0.06763308626692055
2017-10-19,21.174999237060547,21.299999237060547,21.174999237060547,21.225000381469727,16.119409561157227,68.90410459022412,0.041717509873479,0.835270167452013,93.87763681545562,0.8951247791002418,-3.6110580644357673,0.06692866589906785
2017-10-20,21.100000381469727,21.212499618530273,21.100000381469727,21.137500762939453,16.052963256835938,64.80840106452972,0.037423414707322245,0.8705576259913618,86.73480191575892,0.8101400401324416,-3.665300013078979,0.05815072338997963
2017-10-23,21.174999237060547,21.237499237060547,21.112499237060547,21.125,16.043468475341797,64.22096705468692,0.032376373531961766,0.8832643142232057,85.71433020060661,0.7752180316393634,-3.6730508647695927,0.04827458374046732
2017-10-24,21.125,21.125,21.049999237060547,21.100000381469727,16.02448081970215,62.99132258094757,0.028014833174507814,0.8734552618198683,79.74693568512016,0.7410529430811195,-3.6885510111295883,0.037511998366756394
2017-10-25,21.075000762939453,21.149999618530273,21.049999237060547,21.087499618530273,16.01498794555664,62.348575201788776,0.01139094733681123,0.8509457158706726,78.20513322117453,0.7120498646892183,-3.6963003057989705,0.027278435837284343
2017-10-26,21.037500381469727,21.100000381469727,21.0,21.0625,15.996002197265625,61.0077889381896,0.0005941037632437585,0.8140318571479871,74.32438562703365,0.677533248487301,-3.711798895137735,0.017244928711644236
2017-10-27,21.075000762939453,21.1875,21.049999237060547,21.075000762939453,16.0054931640625,61.454040041779834,0.0029741456047074344,0.780535251623226,72.30788010817307,0.6660971811784262,-3.7040511574895842,0.00964079820980994
2017-10-30,21.274999618530273,21.337499618530273,21.200000762939453,21.237499237060547,16.128902435302734,66.77815268585587,0.005325155223899758,0.807003681511549,86.20685119268421,0.7473667652529542,-3.5076252709948297,0.01120600172345515
2017-10-31,21.25,21.337499618530273,21.200000762939453,21.299999237060547,16.176372528076172,68.57613316145972,0.010676294835909816,0.8420076597072718,91.66656070258425,0.7741675132345461,-3.4700251634278234,0.013564513897269453
2017-11-01,21.337499618530273,21.350000381469727,21.237499237060547,21.274999618530273,16.157384872436523,67.01384310835523,0.005910096146082067,0.8501441541666399,81.818013677411,0.7460878873140424,-4.3869287708958,0.012024524947633453
2017-11-02,21.237499237060547,21.262500762939453,21.174999237060547,21.200000762939453,16.10042381286621,62.41972730761217,-0.0011778190894017326,0.8183464635148883,57.14301284461665,0.667197502227618,-4.503540021771696,0.005670979535058018
2017-11-03,21.237499237060547,21.262500762939453,21.149999618530273,21.174999237060547,16.081432342529297,60.9201677556419,0.001773447384004756,0.7746105044346749,49.99972752192086,0.6284812240548028,-4.785657412932016,-0.0009563412936286209
2017-11-06,21.299999237060547,21.325000762939453,21.149999618530273,21.212499618530273,16.10991859436035,62.38006178260438,0.004141879863490017,0.7456466293751322,60.714110549806264,0.6661097167385773,-5.457449083257591,-0.004375747132854865
2017-11-07,21.25,21.325000762939453,21.212499618530273,21.325000762939453,16.195358276367188,66.43067060117244,0.01066352530154635,0.7568303356411572,92.85725963346249,0.9179330299265852,-6.371334381619138,-0.001960635026873228
2017-11-08,21.299999237060547,21.299999237060547,21.237499237060547,21.237499237060547,16.128902435302734,60.934923784457375,0.007112992537574803,0.7238749678221554,67.85685091634377,0.7193812874362453,-10.670869735197927,-0.005704313016563101
2017-11-09,21.237499237060547,21.262500762939453,21.100000381469727,21.100000381469727,16.02448081970215,53.452111070209135,0.0017803587474745086,0.6379672293917225,28.571506422308325,0.3210828833778287,-12.292338513610362,-0.015521837288967485
2017-11-10,21.075000762939453,21.137500762939453,20.987499237060547,21.137500762939453,16.052963256835938,55.072726931073795,0.0029658625502413383,0.5775428339101689,41.379600641919446,0.4034827320849664,-13.994470074452131,-0.02011467633204153
2017-11-13,21.0625,21.100000381469727,21.049999237060547,21.075000762939453,16.0054931640625,51.833662348328154,-0.0076514364033920534,0.5000499261233984,24.138275762279342,0.22201380818819705,-14.12542164110389,-0.02599328728397772
2017-11-14,21.075000762939453,21.075000762939453,20.987499237060547,21.037500381469727,15.97701358795166,49.93610119262155,-0.012324081915058405,0.4194865413696655,13.793375601799479,0.12464239550248178,-14.203985740969719,-0.0310984542910831
2017-11-15,20.950000762939453,20.962499618530273,20.787500381469727,20.825000762939453,15.815630912780762,40.81732600285772,-0.02115156396619433,0.271241606224189,6.666734483506945,-0.2120105988132136,-9.220879055447048,-0.043861905955503794
2017-11-16,20.825000762939453,20.9375,20.799999237060547,20.899999618530273,15.872586250305176,44.658260379497925,-0.014151028892728013,0.1802779860760063,19.999864366319446,0.03491484918481479,-9.11962512207031,-0.046722548801822694
2017-11-17,21.075000762939453,21.112499237060547,21.037500381469727,21.087499618530273,16.01498794555664,52.890471088195426,-0.004131746200053077,0.17797433857215902,53.33319769965278,0.4172896355871608,-8.866466552734373,-0.03766686623366278
2017-11-20,21.100000381469727,21.112499237060547,20.975000381469727,21.0,15.94853687286377,49.21169373987774,-0.010017537987626945,0.14098956546849192,37.7777099609375,0.26068218753556255,-8.984601793077255,-0.03485962092201085
2017-11-21,20.975000381469727,21.200000762939453,20.975000381469727,21.1875,16.090930938720703,56.23619815299693,-0.006447979468220066,0.18143263458762665,74.41848086442752,0.6178082744836958,-8.731456787109373,-0.02270847449900175
2017-11-22,21.287500381469727,21.399999618530273,21.225000381469727,21.287500381469727,16.16687774658203,59.45704226587045,0.0023544882506187914,0.2488173831227418,81.6327547442437,0.7828702059880975,-7.925883086389764,-0.009526486620683394
2017-11-23,21.287500381469727,21.337499618530273,21.237499237060547,21.299999237060547,16.176372528076172,59.85482701615068,0.009478728832654104,0.30337676816164116,83.673386770302,0.7766459794443616,-7.910381383008536,-0.0006085091643633286
2017-11-24,21.3125,21.325000762939453,21.237499237060547,21.287500381469727,16.16687774658203,59.229003596885455,0.007096165855708048,0.33784566267895555,81.6327547442437,0.730622170784963,-7.925883086389764,0.003958891421179403
2017-11-27,21.287500381469727,21.287500381469727,21.024999618530273,21.037500381469727,15.97701358795166,48.343809064552175,-0.0017793626112555527,0.26665935772923943,40.81637737212185,0.3004564359028181,-8.23586577231367,-0.005959771364594288
2017-11-28,20.987499237060547,21.0,20.875,20.899999618530273,15.872586250305176,43.5978622864171,-0.006536098694015835,0.1558782808884186,18.367245255756306,0.10711789154262104,-8.406359597167464,-0.01897210349310971
2017-11-29,20.912500381469727,20.987499237060547,20.887500762939453,20.924999237060547,15.89157485961914,44.66169054381882,0.004801828473185221,0.07667715351470161,22.44882071211923,0.1854775955654931,-8.375357747426241,-0.02532200100489835
2017-11-30,20.75,20.75,20.5625,20.5625,15.616272926330566,34.50126745789947,-0.016148176480671572,-0.1238367300943814,0.0,-0.17745364423172316,-6.2879454646075645,-0.045886362401577604
2017-12-01,20.537500381469727,20.725000381469727,20.412500381469727,20.649999618530273,15.682723999023438,38.15835285028158,-0.020747061918669152,-0.24675216152235976,24.050574233100395,0.02418392125822865,-5.171650670035192,-0.052367593829797776
2017-12-04,20.662500381469727,20.737499237060547,20.587499618530273,20.725000381469727,15.73968505859375,41.18957170717956,-0.013095358899372078,-0.31191452187250507,31.6455940695415,0.15532264290551157,-5.113968539829334,-0.05016830949602684
2017-12-05,20.637500762939453,20.662500381469727,20.549999237060547,20.5625,15.616272926330566,36.962303929044346,-0.029498480491761625,-0.4216440636924248,15.189846523504347,0.039082834673735356,-5.238942947536766,-0.054040188163901735
2017-12-06,20.524999618530273,20.524999618530273,20.212499618530273,20.212499618530273,15.350462913513184,29.85522689187944,-0.0504992272389424,-0.6374068618810212,0.0,-0.14285319914841202,-4.476346698961759,-0.07047871545501098
2017-12-07,20.299999237060547,20.3125,20.112499237060547,20.225000381469727,15.359956741333008,30.370196803396354,-0.05046964548610444,-0.7954340475668013,8.737950374877226,-0.021399754581288007,-4.073294048629598,-0.07620215668434771
2017-12-08,20.375,20.375,20.162500381469727,20.225000381469727,15.359956741333008,30.370196803396354,-0.049911987824589166,-0.9109939769018505,8.737950374877226,0.052297304407469006,-4.073294048629598,-0.07534175109205146
2017-12-11,20.299999237060547,20.412500381469727,20.299999237060547,20.375,15.473877906799316,36.824746762676895,-0.031491221959763505,-0.9336403694706363,20.388402731174292,0.1945009965229999,-3.9848116162311986,-0.06295792001491442
2017-12-12,20.350000381469727,20.375,20.137500762939453,20.237499237060547,15.3694486618042,33.737403905109275,-0.03169852603518242,-0.994367972222197,10.204078455063659,0.14465058372163206,-4.065921685399417,-0.05779172923258466
2017-12-13,20.274999618530273,20.299999237060547,20.225000381469727,20.25,15.378945350646973,34.27703503399076,-0.03225794255764869,-1.0261678334520021,11.340254837187352,0.18637493226049692,-4.058545618580755,-0.050018029828883356
2017-12-14,20.387500762939453,20.5,20.337499618530273,20.4375,15.521340370178223,41.91534433579044,-0.006079078958224238,-0.966646818061345,27.659612459600773,0.3211565592506777,-3.947947577927205,-0.03242224250791803
2017-12-15,20.412500381469727,20.412500381469727,20.162500381469727,20.274999618530273,15.397928237915039,37.81353804335753,-0.01815984016081218,-0.9723606300277304,18.309886397338527,0.24650895712309293,-4.04380163283809,-0.026481855617428968
2017-12-18,20.299999237060547,20.3125,20.212499618530273,20.299999237060547,15.416915893554688,38.805764485567344,-0.020506710511518977,-0.9561906905171244,21.428571428571427,0.28454076166747494,-4.029053943506943,-0.019010273513188097
2017-12-19,20.299999237060547,20.350000381469727,20.174999237060547,20.200000762939453,15.340970039367676,36.31024193772801,-0.017629231268025736,-0.9718369203751213,13.725713123141272,0.24748762233202443,-4.0880409972430485,-0.016985747149682096
2017-12-20,20.200000762939453,20.274999618530273,20.1875,20.262500762939453,15.388437271118164,38.95268908767537,0.0024738249145275226,-0.9487810808718607,24.000244140625,0.30541319777715853,-4.238375914164667,-0.010566810032133445
2017-12-21,20.274999618530273,20.337499618530273,20.25,20.25,15.378945350646973,38.60773924467525,0.0012362410671944435,-0.9249062400090239,22.0001220703125,0.3118974199770282,-4.285957055214724,-0.00534094880864211
2017-12-22,20.200000762939453,20.337499618530273,20.174999237060547,20.325000762939453,15.435903549194336,41.93089341019292,0.004944467562005395,-0.8663633360687518,38.636560676101666,0.3864933441945233,-4.362077560024609,0.0031160317363831957
2017-12-25,20.325000762939453,20.387500762939453,20.325000762939453,20.362499237060547,15.464383125305176,43.575516614171946,-0.0006136006469308342,-0.795949026244463,60.606004559137006,0.44495850187882385,-5.619309426484938,0.01133034516101683
2017-12-26,20.362499237060547,20.362499237060547,20.125,20.162500381469727,15.312493324279785,37.47891213047249,-0.0037057502046874413,-0.8101204835200673,12.903495732469656,0.24008279425466958,-5.8677210431780145,0.007425375231003978
2017-12-27,20.149999618530273,20.225000381469727,20.137500762939453,20.225000381469727,15.359956741333008,40.290205229405295,-0.0012347146622226912,-0.7876096686807317,26.666768391927082,0.3209070698993262,-7.83695969889359,0.008834310980382232
2017-12-28,20.3125,20.4375,20.3125,20.424999237060547,15.511848449707031,48.30173287043955,-0.0006115399987896009,-0.6825447913178638,79.99979654947916,0.6460123709412706,-7.743041259765624,0.020144275528846234
2017-12-29,20.4375,20.549999237060547,20.4375,20.537500381469727,15.597286224365234,52.18778949502059,0.012947065564268945,-0.5483550915955338,97.05908752277604,0.8603662967661517,-7.606340820312499,0.03278027840337794
2018-01-02,20.537500381469727,20.649999618530273,20.537500381469727,20.649999618530273,15.682723999023438,55.76834958154707,0.017241328116726296,-0.39301345409951227,100.0,1.1035076183330967,-8.436120037869463,0.045510303375120395
2018-01-03,20.737499237060547,20.862499237060547,20.737499237060547,20.837499618530273,15.82512378692627,61.00937682730287,0.031559526308712504,-0.19383340376438518,96.61021770952408,1.2349688846383768,-6.098500600179037,0.06116338605594053
2018-01-04,20.875,20.912500381469727,20.799999237060547,20.875,15.853599548339844,61.97955424939755,0.030228038690759185,-0.021354237732101673,95.23804910421264,1.1143152930812321,-5.705616995405682,0.07041825526800159
2018-01-05,20.875,20.950000762939453,20.825000762939453,20.9375,15.901067733764648,63.60525868987705,0.03395046742237828,0.1379014445251569,98.48475740859762,1.0584737323676308,-5.501913163698914,0.07622924737751981
2018-01-08,20.950000762939453,21.037500381469727,20.924999237060547,21.024999618530273,15.967522621154785,65.80940312445941,0.034440424576778206,0.29453330252699444,98.63005394920289,1.0346478814754096,-4.938137688566157,0.08061500731822725
2018-01-09,21.024999618530273,21.0625,20.975000381469727,21.037500381469727,15.97701358795166,66.12493969503637,0.03314910517236469,0.41825321402871596,97.3333740234375,0.964552130064799,-4.806518839518231,0.08005850832106881
2018-01-10,21.024999618530273,21.0625,20.887500762939453,20.9375,15.901067733764648,61.25355301735578,0.03843752921358723,0.47159881701681633,86.66666666666667,0.8396987862339705,-4.887527750651043,0.0707986219122907
2018-01-11,20.912500381469727,20.924999237060547,20.774999618530273,20.850000381469727,15.834616661071777,57.27748449948072,0.03090242555576217,0.47425218353999726,77.3333740234375,0.7435464182914697,-4.958408894856772,0.05701360982631502
2018-01-12,20.887500762939453,21.049999237060547,20.875,21.024999618530273,15.967522621154785,62.51798375619237,0.02937587824720911,0.5380411852212524,95.99995930989583,0.8420265781846556,-4.816642537434897,0.05370752429224111
2018-01-15,21.137500762939453,21.174999237060547,21.100000381469727,21.162500381469727,16.071943283081055,66.04234346213532,0.030432028488028617,0.6342982741649531,98.8096319359421,0.8927064146071875,-4.24205682086532,0.05520246188380912
2018-01-16,21.162500381469727,21.25,21.125,21.25,16.138397216796875,68.09819377759788,0.0290557442572994,0.7354940747335044,100.0,0.9001375045500156,-3.9256469184027765,0.05707945518630466
2018-01-17,21.162500381469727,21.362499237060547,21.162500381469727,21.287500381469727,16.16687774658203,68.96537979675324,0.02159565790809781,0.8202045566083058,92.85724665850442,0.8804919724025705,-3.580484600943889,0.056544048965844335
2018-01-18,21.375,21.637500762939453,21.375,21.575000762939453,16.38521957397461,74.6537116680974,0.03353308023290125,0.9858200516994767,94.79166997803371,0.9907784703432518,-2.854580852625394,0.06651229347654841
2018-01-19,21.587499618530273,21.787500381469727,21.587499618530273,21.787500381469727,16.546606063842773,77.88087763553573,0.040597168749075596,1.1834626723566892,100.0,1.0263815322892869,-2.5344169113235115,0.07875511937338553
2018-01-22,21.787500381469727,21.987499237060547,21.787500381469727,21.987499237060547,16.69849395751953,80.4090315083398,0.045778631645482015,1.3983448682746293,100.0,1.0350739265806008,-2.2217355415233815,0.09099614258720015
2018-01-23,22.012500762939453,22.100000381469727,21.975000381469727,22.075000762939453,16.76494598388672,81.41014074044315,0.04931662551312099,1.5814998422674624,98.11323742374208,0.9945810540227068,-2.0832928441121847,0.09693462517650941
2018-01-24,22.0,22.0,21.712499618530273,21.799999237060547,16.55609893798828,69.40608745239729,0.04119416476874238,1.6030491892266165,77.35841723263306,0.835000412652518,-2.2069184820903565,0.08082161507086924
2018-01-25,21.8125,22.075000762939453,21.787500381469727,21.862499237060547,16.603559494018555,70.47164718247322,0.048560874532388665,1.6242287482102886,82.07539564865651,0.8381880074002092,-2.4569313087876727,0.06790457073218908
2018-01-26,21.862499237060547,21.899999618530273,21.712499618530273,21.875,16.613056182861328,70.69161479405449,0.04042790964024068,1.6263185911461562,83.01884891216412,0.8160467621487154,-2.682416805774017,0.055090295062956374
2018-01-29,21.375,21.537500381469727,21.299999237060547,21.387500762939453,16.661746978759766,71.84949865339141,0.03669772132033322,1.632563652520345,46.22647484748417,0.8197236260919043,-2.8624821777343756,0.04538789273158503
2018-01-30,21.299999237060547,21.337499618530273,21.125,21.137500762939453,16.466991424560547,61.400541008671276,0.020361018715146617,1.5238257492607195,27.358561183390385,0.6638588426985605,-3.5163150279347604,0.022504942767317404
2018-01-31,21.100000381469727,21.25,21.037500381469727,21.162500381469727,16.486459732055664,61.99552730910317,0.019767699767581748,1.4306672881286573,23.46941158702256,0.6590116830791146,-3.61863201292102,0.006180216016285017
2018-02-01,21.1875,21.375,21.1875,21.3125,16.603317260742188,65.43920614781234,0.013310635587330921,1.3979779266773797,25.88231703814338,0.7253416315764488,-3.5304377024307527,0.0010228922880561597
2018-02-02,21.212499618530273,21.287500381469727,21.087499618530273,21.225000381469727,16.535152435302734,61.9149169543889,-0.000692204098885707,1.3231920231100318,17.647058823529413,0.6529049038059063,-3.5818828240835376,-0.008674589914917541
2018-02-05,20.799999237060547,20.9375,20.725000381469727,20.899999618530273,16.281963348388672,50.94082012838865,-0.02494420216520732,1.1267280394989536,12.727217240767045,0.43114229467040016,-3.613299660422585,-0.03249744242276026
2018-02-06,20.212499618530273,20.274999618530273,19.700000762939453,19.912500381469727,15.512657165527344,32.24144989555276,-0.07469685971926099,0.5848155749636198,8.854152179424315,-0.10631490602681579,-2.126726776238565,-0.09678828916480978
2018-02-07,20.337499618530273,20.350000381469727,20.149999618530273,20.162500381469727,15.707422256469727,38.405930945056305,-0.05126066742517765,0.24693004912959315,19.27082050177582,0.0633947329769013,-2.045574642113788,-0.12132808173858814
2018-02-08,20.162500381469727,20.237499237060547,20.075000762939453,20.149999618530273,15.69768238067627,38.2186752517774,-0.05455921145514775,-0.026530255674879297,18.749955296509313,0.07467315572741162,-2.0496329243394418,-0.13244076516454772
2018-02-09,19.649999618530273,19.799999237060547,19.5,19.762500762939453,15.395804405212402,32.86943963348995,-0.07327079161416972,-0.3914442304614648,10.096181708676013,-0.040331536234650946,-1.9605365356244986,-0.15289676321423123
2018-02-12,19.887500762939453,19.975000381469727,19.850000381469727,19.924999237060547,15.5223970413208,36.86041908312661,-0.06838118109051816,-0.6116126304989448,16.50481985004911,0.08462216988192012,-1.9118470673418677,-0.15044415654401583
2018-02-21,20.350000381469727,20.424999237060547,20.274999618530273,20.375,15.872969627380371,46.369252913534844,-0.03607348676299127,-0.6024967120903588,33.980572456264326,0.29119489169796536,-1.7770114771019159,-0.11912468013081434
2018-02-22,20.375,20.375,20.1875,20.25,15.775586128234863,44.3702670973135,-0.043118632828041625,-0.6373236239091206,31.250004967054522,0.2550761508562525,-1.814466663585565,-0.09966982932170314
2018-02-23,20.350000381469727,20.524999618530273,20.350000381469727,20.5,15.970344543457031,49.096576466957906,-0.03812326822073031,-0.5598646222525704,49.07974541230083,0.3707077830130453,-1.7395595917981084,-0.06980036923194874
2018-02-26,20.637500762939453,20.700000762939453,20.587499618530273,20.600000381469727,16.048254013061523,50.89391219019735,-0.029446261481187008,-0.4537951585691558,58.66668701171876,0.42448104143199256,-1.7095944155774605,-0.04226697783268053
2018-02-27,20.774999618530273,20.799999237060547,20.587499618530273,20.587499618530273,16.038516998291016,50.653193776750925,-0.014951903826865509,-0.37040635784287335,57.99997965494792,0.4348999692316189,-1.7133394207089612,-0.023138193787790064
2018-03-01,20.387500762939453,20.487499237060547,20.287500381469727,20.4375,15.921659469604492,47.735115066357615,0.026365715409868207,-0.359262805232167,50.0,0.38819016825629643,-1.7716463961861926,-0.017063461597821156
2018-03-02,20.212499618530273,20.299999237060547,20.112499237060547,20.287500381469727,15.804801940917969,44.9466078504485,0.0061995967803138985,-0.40493122363925316,44.055955994942195,0.3390073590797891,-1.817027947278677,-0.01945031263036265
2018-03-05,20.274999618530273,20.375,20.162500381469727,20.1875,15.726896286010742,43.13741491532698,0.0018610330255142138,-0.475278635400753,47.82608695652174,0.31330486291677845,-1.9541267973783492,-0.024485448640658956
2018-03-06,20.412500381469727,20.537500381469727,20.399999618530273,20.537500381469727,15.999561309814453,50.6279711572219,0.03921567777242241,-0.38835652971816775,79.80776848882147,0.49873597986903556,-2.100006397456744,-0.008488119210723087
2018-03-07,20.4375,20.612499237060547,20.424999237060547,20.450000762939453,15.931396484375,48.893935426280926,0.02634898733523161,-0.34998673400407376,73.07702465176195,0.4761816972194481,-2.2852552083333326,-0.001878272949844162
2018-03-08,20.537500381469727,20.700000762939453,20.537500381469727,20.6875,16.116416931152344,53.5449191552072,0.015337224822255857,-0.22331083475887364,91.34620745509659,0.6262336985932632,-2.1865776367187495,0.014663155213095143
2018-03-09,20.725000381469727,20.75,20.674999237060547,20.712499618530273,16.135894775390625,54.0193288262042,0.022839636145809417,-0.11190112977835934,93.26925616294048,0.6642980203623351,-2.1761894531249992,0.025964415054695253
2018-03-12,20.899999618530273,21.0625,20.887500762939453,21.037500381469727,16.389080047607422,59.77039443398291,0.026219566084561663,0.10263409177091715,97.93817514263826,0.9021311088647995,-2.1223744271286265,0.048244292112520244
2018-03-13,21.087499618530273,21.237499237060547,21.075000762939453,21.237499237060547,16.54488754272461,62.849812252324,0.030946265510184423,0.34612412677238186,100.0,1.033080849050243,-2.0827848948899503,0.0699130250363985
2018-03-14,21.087499618530273,21.112499237060547,21.0,21.075000762939453,16.418298721313477,58.9046563951695,0.023679354086349136,0.4694947901069403,85.55569118923611,0.9051353438905548,-2.1556418025138595,0.07188157475363191
2018-03-15,21.0,21.075000762939453,20.975000381469727,21.0625,16.40855598449707,58.599778140129125,0.030580764261545434,0.5555961837292565,84.44451226128471,0.858070149904061,-2.1612491355178665,0.06869224815993055
2018-03-16,21.0,21.049999237060547,20.774999618530273,20.975000381469727,16.34039306640625,56.40034643268964,0.03388787328626108,0.5829025419020301,76.66676839192709,0.772768837061302,-2.200479609199188,0.058552451372048765
2018-03-19,20.912500381469727,21.024999618530273,20.862499237060547,20.962499618530273,16.330656051635742,56.07656032271669,0.038390268152403983,0.592744717612064,75.55558946397569,0.7396996123991254,-2.2060836489379225,0.04818293119800002
2018-03-20,20.799999237060547,20.950000762939453,20.799999237060547,20.950000762939453,16.32091522216797,55.731865454825886,0.02008517022003531,0.5888316116801553,74.444580078125,0.7178009344152307,-2.9254868973632506,0.0381029501466463
2018-03-21,20.950000762939453,21.024999618530273,20.899999618530273,20.962499618530273,16.330656051635742,56.02298001743646,0.02506117826220211,0.5837768980156453,75.55558946397569,0.7118152725080964,-3.7436383870442693,0.02988928550093292
2018-03-22,21.0,21.149999618530273,20.862499237060547,20.887500762939453,16.27222442626953,53.73997492926703,0.009667626233720528,0.54444811875406,67.44196774714385,0.6352640412835434,-3.7955776095920126,0.018857235163020625
2018-03-23,20.462499618530273,20.600000381469727,20.450000762939453,20.524999618530273,15.989826202392578,44.33627875093046,-0.009052399946287482,0.3687054813364384,14.925379932633554,0.32334365618921723,-4.046598253038193,-0.00769901096074764
2018-03-26,20.462499618530273,20.549999237060547,20.399999618530273,20.549999237060547,16.009300231933594,45.050354966563454,-0.02317273541715792,0.23622552943825512,17.91041037051545,0.341429034685235,-4.029288004557291,-0.023311070357682775
2018-03-27,20.75,20.850000381469727,20.737499237060547,20.850000381469727,16.243013381958008,52.865287013845276,-0.018245766856200052,0.24486134229013387,53.73145885477042,0.5872548431568159,-3.8215429823133666,-0.017519744774782638
2018-03-28,20.725000381469727,20.725000381469727,20.549999237060547,20.5625,16.0190372467041,46.09893635674907,-0.024318078345783256,0.13842913612278948,19.403039461068435,0.3425052084693249,-4.020632880316839,-0.027785512894381498
2018-03-29,20.5625,20.587499618530273,20.450000762939453,20.524999618530273,15.989826202392578,45.28485665888366,-0.025518990366983574,0.03893981643543045,14.925379932633554,0.3038942741232929,-4.046598253038193,-0.03508462583940191
2018-03-30,20.662500381469727,20.762500762939453,20.662500381469727,20.712499618530273,16.135894775390625,50.0362944314617,-0.012514894236910767,0.03268027712505762,37.31344983158388,0.4438935760243054,-4.127683621091927,-0.028875764582141222
2018-04-02,20.712499618530273,20.737499237060547,20.537500381469727,20.5625,16.0190372467041,46.55330156004714,-0.01908183014487208,-0.0303826085908751,21.666717529296875,0.2570599743766594,-5.613002229606164,-0.031239361412345335
2018-04-03,20.375,20.387500762939453,20.299999237060547,20.375,15.872969627380371,42.564882173886595,-0.027446107567495548,-0.15188519364964842,8.823615209415566,0.0871371905728475,-5.104164916992189,-0.04064502416480215
2018-04-09,20.537500381469727,20.575000762939453,20.399999618530273,20.549999237060547,16.009300231933594,47.11870864153184,-0.01967807163937918,-0.17789031043563255,29.41175150624376,0.25295190062278056,-4.958745605468751,-0.035856823880433056
2018-04-10,20.524999618530273,20.712499618530273,20.4375,20.625,16.06772804260254,48.98553213435007,-0.012567205214847998,-0.16726180834660864,38.235366715659325,0.33521606297206025,-4.896422607421877,-0.02731303995228697
2018-04-11,20.725000381469727,20.774999618530273,20.6875,20.712499618530273,16.135894775390625,51.15215901823076,0.009135094475022587,-0.12320860544032307,48.52943486407342,0.4253330221885578,-4.8237114257812514,-0.01617944102475858
2018-04-12,20.762500762939453,20.787500381469727,20.5625,20.625,16.06772804260254,48.91489826210273,0.0036496167741548735,-0.12110269465194567,38.235366715659325,0.35336930321630006,-4.896422607421877,-0.012669844936224743
2018-04-13,20.674999237060547,20.700000762939453,20.575000762939453,20.625,16.06772804260254,48.914898262102724,-0.010791429843317601,-0.11807467717757222,38.235366715659325,0.37143838177232924,-5.3611403471372965,-0.009743686175919159
2018-04-16,20.662500381469727,20.662500381469727,20.5,20.575000762939453,16.028776168823242,47.53702313763577,0.0006079592655385824,-0.13368846481824662,50.00017339496946,0.33124675692899114,-5.406966060429267,-0.00980021846152336
2018-04-17,20.600000381469727,20.600000381469727,20.337499618530273,20.350000381469727,15.85349178314209,41.82714907729114,-0.008526322770793349,-0.2315168559581515,9.091098249057598,0.08621507776358621,-5.6131828922124125,-0.020401365926266034
2018-04-18,20.399999618530273,20.524999618530273,20.337499618530273,20.399999618530273,15.89244270324707,43.45257271743174,-0.015087609056229745,-0.2863190103328913,18.181849708176266,0.17966010446866126,-5.567358300889723,-0.023337448672229193
2018-04-19,20.475000381469727,20.662500381469727,20.475000381469727,20.662500381469727,16.096942901611328,51.16725518747619,0.00486331692144959,-0.224229307520641,74.35903455129484,0.5471671923512459,-5.326769940199038,-0.010697144088836812
2018-04-20,20.25,20.274999618530273,20.125,20.1875,15.726896286010742,40.42095122313048,-0.009202647317969825,-0.35738845253825,9.433956832046892,-0.04610649042431618,-4.672834488597774,-0.025598341811484807
2018-04-23,20.0625,20.112499237060547,19.975000381469727,19.987499237060547,15.571088790893555,36.906286211014496,-0.027372304516217527,-0.5360221664671638,1.5383206881009617,-0.16455280987573373,-4.130012297942661,-0.04325029023770412
2018-04-24,19.975000381469727,19.987499237060547,19.762500762939453,19.887500762939453,15.493185997009277,35.255634977568036,-0.03575751618834355,-0.7097718264006957,12.195126489825919,-0.13198525867955727,-4.307808058397337,-0.056630739415876624
2018-04-25,19.8125,19.825000762939453,19.700000762939453,19.825000762939453,15.444497108459473,34.22533384048856,-0.04284842437034386,-0.8632323606898673,11.494256905481414,-0.06122796290230087,-4.082439187900441,-0.06463903426221719
2018-04-26,19.924999237060547,19.924999237060547,19.700000762939453,19.762500762939453,15.395804405212402,33.18098958862031,-0.04181821073947567,-0.9991365789427634,5.747128452740707,-0.011405319332518428,-4.124780683030067,-0.06871327681121464
2018-04-27,19.899999618530273,19.912500381469727,19.700000762939453,19.799999237060547,15.425016403198242,34.47280256035205,-0.040000156692980404,-1.0802165844260532,9.195265213631892,0.07386083488453707,-4.313021479822438,-0.06497984557849605
2018-04-30,19.912500381469727,20.037500381469727,19.762500762939453,20.0,15.580829620361328,41.022397365517676,-0.027946397388291744,-1.0526779196287368,27.586146417778775,0.2504072361792806,-4.169744908035072,-0.04832093205709129
2018-05-02,20.012500762939453,20.037500381469727,19.850000381469727,19.850000381469727,15.463970184326172,37.95803098030963,-0.02457008236066438,-1.0787661528427497,13.793073208889387,0.17751388881970137,-4.277201898404493,-0.04172506295528097
2018-05-03,19.762500762939453,19.762500762939453,19.587499618530273,19.637500762939453,15.29842472076416,34.074816649012604,-0.03737738707477256,-1.1718211658272966,4.494480267319994,0.08365217667564269,-3.956226809039555,-0.044794210178316585
2018-05-04,19.637500762939453,19.75,19.600000381469727,19.737499237060547,15.37633228302002,37.32443926418423,-0.044766923943003745,-1.192140974436421,13.953442983623427,0.18753250916678038,-3.891303881769891,-0.03812161419935731
2018-05-07,19.875,19.887500762939453,19.700000762939453,19.875,15.483444213867188,41.58758025251585,-0.015479982045796814,-1.139866918004444,26.744202551409664,0.29792375423868894,-3.802043996147158,-0.023742229370738832
2018-05-08,19.850000381469727,20.012500762939453,19.837499618530273,20.0,15.580829620361328,45.23491756734549,0.0006255715061793676,-1.036059392780238,38.372101275704836,0.39553851709665616,-3.7208895423319865,-0.0058527804279670526
2018-05-09,20.0,20.137500762939453,20.0,20.112499237060547,15.668468475341797,48.359884554472025,0.011313520560997326,-0.8980094127963798,48.83713915650893,0.48731760296156323,-3.6478572096143025,0.01269025174843219
2018-05-10,20.174999237060547,20.174999237060547,20.112499237060547,20.162500381469727,15.707422256469727,49.73286216124862,0.017023872397000206,-0.7596724140128206,83.636474609375,0.5449384687165247,-3.6153957459794706,0.02753498951929123
2018-05-11,20.274999618530273,20.424999237060547,20.262500762939453,20.399999618530273,15.89244270324707,55.750662949484976,0.03225802854877302,-0.5481866163031163,97.0149695621181,0.7444738404251711,-3.703396057750171,0.0485423978734251
2018-05-14,20.5,20.649999618530273,20.475000381469727,20.625,16.06772804260254,60.567070646331295,0.041666836689459696,-0.28735064153376494,97.6470947265625,0.9229961989603976,-3.656203793403239,0.07157929594281776
2018-05-15,20.587499618530273,20.600000381469727,20.412500381469727,20.412500381469727,15.902183532714844,54.53025549514431,0.020624955165003733,-0.16416306502663833,77.64713062959558,0.7704707333769031,-3.810198577030215,0.07276649815203849
2018-05-16,20.362499237060547,20.450000762939453,20.350000381469727,20.4375,15.921659469604492,55.097293395653544,0.029597139662246752,-0.05604009878175227,80.00003590303308,0.7831253560401206,-3.7920814392931272,0.07183822229687857
2018-05-17,20.487499237060547,20.5,20.299999237060547,20.299999237060547,15.814538955688477,51.30738732594659,0.03373643001451043,-0.02496939079782917,67.05878762637867,0.6783757868024378,-3.891728358261918,0.061389843950797246
2018-05-18,20.299999237060547,20.375,20.212499618530273,20.237499237060547,15.765847206115723,49.6360548478463,0.02533210884925019,-0.02497691416510674,61.17643468520221,0.6597870904928241,-3.9788493293313434,0.049111038424358246
2018-05-21,20.299999237060547,20.524999618530273,20.299999237060547,20.512500762939453,15.980083465576172,56.37028035716005,0.03207550237848156,0.08357211631821101,87.05893123851102,0.8722955752025198,-3.7772152027803325,0.05299614917601437
2018-05-22,20.450000762939453,20.575000762939453,20.4375,20.4375,15.921659469604492,54.240312449754995,0.021874948738144218,0.13804036975765024,80.00003590303308,0.779318655279732,-3.832202493106619,0.04928749611664528
2018-05-23,20.475000381469727,20.5,20.325000762939453,20.337499618530273,15.843750953674316,51.448574998037415,0.011186956696397576,0.13981322860243622,70.23807361281158,0.6777154737443247,-3.9055281551585495,0.039657840019963767
2018-05-24,20.337499618530273,20.424999237060547,20.3125,20.387500762939453,15.882702827453613,52.75778920453558,0.011159092059913833,0.1592358356087653,72.36850823072119,0.697852850832457,-3.8688675680721523,0.03418918523794395
2018-05-25,20.387500762939453,20.512500762939453,20.350000381469727,20.462499618530273,15.941131591796875,54.729777740597996,0.003063650406608387,0.20203937477083997,76.92307692307693,0.7369288408743822,-3.8138757898667297,0.03278028697346564
2018-05-28,20.512500762939453,20.5625,20.5,20.549999237060547,16.009300231933594,56.98572722019044,-0.003636345506597305,0.2674897004684888,84.61531689882537,0.7837984718637795,-3.749717069738053,0.03453668543297926
2018-05-29,20.549999237060547,20.549999237060547,20.375,20.462499618530273,15.941131591796875,54.083279252721624,0.0024492271141196564,0.28136941467837506,65.11630382711449,0.6877905248226994,-3.8138757898667297,0.029405514437081847
2018-05-30,20.350000381469727,20.350000381469727,20.075000762939453,20.100000381469727,15.658730506896973,44.069408475610345,-0.016513916982678123,0.1470463358049257,4.347768397658102,0.35458813449978743,-4.079665046243108,0.006487497549132033
2018-05-31,20.200000762939453,20.237499237060547,20.137500762939453,20.1875,15.726896286010742,46.63777850236639,-0.005541904820830057,0.07433827514492747,19.56512364619442,0.39328762773656023,-4.070673247326986,-0.004019997485959333
2018-06-01,20.200000762939453,20.362499237060547,20.200000762939453,20.337499618530273,15.843750953674316,50.80806977866963,0.004941297891582597,0.07539133545433215,49.999818347617264,0.5266220118330281,-4.441215215440307,-0.003081624094328956
2018-06-04,20.450000762939453,20.649999618530273,20.450000762939453,20.649999618530273,16.087202072143555,58.14666524609201,0.006703257013527697,0.197870762615735,100.0,0.9147310991216429,-4.997750826322116,0.013067720182757401
2018-06-05,20.674999237060547,20.674999237060547,20.5625,20.625,16.06772804260254,57.40888515568102,0.009174205319294915,0.2815429444639366,91.66677263074908,0.8581886469817541,-6.2075946695903275,0.021095378330286987
2018-06-06,20.662500381469727,20.837499618530273,20.662500381469727,20.825000762939453,16.223535537719727,61.606277313437026,0.02397062319117893,0.4217133384916874,98.36080336394268,1.0587893770628762,-5.4331095157453415,0.03474967462956473
2018-06-07,20.875,20.899999618530273,20.75,20.862499237060547,16.252750396728516,62.35541760372272,0.02329877812958059,0.5408471858722141,95.4544929104331,1.0209828652692976,-5.015037173698434,0.04305681011102139
2018-06-08,20.825000762939453,20.825000762939453,20.625,20.637500762939453,16.077465057373047,55.374118581904696,0.008552307895527855,0.5402942504610984,68.18191276122043,0.7124179131073878,-5.227504546431865,0.03442811492516251
2018-06-11,20.700000762939453,20.737499237060547,20.600000381469727,20.662500381469727,16.096942901611328,55.96411416873576,0.005474484731251117,0.5433509374140846,71.21217375623357,0.7395527324359213,-5.203895005513978,0.027987562375120678
2018-06-12,20.5625,20.625,20.487499237060547,20.625,16.06772804260254,54.79396224273763,0.007941497131283226,0.5249510603177612,66.66666666666666,0.6771862460818868,-5.239307004949865,0.02008487576287088
2018-06-13,20.612499237060547,20.774999618530273,20.587499618530273,20.75,16.16510772705078,57.9500383906457,0.03233833163747035,0.5529641369596062,81.81820283582675,0.8002416082412227,-5.12127086006515,0.019713214258334222
2018-06-14,20.625,20.637500762939453,20.4375,20.4375,15.921659469604492,48.78098350253473,0.012384082660161777,0.44745183876025985,43.93936241292653,0.4187060920344861,-5.416360066306465,0.00228556308296049
2018-06-15,20.399999618530273,20.487499237060547,20.299999237060547,20.487499237060547,15.960607528686523,50.14018955821799,0.007375562475949282,0.3790697320215815,49.99988440295281,0.462518376863301,-5.369150232234467,-0.006902201785261644
2018-06-19,20.274999618530273,20.299999237060547,20.149999618530273,20.149999618530273,15.69768238067627,42.03135488486327,-0.024213016640213247,0.1899881473376669,9.09078298503943,0.08958704681715096,-5.687847823423198,-0.02969283906456687
2018-06-20,20.162500381469727,20.424999237060547,20.075000762939453,20.375,15.872969627380371,48.061960186091305,-0.012121092335256045,0.12708127763172883,36.36359432834648,0.35898302123780806,-5.475378138748823,-0.031781403100698116
2018-06-21,20.375,20.399999618530273,20.299999237060547,20.3125,15.824275970458984,46.61129988803757,-0.024609898769134775,0.05195130351109176,28.78782624376643,0.2884034459140859,-5.534400835073068,-0.035006324478614126
2018-06-22,20.200000762939453,20.299999237060547,20.087499618530273,20.287500381469727,15.804801940917969,46.013144150817745,-0.02756139391033241,-0.017318235965389735,25.757565248753284,0.26916445352797486,-5.558005752109067,-0.03682992206432681
2018-06-25,20.212499618530273,20.262500762939453,20.174999237060547,20.225000381469727,15.75611400604248,44.47639545218839,-0.019987669087372484,-0.09588687594871448,18.18179716417324,0.221280797071262,-5.6170215126104805,-0.03946002139356939
2018-06-26,20.174999237060547,20.174999237060547,20.0,20.174999237060547,15.717159271240234,43.23230232901622,-0.023593525347789912,-0.17603197433605652,19.444367914991556,0.1987847361182806,-5.140713937850078,-0.04174665877740703
2018-06-27,20.1875,20.225000381469727,20.075000762939453,20.100000381469727,15.658730506896973,41.3633832663194,-0.02545459660638616,-0.26637020290977087,11.111158206159043,0.15769821978684004,-5.205634814637424,-0.04484578954826715
2018-06-28,20.012500762939453,20.100000381469727,19.950000762939453,20.012500762939453,15.590566635131836,39.23258988086275,-0.03554205153594525,-0.36870416414711604,7.142857142857142,0.08578352477114233,-4.970883557229563,-0.04881077306434911
2018-06-29,20.075000762939453,20.387500762939453,20.049999237060547,20.362499237060547,15.863228797912598,50.26858313447536,-0.0036698857806526375,-0.30719097266177264,49.99988440295281,0.4174055719074112,-4.6838704085545695,-0.031248634400866934
2018-07-02,20.375,20.475000381469727,20.25,20.262500762939453,15.785323143005371,47.60815900772709,-0.01098231288289675,-0.2948025918222029,37.87884042290024,0.32264404065565805,-4.765876459876363,-0.023415546109448324
2018-07-03,20.325000762939453,20.487499237060547,20.149999618530273,20.287500381469727,15.804801940917969,48.34428217625188,0.0068239092653297195,-0.27191187129184774,40.90910141791338,0.36393212544388764,-4.7453724373736375,-0.015822844502827872
2018-07-04,20.287500381469727,20.399999618530273,20.274999618530273,20.350000381469727,15.85349178314209,50.226817510754266,-0.0012271077621595072,-0.2263114171899233,58.1817626953125,0.4394164654116533,-4.694119910133655,-0.006878590508849827
2018-07-05,20.362499237060547,20.362499237060547,20.149999618530273,20.1875,15.726896286010742,45.576036753994096,-0.006153816113295352,-0.2518823733889517,44.1860300066713,0.29261352956222814,-4.827378488695432,-0.008726705396425824
2018-07-06,20.274999618530273,20.287500381469727,20.049999237060547,20.237499237060547,15.765847206115723,47.196130337816264,-0.0024647404597581968,-0.24941175417876094,53.488240053370426,0.3642014969203705,-5.163889779227121,-0.00665771125152393
2018-07-09,20.4375,20.612499237060547,20.387500762939453,20.5625,16.0190372467041,56.30206330988221,0.016687061324942798,-0.11689460088566929,92.45292796683366,0.7818993200506265,-5.146810871671093,0.011445405294257766
2018-07-10,20.662500381469727,20.700000762939453,20.587499618530273,20.612499237060547,16.0579891204834,57.51587630470371,0.02168520680876629,0.007692326325911501,88.3331298828125,0.8565497454182638,-5.099596413717207,0.024951138144859115
2018-07-11,20.424999237060547,20.475000381469727,20.325000762939453,20.424999237060547,15.911916732788086,51.7145408096728,0.016169013559534484,0.031655355871046176,63.3331298828125,0.6317236276071283,-5.276654098955696,0.023002642320426734
2018-07-12,20.399999618530273,20.662500381469727,20.375,20.662500381469727,16.096942901611328,57.55463941068293,0.03247965762440108,0.14294701938439647,94.99994913736978,0.9943735519174466,-5.519410481770834,0.032547387427107326
2018-07-13,20.75,20.850000381469727,20.700000762939453,20.837499618530273,16.2332763671875,61.27159542491654,0.023327380194099856,0.296528651785643,98.61102575133674,1.101956471544407,-4.511695523450862,0.045613885332097176
2018-07-16,20.825000762939453,20.862499237060547,20.75,20.75,16.16510772705078,58.51246379949033,0.02405934807952903,0.37902494202467246,87.67129587050492,0.9414341627635012,-4.5298349205287485,0.04704797234802835
2018-07-17,20.712499618530273,20.712499618530273,20.600000381469727,20.637500762939453,16.077465057373047,55.078386323051284,0.017251916061609363,0.3954461754931182,75.34259174100984,0.7836404605455246,-4.625881842428701,0.039765893448625515
2018-07-18,20.787500381469727,20.875,20.737499237060547,20.762500762939453,16.174846649169922,58.026110687144914,0.020270289373697903,0.45225437424575204,86.36374145161813,0.8755092918800029,-4.463251056775114,0.03911961082457593
2018-07-19,20.774999618530273,20.950000762939453,20.762500762939453,20.825000762939453,16.223535537719727,59.458525289312476,0.03157897417755273,0.5156496808081118,86.11113465858517,0.8870247518699962,-4.108465225219728,0.03946977987991271
2018-07-20,21.0,21.174999237060547,21.0,21.162500381469727,16.486459732055664,66.17204986218799,0.04570718696680065,0.6895332228220996,98.88899061414931,1.0721887351878365,-3.2093839552076138,0.05400818621317753
2018-07-23,21.075000762939453,21.1875,20.962499618530273,21.137500762939453,16.604297637939453,68.67568891099224,0.03653530372780467,0.8751726506313263,95.60446562415112,1.0635497757921026,-3.0856001516632103,0.0672952139547417
2018-07-24,21.112499237060547,21.174999237060547,21.037500381469727,21.174999237060547,16.63374900817871,69.28749866399363,0.03585504283104046,1.0240240318295653,98.90103256659367,0.998505473400381,-3.0618010499286394,0.07330737226547947
2018-07-25,21.012500762939453,21.212499618530273,21.012500762939453,21.1875,16.64356803894043,69.50137509328519,0.04598134331891668,1.1328267318745104,97.84949588587087,0.9431403518856276,-3.0009589870572126,0.07302464371066497
2018-07-26,21.1875,21.3125,21.1875,21.25,16.692665100097656,70.6037057413518,0.03700840601395772,1.2283146777259106,93.6708811860917,0.9313092935409124,-3.0412729569098103,0.07115141732359509
2018-07-27,21.274999618530273,21.4375,21.274999618530273,21.424999237060547,16.830135345458984,73.49263001305445,0.036767622553258716,1.3551192162185774,98.87633514495859,0.9610701884522714,-2.7026213485462924,0.07385709701840168
2018-07-30,21.412500381469727,21.475000381469727,21.350000381469727,21.387500762939453,16.800678253173828,71.86290551145729,0.039317432141790176,1.4236833875637205,92.39133499521505,0.8900577482890002,-2.6622234206162148,0.06846966215689257
2018-07-31,21.337499618530273,21.424999237060547,21.262500762939453,21.387500762939453,16.800678253173828,71.86290551145729,0.04498303639410617,1.4604219716521412,92.04549198306968,0.8500881045917813,-2.6622234206162148,0.060015864721378376
2018-08-01,21.450000762939453,21.549999237060547,21.450000762939453,21.537500381469727,16.91850471496582,74.48740979888042,0.045976205025354044,1.528649657216699,98.6843294055289,0.8832947379336028,-2.469663014729818,0.05746591389240013
2018-08-02,21.524999618530273,21.537500381469727,21.212499618530273,21.212499618530273,16.6632080078125,61.173177317344,0.02710090344182592,1.4413121955574344,64.47368156876603,0.6940415245471053,-2.6398608194986983,0.03480722697568378
2018-08-03,21.350000381469727,21.424999237060547,21.337499618530273,21.387500762939453,16.800678253173828,64.81971567653454,0.019059187128405153,1.422364489543597,82.89487685540071,0.7712269007445586,-3.259001550793147,0.025718716283219867
2018-08-06,21.387500762939453,21.524999618530273,21.337499618530273,21.424999237060547,16.830135345458984,65.56599653726315,0.013601159919195194,1.4051157391412765,84.61538461538461,0.7667637883931844,-3.23495491489322,0.018660398650994475
2018-08-07,21.424999237060547,21.450000762939453,21.350000381469727,21.375,16.790863037109375,63.6280888971638,0.009445497154815241,1.3565060764872814,77.77783160077118,0.714561214561635,-3.26701398205066,0.008815894763913618
2018-08-08,21.450000762939453,21.600000381469727,21.450000762939453,21.537500381469727,16.91850471496582,67.03811146817031,0.01651909466660806,1.363759283491813,90.19609016437585,0.7964658292056609,-3.203627925443711,0.008373095921445445
2018-08-09,21.524999618530273,21.5625,21.424999237060547,21.537500381469727,16.91850471496582,67.03811146817031,0.013529272498664202,1.3535145419618673,90.19609016437585,0.7730051908546519,-4.063495666503908,0.005681438240782016
2018-08-10,21.424999237060547,21.537500381469727,21.412500381469727,21.424999237060547,16.830135345458984,62.344894363111784,0.0,1.2876988109680547,70.21255182310182,0.6748561436053229,-4.151865036010744,-0.003931135310602546
2018-08-13,21.262500762939453,21.262500762939453,20.912500381469727,20.987499237060547,16.486459732055664,48.209368748996646,-0.018702728329364038,1.0575758067793217,10.908924449573863,0.33067750854424605,-4.495540649414064,-0.03366178605072406
2018-08-14,21.100000381469727,21.149999618530273,21.012500762939453,21.137500762939453,16.604297637939453,52.210344771825746,-0.011688850430623288,0.921498560907196,32.727328213778414,0.4073424063292482,-5.1741114376635045,-0.044914091340793466
2018-08-15,21.125,21.125,20.862499237060547,20.9375,16.447185516357422,46.99723994125125,-0.027858206534734586,0.7292182044339948,10.169579194285463,0.16127539982411315,-5.534617566745846,-0.06143896337107185
2018-08-16,20.8125,21.024999618530273,20.762500762939453,20.950000762939453,16.45700454711914,47.35105246543058,-0.012374775649243608,0.5748804345215208,22.38806989895033,0.10245045854732077,-5.522893345570736,-0.06960912900332034
2018-08-17,20.987499237060547,21.037500381469727,20.899999618530273,20.912500381469727,16.427547454833984,46.35141246203871,-0.02220926993047767,0.4331908473727061,17.91041037051545,0.07349163228208304,-5.5580660090960645,-0.07446229007103297
2018-08-20,20.975000381469727,21.024999618530273,20.924999237060547,20.987499237060547,16.486459732055664,48.68466515884291,-0.02042025250236912,0.34551797777541954,26.865501684161142,0.1845177719459966,-5.487722959477648,-0.07117276487990443
2018-08-21,20.975000381469727,21.162500381469727,20.975000381469727,21.137500762939453,16.604297637939453,53.08030918544024,-0.01111112625703603,0.3295880081819781,44.77613979790066,0.3621706996479152,-5.347020918215131,-0.05902929094984613
2018-08-22,21.174999237060547,21.212499618530273,21.087499618530273,21.162500381469727,16.623929977416992,53.790505296183355,-0.01741139317638707,0.3227859537347868,47.76117023578256,0.3928754074104985,-5.3235793081616345,-0.048105624576733355
2018-08-23,21.200000762939453,21.299999237060547,21.149999618530273,21.262500762939453,16.702482223510742,56.619847380823664,-0.01276841512264315,0.3515139832068031,59.701519730534216,0.5079574671728695,-5.229785538760758,-0.034649373348720994
2018-08-24,21.25,21.274999618530273,21.112499237060547,21.200000762939453,16.653390884399414,54.378979519834935,-0.010501666055065861,0.34638225027691283,52.23882976421744,0.447777453672693,-5.288402089771824,-0.02837808840114084
2018-08-27,21.25,21.387500762939453,21.25,21.387500762939453,16.800678253173828,59.551426753644336,0.019059187128405153,0.40905233642040734,74.62689966316776,0.6684462024382504,-5.112536494712941,-0.014341842477404207
2018-08-28,21.487499237060547,21.600000381469727,21.487499237060547,21.5625,16.938146591186523,63.68938872574752,0.020106177360025956,0.5190993617915629,95.52234047156512,0.8483726017652593,-4.948395120829168,0.003231587704672023
2018-08-29,21.612499237060547,21.837499618530273,21.612499237060547,21.8125,17.134532928466797,68.62715435530073,0.04179118739955712,0.6926323437780914,97.6744516145058,1.0509244258017298,-3.756857392270174,0.025853471832374436
2018-08-30,21.950000762939453,22.087499618530273,21.862499237060547,21.887500762939453,17.193445205688477,69.94741002663076,0.04474937443571725,0.8478192635638407,84.90573371086873,1.018010922361239,-3.0756291621622025,0.041621553901129565
2018-08-31,21.75,21.75,21.612499237060547,21.737499237060547,17.075613021850586,64.13394721548715,0.03944992816477311,0.9031573071663478,73.5848540553146,0.8503591705048817,-3.1645591890378473,0.040892934163931485
2018-09-03,21.737499237060547,21.799999237060547,21.600000381469727,21.612499237060547,16.97742462158203,59.68259557333515,0.029779885888524316,0.8894649497076551,64.15088364299585,0.7331205277355459,-3.238663706075164,0.031023113886783457
2018-09-04,21.700000762939453,21.75,21.612499237060547,21.75,17.08543586730957,62.74577828571385,0.028976728788019157,0.91948741329512,74.52830867693228,0.8155532731427731,-3.1571457143638604,0.02902963022932964
2018-09-05,21.75,21.825000762939453,21.674999237060547,21.75,17.08543586730957,62.74577828571385,0.027761539570938742,0.9322712491888765,71.5789794921875,0.7978824233398815,-3.1571457143638604,0.02511819371475643
2018-09-06,21.725000381469727,21.725000381469727,21.549999237060547,21.625,16.98724365234375,58.0923132391573,0.017049048460124894,0.8852305333745699,60.215099633296965,0.6979986685475275,-3.2312531104204676,0.013886018263129962
2018-09-07,21.549999237060547,21.612499237060547,21.5,21.600000381469727,16.967605590820312,57.17896896901839,0.01886791156239842,0.8289994765383566,56.179813808356336,0.670594348735485,-3.24607430172986,0.0036356481808986763
2018-09-10,21.649999618530273,21.649999618530273,21.412500381469727,21.5,16.889049530029297,53.551894735974315,0.005259982693780474,0.7384816720869378,41.250038146972656,0.5801048249351235,-3.3053619459867205,-0.009230299426569138
2018-09-11,21.487499237060547,21.5,21.350000381469727,21.412500381469727,16.8203182220459,50.53164303096566,-0.0069563909195315965,0.6267568214850003,30.76933610599768,0.5024432567397121,-3.357234676059948,-0.02241315562988838
2018-09-12,21.462499618530273,21.475000381469727,21.3125,21.387500762939453,16.800678253173828,49.669598275535286,-0.019484317237402626,0.5228109645190977,28.20527367018727,0.46306008038002633,-3.372057306878986,-0.03191959820457027
2018-09-13,21.450000762939453,21.450000762939453,21.225000381469727,21.237499237060547,16.682846069335938,44.73837757695643,-0.02969731372881601,0.3797018857310053,1.4491439590621806,0.31518597459199077,-3.933287199321545,-0.044817039055592756
2018-09-14,21.4375,21.625,21.399999618530273,21.625,16.98724365234375,56.698350344159635,-0.0051751799126482645,0.4071769558579624,46.37680838924542,0.6402492151995242,-3.7693155204804047,-0.03211592235832236
2018-09-17,21.625,21.625,21.424999237060547,21.462499618530273,16.859594345092773,51.65011282736788,-0.006940409344505016,0.3636923680669974,27.536167784908383,0.4525637535918945,-4.081243917911088,-0.03153496375368556
2018-09-18,21.399999618530273,21.424999237060547,21.299999237060547,21.350000381469727,16.771223068237305,48.43493200698829,-0.018390680899950884,0.2836924273436345,14.492766443018324,0.3055320346399502,-4.69827655029297,-0.03600263354461228
2018-09-19,21.450000762939453,21.575000762939453,21.424999237060547,21.537500381469727,16.91850471496582,53.61712923161712,-0.009770377158662247,0.287448984462695,52.083300219662846,0.5031691994000227,-4.683531160195706,-0.0282796068334165
2018-09-20,21.612499237060547,21.637500762939453,21.450000762939453,21.475000381469727,16.86941146850586,51.75019865654411,-0.006936509904102883,0.2638881852234089,41.66664017573027,0.4054941991884475,-4.733883188146666,-0.025788273521002963
2018-09-21,21.5625,21.712499618530273,21.475000381469727,21.712499618530273,17.05597686767578,57.768272234972834,0.005208234973547388,0.3305697029620604,81.24982118617936,0.7059699603888067,-5.215654726469379,-0.011608703170854079
2018-09-25,21.662500381469727,21.787500381469727,21.649999618530273,21.774999618530273,17.105073928833008,59.21013302350145,0.012790796688683548,0.4020434589580282,91.66648123011193,0.7687984370905772,-5.158730547238156,0.0004070616092432394
2018-09-26,21.725000381469727,21.75,21.6875,21.725000381469727,17.065799713134766,57.51841453485751,0.014594342856553144,0.4347943193004648,88.88888888888889,0.6814916134966197,-5.204265910065945,0.0047961325197762306
2018-09-27,21.649999618530273,21.862499237060547,21.649999618530273,21.837499618530273,17.1541690826416,60.26909080718395,0.021040271359342055,0.4969405402677805,96.07848417122187,0.8381067783322826,-5.101808579427596,0.012309841169687946
2018-09-28,21.837499618530273,21.912500381469727,21.649999618530273,21.725000381469727,17.065799713134766,56.340437858116104,0.022954934799927162,0.49830325898896466,72.72727272727273,0.7016490920697176,-6.431746426669034,0.01008102114912443
2018-10-01,21.725000381469727,21.850000381469727,21.725000381469727,21.837499618530273,17.1541690826416,59.20427529187039,0.009826516515221817,0.5350899477462746,89.09079811789773,0.8515888945183266,-6.303209161931818,0.013118688074028537
2018-10-02,21.8125,21.8125,21.5,21.512500762939453,16.89887046813965,49.16972047308691,0.0023296007153521536,0.4379956830469369,41.8182373046875,0.384679760641699,-6.674552601207386,-0.0026639405442877573
2018-10-03,21.512500762939453,21.575000762939453,21.450000762939453,21.487499237060547,16.87923240661621,48.48891606647228,0.006440158713496791,0.34769545451132083,38.18165172230113,0.3653097081693543,-6.703117054332386,-0.014370036723224108
2018-10-04,21.424999237060547,21.424999237060547,21.200000762939453,21.225000381469727,16.673025131225586,41.92467692533297,-0.014509531892797134,0.17591088709470856,3.5087202687689896,0.0493110765020921,-6.735653411144275,-0.03478104758845796
2018-10-05,21.125,21.125,20.75,20.862499237060547,16.38827133178711,34.89877169922856,-0.02852145361543934,-0.09556425925194753,9.677350550054555,-0.18710767953501997,-4.134023429616807,-0.06451153404248494
2018-10-08,20.737499237060547,20.850000381469727,20.625,20.75,16.299898147583008,33.04775561568307,-0.04432925337309068,-0.35015013362205794,9.708734987504092,-0.1200302863725319,-3.7413014143263688,-0.08584517910134405
2018-10-09,20.762500762939453,20.850000381469727,20.700000762939453,20.8125,16.348997116088867,35.10712206926007,-0.04420190265706292,-0.5232534418674392,14.563102481256138,0.020797659748340597,-3.703166304455713,-0.09182869156759896
2018-10-11,20.037500381469727,20.037500381469727,19.337499618530273,19.350000381469727,15.200146675109863,19.777813200540706,-0.1093211609995044,-1.2066341728593595,0.4854663780830522,-0.37095842386703376,-1.988738531097551,-0.1641184092174823
2018-10-12,19.424999237060547,20.012500762939453,19.375,20.012500762939453,15.720563888549805,33.865194433595775,-0.08357182368818261,-1.4826655964904278,26.21362890932282,0.01149893655544228,-1.7866348187686012,-0.1672752042157519
2018-10-15,19.875,19.875,19.662500381469727,19.799999237060547,15.553638458251953,31.928463347214972,-0.0886076996273999,-1.766487946275699,17.96114491252865,0.016272261734411705,-1.8514602093860781,-0.1704186859520007
2018-10-16,19.75,19.875,19.649999618530273,19.825000762939453,15.573278427124023,32.41818418132982,-0.09215781002865886,-1.9621493969602535,18.932077668694753,0.08699190478354166,-1.8438330392684077,-0.1610944501048891
2018-10-17,20.112499237060547,20.125,19.837499618530273,19.850000381469727,15.592911720275879,32.93758099410303,-0.07728083071149427,-2.0857243153909386,19.90293635309124,0.14123285222188056,-1.836208461662674,-0.1440777414580526
2018-10-18,19.875,19.9375,19.737499237060547,19.787500381469727,15.543819427490234,32.26974502576502,-0.07911574098609664,-2.1850423384362503,17.475752606215213,0.16282608424350237,-1.8552734240860653,-0.12718910789667254
2018-10-19,19.549999237060547,19.825000762939453,19.5,19.825000762939453,15.573278427124023,33.14572992439169,-0.06595963812481365,-2.224899683823403,19.403024731377073,0.20652205974876864,-1.8438330392684077,-0.10596322971938865
2018-10-22,19.587499618530273,19.887500762939453,19.5,19.799999237060547,15.553638458251953,32.84077559909613,-0.05092867067170659,-2.241850059630429,18.686850393761468,0.22868021262747354,-1.8514602093860781,-0.08602341608261471
2018-10-23,19.524999618530273,19.649999618530273,19.424999237060547,19.4375,15.268882751464844,28.715608389561638,-0.06325287353228315,-2.3742237176120167,4.469288506045972,0.16653203163360697,-1.9620449171210967,-0.084657963033476
2018-10-24,19.450000762939453,19.487499237060547,19.174999237060547,19.350000381469727,15.200146675109863,27.807602464521707,-0.0702703922950988,-2.48800261726469,7.777828640407986,0.17761044967746323,-1.8340003288650883,-0.08102731788540957
2018-10-25,18.875,19.049999237060547,18.825000762939453,18.875,14.827014923095703,23.46918936683133,-0.02454790470049617,-2.741602450091064,2.173880593301721,0.09934600277903455,-1.6768943591276917,-0.0954083618809849
2018-10-26,19.0625,19.112499237060547,18.625,18.850000381469727,14.807374954223633,23.263455939990635,-0.05808881543945765,-2.923506932270997,10.11237496153157,0.13075420837993051,-1.5432546320282523,-0.09754843086287102
2018-10-29,18.962499618530273,19.024999618530273,18.837499618530273,18.9375,14.876110076904297,25.717683397684397,-0.043560764458183354,-3.000717195059939,14.044941412260691,0.18264399125824143,-1.5444463502814296,-0.08604168341241986
2018-10-30,18.950000762939453,19.0625,18.875,18.987499237060547,14.915389060974121,27.151518782571074,-0.04224475721207521,-3.0090272916649488,24.16661580403646,0.21535693400338066,-1.545799510282628,-0.0682682940705931
2018-10-31,19.149999618530273,19.387500762939453,19.149999618530273,19.387500762939453,15.229604721069336,37.53827813039102,-0.02329949695887301,-2.8190915573206854,50.83338419596354,0.3497776209390196,-1.5329811528141473,-0.0297973918215359
2018-11-01,19.462499618530273,19.612499237060547,19.387500762939453,19.600000381469727,15.396530151367188,42.24911006677376,-0.009475745444041617,-2.5514315861853616,65.0000254313151,0.43968536021083254,-1.5350252601147403,0.01029779818878862
2018-11-02,19.600000381469727,19.700000762939453,19.5,19.662500381469727,15.445627212524414,43.59654269518457,-0.008196810658523845,-2.287024537745272,69.16669209798178,0.48927838322884937,-1.6537491149902337,0.04176620217058602
2018-11-05,19.524999618530273,19.5625,19.399999618530273,19.5625,15.367070198059082,41.91155658340416,-0.011995152175720558,-2.0944939512776988,62.5,0.4713963400641946,-1.8462378621925852,0.05793609955630996
2018-11-06,19.612499237060547,19.625,19.4375,19.5,15.317974090576172,40.84895132226073,0.003215123196005809,-1.9452709326519597,66.66666666666666,0.4669753834963351,-1.8683035246939461,0.0654176148159013
2018-11-07,19.549999237060547,19.637500762939453,19.512500762939453,19.600000381469727,15.396530151367188,43.32493358249223,0.012919840870937227,-1.7654208084034968,77.22770631834346,0.57088790801057,-2.534313232421875,0.07505859027195216
2018-11-08,19.787500381469727,19.850000381469727,19.625,19.712499618530273,15.484902381896973,46.0602933988107,0.04437086373849208,-1.558489712555736,86.13853159171735,0.6373213014147835,-2.475398412068685,0.08600304898942968
2018-11-09,19.625,19.625,19.412500381469727,19.450000762939453,15.278700828552246,41.078376335032345,0.03183048148545553,-1.4854938859461457,67.34698008417243,0.47008969027679,-2.612866114298503,0.07819575009759527
2018-11-12,19.4375,19.575000762939453,19.387500762939453,19.5,15.317974090576172,42.35718249520327,0.02970292713535949,-1.3911044881887489,71.4285491854456,0.5191511231709979,-2.586683939615886,0.07453188963807211
2018-11-13,19.037500381469727,19.3125,18.924999237060547,19.274999618530273,15.141229629516602,38.32579363610269,0.015141446704423522,-1.3932548299713328,53.06117682595488,0.364532320175163,-2.7045135803222657,0.0597015020525718
2018-11-14,19.3125,19.350000381469727,19.25,19.337499618530273,15.190325736999512,40.03315236176305,-0.0025791203901361914,-1.353845420878467,58.16321605348671,0.430741241386213,-2.9988946765718003,0.05292613069946084
2018-11-15,19.375,19.412500381469727,19.1875,19.399999618530273,15.239420890808105,41.7691556502548,-0.010204199193876828,-1.2821289528105744,55.55551369334002,0.4978590648569349,-3.0636451986209687,0.051433973412327944
2018-11-16,19.487499237060547,19.487499237060547,19.212499618530273,19.237499237060547,15.111771583557129,38.63724077695239,-0.02161489620159751,-1.2780352338290244,37.17939438281157,0.377398728781856,-3.1647534996993567,0.041934806672586006
2018-11-19,19.262500762939453,19.287500381469727,19.149999618530273,19.174999237060547,15.062673568725586,37.473363776927386,-0.01980837110849809,-1.2862397532316163,27.026993589254527,0.33993315587028633,-3.290020670981684,0.03283234561174597
2018-11-20,19.100000381469727,19.125,18.9375,19.0,14.925206184387207,34.35312617679095,-0.025640982538976953,-1.3504595844599645,8.108180556615192,0.2041062426170604,-3.402238908965781,0.018741339762970904
2018-11-21,18.825000762939453,19.012500762939453,18.712499618530273,19.0,14.925206184387207,34.35312617679095,-0.030612349818191165,-1.3860485597598287,25.274741858351586,0.22942410952719833,-3.402238908965781,0.01099241651146693
2018-11-22,19.024999618530273,19.0625,18.899999618530273,18.899999618530273,14.84665298461914,32.55658408839673,-0.041217527985452085,-1.440109294006483,16.483505427765614,0.13630531583984334,-3.466363950032152,0.002586663491338459
2018-11-23,18.924999237060547,18.962499618530273,18.762500762939453,18.837499618530273,14.797558784484863,31.44961016636887,-0.03149103117250929,-1.4927037846263518,10.989003618510408,0.08220749687112186,-3.823703919326333,-0.003916025233983184
2018-11-26,18.975000381469727,19.237499237060547,18.9375,19.037500381469727,14.954665184020996,38.63970128607165,-0.023717817017244402,-1.4342802297961996,28.57147647968235,0.25176193624149756,-3.6855884958868366,0.004283137522768488
2018-11-27,18.987499237060547,19.012500762939453,18.799999237060547,19.012500762939453,14.935028076171875,38.101756386616806,-0.013618547396094804,-1.3827368916778908,26.373709291757912,0.2261831832610295,-3.702851875823722,0.00997820243303324
2018-11-28,19.037500381469727,19.237499237060547,18.9375,19.225000381469727,15.10195255279541,45.098778153631685,-0.005817728054958615,-1.2381980711882867,56.164443691956535,0.4296637793329106,-3.5561051816130034,0.025688384749751242
2018-11-29,19.424999237060547,19.487499237060547,19.262500762939453,19.262500762939453,15.131413459777832,46.25354809707271,-0.007087371088715044,-1.0952043796329372,63.76816401628487,0.47911369862743763,-3.5302055005382487,0.0380211420152807
2018-11-30,19.299999237060547,19.337499618530273,19.1875,19.1875,15.07249641418457,44.249088433326165,-0.0025989784953667217,-1.0018513424793203,61.290401970845856,0.42592760730343576,-3.5820006707155523,0.041863758835636644
2018-12-03,19.462499618530273,19.75,19.450000762939453,19.700000762939453,15.47508430480957,57.72928658185791,0.027379650378951848,-0.7045406327774824,95.18079819983123,0.9201660378254,-3.2280774877678247,0.06954023467818146
2018-12-04,19.625,19.625,19.524999618530273,19.5625,15.367070198059082,53.95950073103578,0.029605220069528704,-0.5208469348020064,81.92771748822041,0.7799262746561022,-3.3230348805623273,0.0779605421458674
2018-12-05,19.274999618530273,19.299999237060547,19.162500381469727,19.162500381469727,15.052857398986816,44.79553785036845,0.008552727045951336,-0.5363787404967713,43.37355156457683,0.4136470784101346,-3.5992657274413205,0.0605332432272338
2018-12-06,18.962499618530273,18.962499618530273,18.712499618530273,18.774999618530273,14.748461723327637,38.05326116633701,-0.006613696797064472,-0.7032212326391282,6.024094170593199,0.06623732629047796,-4.202758012240117,0.028307271559268404
2018-12-07,18.899999618530273,18.9375,18.825000762939453,18.862499237060547,14.8171968460083,40.24053633944665,0.001327114952503372,-0.7902714670975513,14.45778924127078,0.18986208369483473,-4.136507315943221,0.012242935046293119
2018-12-10,18.625,18.725000381469727,18.612499237060547,18.612499237060547,14.620810508728027,36.29710564493439,-0.022324450008395447,-0.9543295673613154,0.0,0.01700883080112381,-3.891174550369061,-0.009796818917466699
2018-12-11,18.625,18.774999618530273,18.612499237060547,18.762500762939453,14.738642692565918,40.09062727057104,-0.013149314658422395,-1.0100680041195165,13.186938485323067,0.19256334051107737,-3.7875858868033356,-0.014351467576550064
2018-12-12,18.912500381469727,19.0625,18.850000381469727,19.049999237060547,14.964485168457031,46.648411685431114,-0.009102623244100494,-0.9220193540086392,38.461512664786426,0.4648355054046289,-3.589043184020872,-0.0007823543598225458
2018-12-13,19.049999237060547,19.125,18.987499237060547,19.075000762939453,14.984123229980469,47.18973703651789,-0.009734069470039186,-0.8320473824817635,40.659447531599085,0.5029950374782315,-3.5717789656895453,0.010277365498336521
2018-12-14,18.950000762939453,18.950000762939453,18.737499237060547,18.837499618530273,14.797558784484863,42.75180712676924,-0.018241014769190156,-0.8516157940588792,19.780240049096378,0.2961209275466339,-3.735791555020473,0.00600169095791947
2018-12-17,18.837499618530273,19.012500762939453,18.787500381469727,18.987499237060547,14.915389060974121,46.193561156331576,-0.03616750854542994,-0.7944554445414655,32.96701085553123,0.4474369330291163,-3.63220456824363,0.011750307196851217
2018-12-18,18.875,18.887500762939453,18.762500762939453,18.825000762939453,14.787740707397461,43.16593528933799,-0.037699410700602676,-0.8088710467217904,18.681440294578273,0.3037888405759588,-3.7444228257916956,0.007787948716198673
2018-12-19,18.875,18.987499237060547,18.837499618530273,18.975000381469727,14.90556812286377,46.6423627393101,-0.009784805118326578,-0.7480415218616913,31.868211101013117,0.4459974470197234,-3.6408383541981757,0.013594592586900406
2018-12-20,18.75,18.887500762939453,18.75,18.762500762939453,14.738642692565918,42.66112935233421,-0.0006657664335384395,-0.7812345165350492,13.186938485323067,0.25773233266320045,-3.7875858868033356,0.007016617799171315
2018-12-21,18.737499237060547,18.8125,18.612499237060547,18.799999237060547,14.768101692199707,43.57645916118148,-0.003313390131671201,-0.7827416903191128,18.518504564446673,0.29511413793184205,-3.7616878825174633,0.005537835511351327
2018-12-24,18.712499618530273,18.75,18.637500762939453,18.674999237060547,14.669905662536621,41.214671082299176,0.0033578954996569266,-0.8278752756238872,9.090909090909092,0.20882309024644274,-3.848014004540744,-0.0008266190858220723
2018-12-25,18.537500381469727,18.537500381469727,18.325000762939453,18.4375,14.4833402633667,37.100429564211865,-0.01732197696386195,-0.9546105226490942,14.062418043535274,0.06636636766768046,-3.0779035483396013,-0.015557325891411289
2018-12-26,18.5,18.575000762939453,18.375,18.387500762939453,14.444068908691406,36.27945784478596,-0.03477675669475,-1.0650208660087523,7.812507450587702,0.08711138423928289,-3.1054624084806783,-0.025324209401377334
2018-12-27,18.700000762939453,18.787500381469727,18.625,18.762500762939453,14.738642692565918,45.94239119696787,-0.016382709461664646,-0.9804637133248482,54.68755215411392,0.3862867984392618,-2.8987438529801497,-0.010104932647359871
2018-12-28,18.774999618530273,18.875,18.712499618530273,18.875,14.827014923095703,48.4671510810088,0.0019906079806706334,-0.855240005371518,68.74997019764919,0.4847515436039764,-2.8367282194054417,0.006841095437133432
2019-01-02,18.962499618530273,18.975000381469727,18.487499237060547,18.512500762939453,14.542259216308594,41.707574571591,-0.025016433908641056,-0.9014300090406422,23.437522351763107,0.19681591014274954,-3.291802897410992,0.00015333350368681997
2019-01-03,18.450000762939453,18.5,18.3125,18.337499618530273,14.40478801727295,38.88783058516295,-0.02589663273801812,-1.0023213116928114,3.0768761268028846,0.021447975440707243,-4.33917974867403,-0.011598042895692495
2019-01-04,18.200000762939453,18.200000762939453,18.0,18.049999237060547,14.178948402404785,34.73336905074527,-0.04874820701026594,-1.1937885255021163,4.938192531864472,-0.1391386287645051,-3.778490308973523,-0.031520199742615024
2019-01-07,18.387500762939453,18.512500762939453,18.3125,18.487499237060547,14.52262020111084,44.457578239490985,-0.014656878245921434,-1.143437875419645,48.148036515573374,0.296690140201885,-3.4730042656792524,-0.019102562255121663
2019-01-08,18.537500381469727,18.537500381469727,18.387500762939453,18.412500381469727,14.463703155517578,43.26741696495514,-0.020611893324306352,-1.1232863599949972,41.77222280167035,0.25185970540774477,-3.5253749728732626,-0.012714662199819954
2019-01-09,18.487499237060547,18.787500381469727,18.487499237060547,18.75,14.728824615478516,49.78228424621336,0.004016314371561247,-0.9498040092688395,75.94942576689961,0.5571502679035774,-3.289711452907985,0.010267410670510402
2019-01-10,18.700000762939453,18.725000381469727,18.625,18.700000762939453,14.689546585083008,48.88660523327347,0.01423748375489553,-0.8244992340939361,71.79492195523699,0.5138820888384078,-3.3246252577039916,0.022996165495174137
2019-01-11,18.825000762939453,18.9375,18.787500381469727,18.875,14.827014923095703,52.1326508513753,0.026512336435467132,-0.6419837021191515,89.7435546313341,0.6908538316721794,-3.202431179470485,0.03985820425467221
2019-01-14,18.862499237060547,18.862499237060547,18.6875,18.75,14.728824615478516,49.7045503219252,-0.0006661452680682967,-0.5451801720648156,76.92304682685781,0.5923062336005959,-3.612788068766223,0.04329694024202249
2019-01-15,18.762500762939453,18.950000762939453,18.762500762939453,18.912500381469727,14.856472969055176,52.78336247052405,0.001986781972788565,-0.3937495064712815,93.58974609776185,0.7515826448569669,-3.4867157157873705,0.05245575915390063
2019-01-16,18.912500381469727,18.924999237060547,18.837499618530273,18.887500762939453,14.836833953857422,52.253384166893014,0.020256463123589086,-0.28137944351152167,91.02568366195143,0.7370642610342064,-3.5852085974651082,0.05520060173400043
2019-01-17,18.899999618530273,18.975000381469727,18.787500381469727,18.887500762939453,14.836833953857422,52.253384166893014,0.02999321725987225,-0.19019708942542735,91.02568366195143,0.7312784069882128,-3.5852085974651082,0.05490890175734356
2019-01-18,18.9375,19.024999618530273,18.850000381469727,18.987499237060547,14.915389060974121,54.378369451251764,0.05193901816050284,-0.07415814171597708,96.34142483647969,0.8319758007012202,-3.3913776458657052,0.057617302051605104
2019-01-21,19.087499618530273,19.174999237060547,19.0625,19.125,15.023398399353027,57.198954949565284,0.034482634077553254,0.07573101754022271,95.74474301909947,0.919034313921042,-2.9152796028816415,0.06381250699777576
2019-01-22,18.600000381469727,18.600000381469727,18.450000762939453,18.512500762939453,14.993029594421387,56.14783433175251,0.036596882085614624,0.17566110318600106,43.61711452864921,0.850390242097333,-2.9411254110947715,0.06289199922786538
2019-01-23,18.5,18.5,18.412500381469727,18.424999237060547,14.922164916992188,53.669396833543324,0.013126661940864537,0.21369128576984092,36.17017132060035,0.7482222858358163,-3.0014358140244606,0.05483205955510756
2019-01-24,18.487499237060547,18.537500381469727,18.4375,18.512500762939453,14.993029594421387,55.77185965062901,0.020659794199949122,0.27904968307801037,23.18851476565575,0.79431548900737,-2.9411254110947715,0.05163964060182793
2019-01-25,18.649999618530273,18.774999618530273,18.637500762939453,18.75,15.185373306274414,60.95147874596167,0.024169287279835583,0.4299597698460878,46.031738342746976,0.9407695185621198,-2.777428528759591,0.05930025220592132
2019-01-28,18.787500381469727,18.862499237060547,18.762500762939453,18.787500381469727,15.215749740600586,61.71405279989974,0.0330593335065148,0.5589875882137003,49.18040168197134,0.9125037078853935,-2.751576227440516,0.06289022064973077
2019-01-29,18.625,18.637500762939453,18.549999237060547,18.625,15.084137916564941,56.56020917537893,0.015324293187486182,0.5831513463268873,27.868844257558738,0.7657559655489918,-2.863586363178896,0.05325954499538166
2019-01-30,18.625,18.662500381469727,18.549999237060547,18.587499618530273,15.05377197265625,55.41042789361907,0.014621584326784731,0.5791587380290388,22.950754060469922,0.7148734066356934,-2.8894297364772963,0.04218716794300743
2019-02-11,18.837499618530273,18.912500381469727,18.712499618530273,18.787500381469727,15.215749740600586,60.07298705810944,0.025538857408635263,0.6554751962367217,49.18040168197134,0.8345572863901725,-2.751576227440516,0.04297036593721955
2019-02-12,18.837499618530273,18.9375,18.837499618530273,18.912500381469727,15.31698226928711,62.698231975911455,0.026924755812354206,0.7611250410530193,65.57386890929511,0.9347010316309865,-3.8550671077713745,0.047168794743483705
2019-02-13,18.987499237060547,18.987499237060547,18.850000381469727,18.875,15.286614418029785,61.394138926561645,0.01752040461684712,0.8186804041165513,60.6557787122063,0.8696597257347818,-4.319641083521443,0.04478179945310867
2019-02-14,18.875,18.9375,18.8125,18.8125,15.235994338989258,59.184336197531564,0.016205180083034953,0.8274195588787923,52.45904509854441,0.8030688715337362,-4.54791581638396,0.0369978015136625
2019-02-15,18.825000762939453,18.899999618530273,18.725000381469727,18.762500762939453,15.195501327514648,57.4043631067214,0.018317476856940962,0.8033341313661787,45.90175826539827,0.7289218894811137,-4.601021484907533,0.026801077225370645
2019-02-18,18.875,18.975000381469727,18.875,18.912500381469727,15.31698226928711,61.1767110011802,0.021606885574764645,0.8392248120069432,65.57386890929511,0.8577434819981499,-4.441701977892231,0.02590234615962342
2019-02-19,18.924999237060547,18.924999237060547,18.875,18.875,15.286614418029785,59.752118910418005,0.006667015009340638,0.8415726141475778,80.43487635380558,0.787075882836067,-4.481528727840327,0.021128858170157652
2019-02-20,18.975000381469727,19.125,18.975000381469727,19.087499618530273,15.458711624145508,64.76031032350714,0.01596778914525787,0.9239828932880294,94.73678574774799,0.9707187186566412,-4.255827135170559,0.027049671760199706
2019-02-21,19.100000381469727,19.274999618530273,19.100000381469727,19.274999618530273,15.610566139221191,68.48656255275873,0.034899457003647605,1.0569012149253445,100.0,1.061484648042089,-3.6306222849282834,0.0380095946400732
2019-02-22,19.237499237060547,19.237499237060547,19.125,19.237499237060547,15.580194473266602,66.9614887431463,0.03496947486427637,1.132309050612639,94.82753631195263,0.9621493947351485,-3.6658358418215027,0.03983751561676335
2019-02-25,19.337499618530273,19.4375,19.325000762939453,19.375,15.691554069519043,69.63172299666424,0.031270514896078794,1.2357139991433552,92.95775253274189,1.0146279359620018,-3.0365827557011147,0.0448000123663117
2019-02-26,19.412500381469727,19.450000762939453,19.325000762939453,19.424999237060547,15.732048988342285,70.56341815847519,0.02709846572633623,1.3227637365082403,97.22205738990378,0.9845362720323162,-2.965566657903589,0.046842531752695565
2019-02-27,19.424999237060547,19.424999237060547,19.337499618530273,19.412500381469727,15.721927642822266,69.98547648193178,0.028476758351348996,1.3698790254539681,95.83329801212224,0.9150151419613359,-2.9753221680709023,0.043610818309175126
2019-03-04,19.387500762939453,19.387500762939453,19.174999237060547,19.237499237060547,15.580194473266602,62.291495752358735,0.022591248501354855,1.317626924819426,71.1862784905719,0.7488164101700338,-3.111932401750898,0.02874417264837978
2019-03-05,19.149999618530273,19.225000381469727,19.112499237060547,19.1875,15.539701461791992,60.253429933544034,0.02265144971914146,1.2406855417812697,63.79301726609998,0.6889651706802649,-3.2440210910214327,0.013759707600842636
2019-03-06,19.212499618530273,19.262500762939453,19.1875,19.237499237060547,15.580194473266602,61.606233828335704,0.017184338230075147,1.1870471045771211,70.68946012854208,0.712816721129141,-3.681777476370109,0.004623883692264352
2019-03-07,19.225000381469727,19.262500762939453,19.149999618530273,19.162500381469727,15.519454956054688,58.39559665008086,0.015231661613069658,1.1001584322591513,60.34479583487894,0.6264703240322,-3.7492657144068144,-0.00683817252128055
2019-03-08,19.049999237060547,19.087499618530273,18.950000762939453,19.0,15.387848854064941,52.06425690773836,-0.004584002328491765,0.9517880785138204,37.93096190829473,0.4619041333293541,-3.8954944686983417,-0.023664360454969502
2019-03-11,18.962499618530273,19.037500381469727,18.924999237060547,19.037500381469727,15.418217658996582,53.32192153834367,-0.012321685101563284,0.840372131423716,28.260898409770917,0.4764954220217448,-3.8617514093163217,-0.03257982963380815
2019-03-12,19.212499618530273,19.362499237060547,19.200000762939453,19.3125,15.640941619873047,61.33420415329496,0.0038989979689072474,0.8582720042580172,76.08685556580178,0.7480577092287946,-4.54681794223911,-0.023719737229092985
2019-03-13,19.262500762939453,19.299999237060547,19.200000762939453,19.274999618530273,15.610566139221191,59.82595249153902,-0.00516124342681723,0.8467078055334969,66.66654556551815,0.6849557475002395,-4.677769108334715,-0.02028088087086055
2019-03-14,19.325000762939453,19.350000381469727,19.237499237060547,19.262500762939453,15.600442886352539,59.30256162302014,-0.008365477509462926,0.8226919711037904,64.28581808669873,0.651725516813336,-4.691732208392857,-0.019081546678374833
2019-03-15,19.337499618530273,19.424999237060547,19.287500381469727,19.399999618530273,15.71180248260498,63.12436446724065,-0.0006440151899508306,0.8515707192076718,90.47600017438565,0.790076661531429,-4.538132846104671,-0.011552530343299894
2019-03-18,19.4375,19.524999618530273,19.412500381469727,19.524999618530273,15.813041687011719,66.22926359462426,0.01494507749211027,0.9160856358910618,100.0,0.9050905500156862,-4.021951839401091,-0.001070404555987614
2019-03-19,19.524999618530273,19.600000381469727,19.462499618530273,19.600000381469727,15.87378215789795,67.97169637378059,0.0214985272997279,0.9867958673224382,100.0,0.9671510796770152,-4.521608638574725,0.008131087777738077
2019-03-20,19.587499618530273,19.637500762939453,19.549999237060547,19.625,15.894025802612305,68.55403508724936,0.020142966115358485,1.0407874103233998,98.24551071325317,0.9491500252400427,-4.291470445506167,0.013444601207756424
2019-03-21,19.700000762939453,19.787500381469727,19.662500381469727,19.787500381469727,16.025634765625,72.10502287903267,0.03261582388064688,1.137618143423275,100.0,1.0777105497917951,-3.7435775355540355,0.023119093107828226
2019-03-22,19.875,19.924999237060547,19.762500762939453,19.837499618530273,16.06612777709961,73.11111185640777,0.04407886569898878,1.2202892554814981,91.25003814697266,1.0336636482695691,-3.240871459960939,0.029152308721604736
2019-03-25,19.524999618530273,19.587499618530273,19.5,19.537500381469727,15.823164939880371,59.292753332400885,0.02626420834366039,1.1477866357349247,61.25011444091797,0.6813037652865565,-3.4838342971801772,0.014431037702908711
2019-03-26,19.625,19.674999237060547,19.600000381469727,19.662500381469727,15.924399375915527,62.47522310519484,0.01812280634577168,1.1289899857934727,73.75011444091797,0.7879955361164525,-3.382599861145021,0.009405944514230158
2019-03-27,19.612499237060547,19.674999237060547,19.549999237060547,19.625,15.894025802612305,60.935940435650195,0.018158192397579098,1.0858999151051727,70.00007629394531,0.7287147333457633,-3.4129734344482436,0.002301297685906867
2019-03-28,19.575000762939453,19.649999618530273,19.537500381469727,19.625,15.894025802612305,60.935940435650195,0.018818883438020517,1.0396693741253413,70.00007629394531,0.7137662418272099,-3.4129734344482436,-0.003801210382408965
2019-03-29,19.674999237060547,19.787500381469727,19.5625,19.787500381469727,16.025634765625,65.23974431571207,0.01997430169883274,1.057786099412844,81.03460069243478,0.8425320787519759,-3.2813644714355483,-0.0005480534494448908
2019-04-01,20.0,20.100000381469727,19.899999618530273,19.962499618530273,16.1673641204834,69.1779279013148,0.022406975235049753,1.130801680618111,84.72213097556686,0.9419310101153247,-2.728921217650181,0.009045626084140113
2019-04-02,20.024999618530273,20.112499237060547,20.024999618530273,20.037500381469727,16.228107452392578,70.70958652742146,0.022321415965654845,1.2049416332299832,91.42870221819196,0.9416938011283351,-2.6530667660361833,0.016921550215414916
2019-04-03,20.100000381469727,20.112499237060547,19.987499237060547,20.037500381469727,16.228107452392578,70.70958652742146,0.021019322223911674,1.2486688306208371,90.90921701496057,0.8891297846384392,-2.6530667660361833,0.019392884410901284
2019-04-08,20.200000762939453,20.25,20.174999237060547,20.225000381469727,16.379959106445312,74.39818355540578,0.02210984750384659,1.3437463898972861,97.0149695621181,0.9678887648052493,-2.302783898244089,0.027993792418869762
2019-04-09,20.237499237060547,20.350000381469727,20.212499618530273,20.350000381469727,16.481197357177734,76.52105671185345,0.02583507275908503,1.4522139992469127,100.0,1.0007695277837616,-2.0969473103728906,0.03669189205957596
2019-04-10,20.274999618530273,20.387500762939453,20.274999618530273,20.375,16.501445770263672,76.9330354072922,0.04286631865119328,1.5295897055127057,98.59146454161348,0.970497915770825,-2.6544673622532886,0.03974273030109016
2019-04-11,20.337499618530273,20.387500762939453,20.225000381469727,20.287500381469727,16.430580139160156,72.16074803077956,0.03178649010839241,1.5370123002958522,88.73236106991959,0.8637121042827441,-2.7141436831825647,0.03318877735869913
2019-04-12,20.287500381469727,20.325000762939453,20.25,20.274999618530273,16.420454025268555,71.47843979047897,0.0331211380423031,1.5198502067162705,87.32382561153305,0.824005911648333,-2.8316012817365808,0.024758906573975947
2019-04-15,20.412500381469727,20.5,20.387500762939453,20.462499618530273,16.572307586669922,75.25679210428252,0.042675266322150796,1.563156943407222,96.24996185302734,0.9213310120007788,-2.6213349682790112,0.025875888491325383
2019-04-16,20.462499618530273,20.537500381469727,20.450000762939453,20.524999618530273,16.622926712036133,76.380057418619,0.03727103201505155,1.6032924653660994,98.74992370605469,0.9186838710354656,-2.8616210394965265,0.026398577101546555
2019-04-17,20.575000762939453,20.725000381469727,20.575000762939453,20.6875,16.754533767700195,79.04377739089888,0.03631820517191642,1.6798163905721968,96.84207313939145,0.9668110140042856,-2.526922150007403,0.031629666791520405
2019-04-18,20.725000381469727,20.837499618530273,20.612499237060547,20.674999237060547,16.74441146850586,78.31226081481564,0.031815417640530974,1.714697278903047,87.49996332019707,0.9043310276066754,-2.442253695266208,0.03042074196579564
2019-04-19,20.8125,20.875,20.674999237060547,20.700000762939453,16.764657974243164,78.73615157235321,0.03306303729036997,1.7315103228205297,86.66672479538691,0.8752361880876677,-2.3713396550958805,0.027107445801707375
2019-04-22,20.75,20.774999618530273,20.662500381469727,20.674999237060547,16.74441146850586,77.11302609349138,0.022249894501698675,1.7145122962246,79.48710926266821,0.8214899837665655,-2.386064386541193,0.020002906165561107
2019-04-23,20.674999237060547,20.799999237060547,20.637500762939453,20.762500762939453,16.815275192260742,78.76318535191261,0.020270240556127694,1.71530972304084,87.32404052387032,0.8363117107217595,-2.3345271329012784,0.016663371603902244
2019-04-24,20.850000381469727,20.887500762939453,20.725000381469727,20.799999237060547,16.84564208984375,79.44705401720194,0.020858555327335937,1.7104067062516997,90.27762471919637,0.8308801380749343,-2.3759685414721052,0.013236341169841737
2019-04-25,20.774999618530273,20.862499237060547,20.75,20.850000381469727,16.88613510131836,80.3554790756931,0.027726042434280673,1.7059456317847208,94.73679983723993,0.8316949385592062,-2.3459737266332197,0.01055017724944346
2019-04-26,20.700000762939453,20.700000762939453,20.549999237060547,20.612499237060547,16.693790435791016,65.53748132260782,0.016646093348078983,1.5904382295331494,59.259102276098844,0.6605795782855493,-2.488451216393586,-0.006414015324803624
2019-04-29,20.649999618530273,20.737499237060547,20.625,20.700000762939453,16.764657974243164,67.88714061487697,0.011606735306310734,1.5156888543701768,71.69812950385932,0.7097812264228359,-2.4935776715101303,-0.014625901856549883
2019-04-30,20.700000762939453,20.725000381469727,20.600000381469727,20.700000762939453,16.764657974243164,67.88714061487697,0.008526252004973811,1.4397127065050517,71.69812950385932,0.6956348469289678,-3.557025833679391,-0.02141079721538608
2019-05-02,20.737499237060547,20.862499237060547,20.725000381469727,20.75,16.80514907836914,69.27526279435516,0.003020991892148217,1.3830136465653398,78.43127868499315,0.7244017665987731,-3.9179386258636026,-0.024312759517699734
2019-05-03,20.774999618530273,20.950000762939453,20.774999618530273,20.9375,16.957006454467773,73.84207328504414,0.012696474066095309,1.3951046173192916,97.77764214409721,0.8836088567782734,-3.5305589384655622,-0.01746629994367002
2019-05-06,20.649999618530273,20.649999618530273,20.512500762939453,20.575000762939453,16.663419723510742,56.391071134860766,-0.006038790107615766,1.2484109688817946,25.0,0.4740479099779621,-4.9130614189661435,-0.03325601416296664
2019-05-07,20.662500381469727,20.825000762939453,20.662500381469727,20.787500381469727,16.835521697998047,62.052587549489004,0.00544123211876113,1.2013609219271566,62.8570556640625,0.7156928480744439,-4.960946007246623,-0.03261095823870985
2019-05-08,20.600000381469727,20.712499618530273,20.5625,20.637500762939453,16.71403694152832,56.47864792190141,-0.006020612185937746,1.0928139106805634,28.57142857142857,0.4982383233178999,-5.2247056449597356,-0.04036041400753457
2019-05-09,20.537500381469727,20.549999237060547,20.3125,20.387500762939453,16.511568069458008,48.63726489335323,-0.019831480367682452,0.8987106382527069,11.764811479382708,0.14372811602155713,-5.5039729077711925,-0.0580413753164698
2019-05-10,20.387500762939453,20.537500381469727,20.225000381469727,20.375,16.501445770263672,48.27639652764775,-0.022781372335736738,0.7315078066043225,20.689591669757885,0.10117798728564678,-5.5179346924171755,-0.06861294972530568
2019-05-13,20.274999618530273,20.274999618530273,20.024999618530273,20.037500381469727,16.228107452392578,39.708581656087404,-0.027895581005978554,0.46096931537360036,1.3514321593015606,-0.23910876852175791,-4.486743209331768,-0.09081576735760233
2019-05-14,19.899999618530273,20.012500762939453,19.725000381469727,19.912500381469727,16.126869201660156,37.083489126669924,-0.038043649537192525,0.1944163743319946,15.306117682595488,-0.17662294697621475,-3.319249028031009,-0.1079549027874335
2019-05-15,19.912500381469727,20.0,19.862499237060547,19.9375,16.14711570739746,37.96672175767153,-0.03683595977886822,-0.007520695037267544,17.346902233232075,-0.038737187424477265,-3.302721273392261,-0.11302283410443288
2019-05-16,19.875,19.899999618530273,19.75,19.762500762939453,16.005388259887695,34.33330923437579,-0.04759022456461648,-0.2350071606414057,3.0612546768952424,-0.054511067206622736,-3.418417112882306,-0.12033829660204443
2019-05-17,19.875,19.887500762939453,19.5625,19.5625,15.843412399291992,30.715466095145786,-0.06567161828745871,-0.490456300401154,0.0,-0.06198477573049027,-3.0624220221321057,-0.129696910568667
2019-05-20,19.625,19.700000762939453,19.537500381469727,19.549999237060547,15.83328628540039,30.499095508384457,-0.049817711603285186,-0.6911952832013998,0.8848744931180178,0.01940637241177399,-3.0044517491563787,-0.1298592367050065
2019-05-21,19.5,19.612499237060547,19.424999237060547,19.600000381469727,15.87378215789795,32.545560350038414,-0.05712561554979678,-0.821652539006576,11.475473397203393,0.10387075276985602,-2.71066460714911,-0.12072244600928247
2019-05-22,19.549999237060547,19.662500381469727,19.524999618530273,19.600000381469727,15.87378215789795,32.5455603500384,-0.05027240196787186,-0.9151679362993117,11.475473397203393,0.14794109866374036,-2.71066460714911,-0.10854531580611197
2019-05-23,19.462499618530273,19.462499618530273,19.212499618530273,19.237499237060547,15.580194473266602,26.087015643787296,-0.056407337708536565,-1.1241098828169709,1.5503628395521727,0.04142213182142162,-2.472533958467579,-0.11358958841547112
2019-05-24,19.262500762939453,19.375,19.25,19.337499618530273,15.661187171936035,30.20209328898747,-0.05092030177390994,-1.2361245956870532,7.751932482863445,0.1322983975360873,-2.4259194863390015,-0.10499973494526879
2019-05-27,19.375,19.375,19.212499618530273,19.287500381469727,15.620692253112793,29.32305880275038,-0.03742982359845237,-1.3309176217674916,5.000050862630209,0.15265459476209298,-2.449225899087876,-0.09582830999423517
2019-05-28,19.3125,19.3125,19.212499618530273,19.274999618530273,15.610566139221191,29.095017011976168,-0.03201508339794901,-1.3959344159027882,4.672898529023794,0.18264511771213107,-2.4550538744674517,-0.08461667027070055
2019-05-29,19.125,19.200000762939453,19.075000762939453,19.1875,15.539701461791992,27.484151808238252,-0.03761750746154591,-1.467317245338919,7.692257531909788,0.17986287726225883,-2.2674929606119787,-0.0763973308548222
2019-05-30,19.1875,19.375,19.1875,19.350000381469727,15.671309471130371,34.71353024659439,-0.02087289501089984,-1.4409396562410355,22.916656732549733,0.27179588330814203,-2.1973020222981763,-0.05738891982828803
2019-05-31,19.337499618530273,19.612499237060547,19.325000762939453,19.612499237060547,15.883905410766602,44.362727578983275,0.00255582638727625,-1.2969302420591708,57.33317057291667,0.40760219105821355,-2.2054830583844875,-0.027315318585256626
2019-06-03,19.549999237060547,19.662500381469727,19.412500381469727,19.637500762939453,15.90415096282959,45.19345730435706,0.004475677136877243,-1.1590972657392697,60.810860967572985,0.43894884435894344,-2.1939141714913513,-0.00409587358728275
2019-06-04,19.612499237060547,19.649999618530273,19.5,19.512500762939453,15.80291748046875,41.83017847456363,-0.004464259161698347,-1.088821384126572,53.030376592060335,0.39210733695258376,-2.380220194963198,0.005867144532919033
2019-06-05,19.712499618530273,19.737499237060547,19.5625,19.575000762939453,15.853534698486328,44.071376430433396,-0.0012755283655916383,-0.9959005980349452,61.53846153846154,0.45527708069188133,-2.566047048843692,0.016676397770863882
2019-06-06,19.424999237060547,19.462499618530273,19.362499237060547,19.424999237060547,15.732048988342285,40.080007365770335,0.009746637972731564,-0.9729350968079684,52.8300800368515,0.363463809408894,-2.667779587386586,0.01642820017487323
2019-06-10,19.662500381469727,19.762500762939453,19.587499618530273,19.762500762939453,16.005388259887695,50.86292101871901,0.02197796911388994,-0.8062697614377915,100.0,0.7122197958372853,-2.9400128587209635,0.034421782299692255
2019-06-11,19.799999237060547,19.950000762939453,19.762500762939453,19.850000381469727,16.076251983642578,53.21358609667946,0.029163863108499832,-0.6309356722875155,88.57138497488839,0.8359293943815986,-3.5806653645833344,0.04990573459868172
2019-06-12,19.850000381469727,19.950000762939453,19.8125,19.924999237060547,16.136991500854492,55.192226325644256,0.033722374764530105,-0.45602834761839595,97.14268275669643,0.916851868950545,-3.558228849032716,0.06224515670329572
2019-06-13,19.850000381469727,19.887500762939453,19.737499237060547,19.762500762939453,16.005388259887695,50.23505539646225,0.029967551129647108,-0.37977192428461015,78.57142857142857,0.7611073830713092,-3.8901285749162957,0.059550060522857384
2019-06-14,19.75,19.787500381469727,19.700000762939453,19.725000381469727,15.975018501281738,49.1382363465872,0.01937993954563022,-0.33089558739448655,74.28567068917411,0.721167244480944,-3.9248368704659606,0.05389765865430986
2019-06-17,19.612499237060547,19.737499237060547,19.524999618530273,19.674999237060547,15.934521675109863,47.64439576213998,0.0031866384893575184,-0.3090881933052166,68.57125418526786,0.6535361909469151,-3.9711189575195323,0.045918853659259906
2019-06-18,19.700000762939453,19.75,19.649999618530273,19.725000381469727,15.975018501281738,49.304142582324225,0.004455914598508137,-0.26822160130005734,74.28567068917411,0.6984705770261125,-3.9248368704659606,0.04196433371734459
2019-06-19,20.0,20.200000762939453,19.987499237060547,20.1875,16.34958839416504,61.4706710475169,0.03459303729023033,-0.04615588826122323,98.76535767704891,1.084199336715309,-2.8045887722439224,0.061963577610139764
2019-06-20,20.1875,20.25,20.162500381469727,20.212499618530273,16.369836807250977,62.00155890536997,0.03256700279048452,0.13786077948560585,95.94590136215734,1.0082643241843452,-2.6842686912171017,0.0731749865925622
2019-06-21,20.274999618530273,20.299999237060547,20.200000762939453,20.212499618530273,16.369836807250977,62.00155890536997,0.040540670791280986,0.27997721509665213,90.66670735677084,0.9445248477082915,-2.590299857376856,0.07683164330160255
2019-06-24,20.200000762939453,20.375,20.174999237060547,20.299999237060547,16.44070053100586,64.01410572047882,0.027197857624555954,0.4227509986856584,92.59252282223336,0.9460441906588313,-2.4083859830333894,0.07990868210146121
2019-06-25,20.287500381469727,20.350000381469727,20.149999618530273,20.1875,16.34958839416504,59.6403235657143,0.017002496029583147,0.484435531056909,81.48149543555333,0.82626711225598,-2.478472283273715,0.07194207509800779
2019-06-26,20.149999618530273,20.149999618530273,20.0625,20.087499618530273,16.26860237121582,55.97910275593076,0.00815584927056312,0.4871856547711691,71.60492199185445,0.7287215697114447,-2.540769260564516,0.057953401949907876
2019-06-27,20.137500762939453,20.399999618530273,20.137500762939453,20.375,16.501445770263672,63.00997351875551,0.030993156949474576,0.5982241405422652,97.14290073939732,0.918980271729209,-2.5973031544803424,0.060819296794052784
2019-06-28,20.362499237060547,20.387500762939453,20.212499618530273,20.225000381469727,16.379959106445312,57.820959128153945,0.025348365332477307,0.6184139199128349,80.00008719308036,0.7748818076499877,-3.121576550409948,0.05134793707273525
2019-07-01,20.512500762939453,20.700000762939453,20.512500762939453,20.662500381469727,16.734291076660156,66.48913370682266,0.0501909889645169,0.8004217994185022,96.80848128121758,1.032443301137378,-2.3470132052547226,0.06488893081909562
2019-07-02,20.662500381469727,20.674999237060547,20.600000381469727,20.612499237060547,16.693790435791016,64.84866397225977,0.04499349621733506,0.9132035660396427,92.55306888037933,0.9299170316668337,-2.377294023695305,0.06679859079058675
2019-07-03,20.587499618530273,20.587499618530273,20.337499618530273,20.375,16.501445770263672,57.58241377290974,0.009288146737249203,0.8970508748196734,72.34038754039923,0.7397174668192035,-2.5211029553531206,0.05147527013836295
2019-07-04,20.450000762939453,20.549999237060547,20.450000762939453,20.5,16.602680206298828,60.11547969877544,0.014223929156380821,0.9232357449346559,82.9786750514172,0.8001251120706552,-2.4454137437324963,0.04477213473307254
2019-07-05,20.524999618530273,20.587499618530273,20.450000762939453,20.475000381469727,16.582433700561523,59.35209562386257,0.012987111344712865,0.9231667078056991,78.57141559628195,0.7651029238282862,-2.886308980437927,0.035968679220354544
2019-07-08,20.450000762939453,20.5,20.350000381469727,20.399999618530273,16.521690368652344,57.01291768928174,0.004926179239974848,0.8830041460510408,57.89466639539989,0.6849277862136903,-2.9380053827760904,0.023643882705284655
2019-07-09,20.4375,20.4375,20.350000381469727,20.375,16.501445770263672,56.21768288166707,0.009288146737249203,0.8316157143368477,49.01954917812072,0.646290120649586,-2.955234811432393,0.012288709438230613
2019-07-10,20.487499237060547,20.5625,20.462499618530273,20.549999237060547,16.643171310424805,60.383687971456624,0.02302403922980578,0.8504450851717216,76.47037704123458,0.7643328191070163,-2.8346174479213166,0.012445081580415185
2019-07-11,20.662500381469727,20.762500762939453,20.625,20.712499618530273,16.7747802734375,63.82592316340948,0.016564276062791317,0.9188479558089041,92.85698715538335,0.8632175552855837,-2.604397415564259,0.01913448890558292
2019-07-12,20.712499618530273,20.75,20.674999237060547,20.6875,16.754533767700195,62.920178590685566,0.022867863028271707,0.9518030460020819,89.2856169721146,0.8200599797498387,-2.620758213151215,0.01983333370753046
2019-07-15,20.712499618530273,20.837499618530273,20.5625,20.799999237060547,16.84564208984375,65.30609113153452,0.006654062169320074,1.0102719236848519,95.16123871895019,0.9074234170513932,-2.743564234683387,0.02380197616788224
2019-07-16,20.799999237060547,20.862499237060547,20.787500381469727,20.837499618530273,16.87601089477539,66.08935355439343,0.010915463428467387,1.058699054777287,96.5517694970903,0.9447215742244564,-3.937986676897322,0.0256815180501668
2019-07-17,20.8125,20.8125,20.700000762939453,20.700000762939453,16.764657974243164,60.679852975212945,0.01595085713361022,1.0308890506849462,75.00022007881756,0.7639050915818167,-4.504306463533843,0.017050240665665184
2019-07-18,20.649999618530273,20.737499237060547,20.649999618530273,20.674999237060547,16.74441146850586,59.722663340956295,0.008536649531637686,0.9875485944310212,64.28568833537389,0.7133875846359656,-4.529614619841213,0.008058788819790219
2019-07-19,20.75,20.862499237060547,20.75,20.75,16.948606491088867,65.6140120308327,0.022081969217518704,1.0398116136654696,78.57155832313052,0.9381740721555738,-4.274370598192785,0.013617899753912033
2019-07-22,20.774999618530273,20.875,20.774999618530273,20.850000381469727,17.03028678894043,67.65225007890557,0.03078355839745539,1.107385901744672,95.34891148134348,0.9683672068123114,-4.113954721304087,0.02015596230235256
2019-07-23,20.899999618530273,20.975000381469727,20.875,20.899999618530273,17.071128845214844,68.65281866504606,0.034523221957785344,1.166570991879735,87.9998779296875,0.9570666039176494,-3.6602135936941527,0.024312736027685966
2019-07-24,20.9375,20.975000381469727,20.887500762939453,20.887500762939453,17.06092071533203,68.08594856528092,0.02510034879263423,1.1942905230724028,86.00006103515625,0.9146080733243818,-4.055530088296048,0.02344574184311976
2019-07-25,20.887500762939453,20.950000762939453,20.850000381469727,20.950000762939453,17.11196517944336,69.44457676984459,0.020100704778815093,1.2261361059337328,96.00006103515625,0.9191081356104401,-4.44827060559822,0.023330956390208796
2019-07-26,20.850000381469727,20.850000381469727,20.799999237060547,20.8125,16.999658584594727,63.08156882784611,0.014630357388224713,1.1837020463092989,73.99993896484375,0.7664296031552803,-5.617822806776092,0.013215799106766735
2019-07-29,20.774999618530273,20.862499237060547,20.762500762939453,20.862499237060547,17.040496826171875,64.36037212767776,0.011567070895184495,1.1560987202338648,78.04858986669049,0.7879935251427312,-5.553762896653244,0.007106079965637585
2019-07-30,20.899999618530273,20.924999237060547,20.799999237060547,20.799999237060547,16.98944664001465,61.4928920522131,0.006721715572865383,1.0970862399079553,57.57551937633225,0.7056874500573129,-5.633841524201608,-0.0020531275564567852
2019-07-31,20.787500381469727,20.787500381469727,20.612499237060547,20.700000762939453,16.907772064208984,57.10899243325567,0.008536654322784054,0.9998044540067079,33.33348746237325,0.5887392739084373,-5.889565307617187,-0.014593252034349802
2019-08-01,20.549999237060547,20.637500762939453,20.524999618530273,20.575000762939453,16.8056697845459,52.107820075724185,0.0036584335111005117,0.8640464751232568,11.111346585851736,0.4424578208402883,-6.052928955078125,-0.02986548307822645
2019-08-02,20.262500762939453,20.299999237060547,20.149999618530273,20.237499237060547,16.529996871948242,41.532398756401214,-0.024698763249988653,0.6174932444322307,10.606004559137,0.08700380322125544,-4.769878059268783,-0.057058352824615466
2019-08-05,20.174999237060547,20.212499618530273,19.975000381469727,20.037500381469727,16.36663818359375,36.770043943902344,-0.038968727513012724,0.339359173330256,6.25,-0.0679590504518091,-3.990362197875978,-0.08299967386989815
2019-08-06,19.662500381469727,20.112499237060547,19.625,20.024999618530273,16.356428146362305,36.48842644310795,-0.041866047953406094,0.11206604933748339,29.62959300017378,-0.03441813072321088,-2.803163651879303,-0.09683389934330541
2019-08-07,20.037500381469727,20.049999237060547,19.887500762939453,19.924999237060547,16.274747848510742,34.229799440181765,-0.04608033059521721,-0.10694795313724087,22.222159428869336,-0.03417671271287153,-2.8636675591171947,-0.10669477992751666
2019-08-08,20.012500762939453,20.200000762939453,20.0,20.162500381469727,16.468738555908203,43.21935105320928,-0.03758929011308798,-0.18479018806108446,39.81483182134789,0.1878653535303239,-2.7199707794272023,-0.09571246273425892
2019-08-12,20.162500381469727,20.212499618530273,20.037500381469727,20.149999618530273,16.45853042602539,42.88716139328696,-0.031831707435566514,-0.24870186487638712,38.888849643043336,0.2041868316299438,-2.727532354981499,-0.08505508887491277
2019-08-13,20.037500381469727,20.037500381469727,19.887500762939453,19.924999237060547,16.274747848510742,37.32492272347001,-0.044937010080894346,-0.38455986360406424,22.222159428869336,0.0949483600410262,-2.8636675591171947,-0.08604331834412973
2019-08-14,20.174999237060547,20.200000762939453,20.075000762939453,20.075000762939453,16.39727210998535,42.663841891193435,-0.034855433645176515,-0.42786500623752344,33.962302175671745,0.22689106956649668,-2.7729088725594777,-0.0745350847421647
2019-08-15,19.799999237060547,19.899999618530273,19.774999618530273,19.850000381469727,16.21348762512207,37.50325739457833,-0.041063035179933705,-0.5459093453194624,17.307731809018538,0.12448290475437464,-2.9090454895456133,-0.07517561886895288
2019-08-16,19.862499237060547,20.087499618530273,19.8125,20.087499618530273,16.407480239868164,45.057766931560856,-0.023693762270867613,-0.5385677699441649,35.57691461235317,0.2904744278424396,-2.765347297005181,-0.059116995007268726
2019-08-19,20.1875,20.225000381469727,20.075000762939453,20.200000762939453,16.499366760253906,48.24872597440799,-0.0018530016630744495,-0.48221446772084825,44.23085387646829,0.37525687706883554,-2.6972832270634326,-0.0398149148471729
2019-08-20,20.212499618530273,20.274999618530273,20.200000762939453,20.25,16.54020881652832,49.64853099138702,0.010605148778113804,-0.41279644126964965,53.7634232179627,0.4224690373058253,-2.667029860594047,-0.02265853825833728
2019-08-21,20.237499237060547,20.287500381469727,20.225000381469727,20.274999618530273,16.56062889099121,50.37132342816213,0.012484433814134555,-0.34382781284827524,64.19744481408782,0.4563585203267154,-2.6519038837845743,-0.008998052486830922
2019-08-22,20.325000762939453,20.412500381469727,20.200000762939453,20.225000381469727,16.519786834716797,48.86056542498214,0.015056392178049993,-0.3056181412504928,76.19048772394684,0.44129094787668743,-2.725555756446835,-0.00213392627239839
2019-08-23,20.225000381469727,20.274999618530273,20.1875,20.25,16.54020881652832,49.67336672465179,0.004339753186164863,-0.2623266125073713,79.3650409201772,0.4829232527605361,-2.754917687587847,0.004025136036731873
2019-08-26,19.950000762939453,20.024999618530273,19.899999618530273,19.912500381469727,16.26453971862793,40.350451250045865,-0.011786636010388207,-0.3587607827150553,36.50796726385824,0.23253393739661452,-2.966970964268002,-0.009485605357925447
2019-08-27,20.037500381469727,20.049999237060547,19.9375,19.962499618530273,16.30537986755371,42.084676683159245,0.0018821808686744212,-0.4106591438437008,29.41172950687243,0.2874930316049114,-2.935555446657295,-0.014396242934860588
2019-08-28,20.024999618530273,20.137500762939453,20.024999618530273,20.100000381469727,16.417692184448242,46.6760777195787,0.0012453336339071086,-0.3922578185014376,50.98045082187929,0.44557897254629386,-3.140973559644617,-0.009065079576861965
2019-08-29,20.112499237060547,20.149999618530273,20.0,20.137500762939453,16.448318481445312,47.88927286185843,0.01448367320793964,-0.3585216563358476,56.86285656157064,0.5288608954702098,-3.519460864061245,-0.002786372008442485
2019-08-30,20.287500381469727,20.475000381469727,20.287500381469727,20.462499618530273,16.713777542114258,57.017526985995104,0.018668150000377803,-0.19938906736230327,98.21417866932606,1.0721489513524192,-3.806966060429267,0.018749926759097743
2019-09-02,20.450000762939453,20.5,20.412500381469727,20.475000381469727,16.72399139404297,57.32726021765024,0.01361413665463651,-0.06771369851910601,96.55177856877896,1.011804918831649,-3.6974384068080366,0.03238853193488053
2019-09-03,20.462499618530273,20.5,20.299999237060547,20.299999237060547,16.5810489654541,51.711135293958925,0.0024691434901940035,-0.032896842517347244,72.41370238536841,0.7330833252825862,-3.8608011823381707,0.03051416151362172
2019-09-04,20.362499237060547,20.549999237060547,20.350000381469727,20.537500381469727,16.775041580200195,57.75920003134796,0.012947134472992339,0.088243795403257,98.30523816666754,0.9836929377497039,-4.252915503183428,0.040447675496619324
2019-09-05,20.637500762939453,20.799999237060547,20.637500762939453,20.75,16.948606491088867,62.30784294569845,0.025957941265373652,0.2652992559771483,94.44452686077832,1.1052376371522654,-3.1394577359298106,0.05586557467860614
2019-09-06,20.8125,20.887500762939453,20.8125,20.875,17.050708770751953,64.71496678033174,0.03086417831155197,0.44929578645547874,98.73410142254242,1.0874146691778532,-2.830798243012253,0.06922484138091839
2019-09-10,20.987499237060547,20.987499237060547,20.799999237060547,20.850000381469727,17.03028678894043,63.83682258875443,0.04708077102455488,0.5778962027378973,87.35642263703537,0.9767751290072556,-2.6456813963841364,0.07261649274708436
2019-09-11,20.9375,20.975000381469727,20.825000762939453,20.862499237060547,17.040496826171875,64.09911179446439,0.04508431969015225,0.676422326705867,88.50574309451858,0.9267387503915039,-2.637260744471832,0.07137219617386303
2019-09-12,21.024999618530273,21.0625,20.9375,20.975000381469727,17.132389068603516,66.45714576895439,0.04353211621498643,0.7890566710813389,92.47315356407458,0.9436684518220932,-2.4345124403537075,0.07233750116709947
2019-09-16,21.0,21.112499237060547,20.987499237060547,21.100000381469727,17.2344913482666,68.90129877277975,0.04779654939853817,0.915995768630723,98.96916622489574,0.9694650184097889,-2.3650847420822965,0.07512384765833352
2019-09-17,21.100000381469727,21.112499237060547,21.049999237060547,21.0625,17.203861236572266,67.31659411593157,0.02932213817152518,0.9898638885257414,95.74474301909947,0.8904796001039426,-2.605619983671516,0.0702636292196169
2019-09-18,21.100000381469727,21.25,21.087499618530273,21.237499237060547,17.346797943115234,70.7028947443619,0.03724030552264623,1.1030934359845983,98.99993896484375,0.9375252528403266,-2.2732599658937906,0.07178195653538022
2019-09-19,21.237499237060547,21.287500381469727,21.100000381469727,21.112499237060547,17.244701385498047,65.48392345701558,0.040024754852762134,1.130660029922008,86.40768213137072,0.8221540823622566,-2.295727403945289,0.06141758345501802
2019-09-20,21.162500381469727,21.225000381469727,21.162500381469727,21.174999237060547,17.29574966430664,66.80338343664457,0.031040643423563496,1.1628790530102164,88.74988555908203,0.8215478679258353,-2.2589358718812296,0.053782044125952555
2019-09-23,21.162500381469727,21.212499618530273,21.125,21.125,17.254911422729492,64.67342431289964,0.018072573211353582,1.1554309178330842,83.54428423807546,0.7644078044876444,-2.288368822599492,0.04227058928976238
2019-09-24,21.125,21.212499618530273,21.087499618530273,21.162500381469727,17.285539627075195,65.56031713294149,0.01377249822752602,1.1504704495520277,87.3417868214434,0.7584366974521287,-2.2662944532270264,0.03339771358364935
2019-09-25,21.087499618530273,21.087499618530273,20.975000381469727,21.024999618530273,17.173229217529297,59.64687377039847,0.008393424629918433,1.0809692807877846,71.99991861979167,0.6622307646501494,-2.4296074084225667,0.01744565041192872
2019-09-26,21.112499237060547,21.174999237060547,21.037500381469727,21.075000762939453,17.214069366455078,61.02361690883789,0.010185884957099267,1.033167780717786,67.30773180901853,0.6773003051115739,-2.5458289771725617,0.007626671882263403
2019-09-27,21.225000381469727,21.299999237060547,21.125,21.149999618530273,17.275325775146484,63.05938700445946,0.008343069140597015,1.012352296768707,70.00007629394531,0.7142671936149828,-2.477904479924409,0.0034520543424602645
2019-10-01,21.200000762939453,21.5,21.200000762939453,21.487499237060547,17.55099868774414,70.52147259919482,0.01836476244536067,1.1122409955597679,98.21417866932606,0.9524780085986604,-2.6389093234376633,0.016709745704451745
2019-10-02,21.399999618530273,21.475000381469727,21.399999618530273,21.412500381469727,17.4897403717041,67.26962075693893,0.016617149557339506,1.1488091143854062,87.03707889933145,0.8563891415458419,-2.7238808988692607,0.018658431708279133
2019-10-03,21.100000381469727,21.274999618530273,21.075000762939453,21.200000762939453,17.31616973876953,58.972041374443556,-0.0017656402320556097,1.0838344165804774,46.66680230034722,0.6597783416591287,-2.8685230010204306,0.006206662882849601
2019-10-04,21.299999237060547,21.350000381469727,21.1875,21.287500381469727,17.387638092041016,61.099726247690995,0.0082887319036542,1.0535266573622117,59.52385277437684,0.7406974472986498,-2.9579680626804743,0.001005379654739541
2019-10-07,21.350000381469727,21.412500381469727,21.299999237060547,21.362499237060547,17.448898315429688,62.87686573660626,0.00885469864536148,1.0458997962770993,73.809359457368,0.822077022348333,-4.07893364411165,-3.2530269356317865e-05
2019-10-08,21.462499618530273,21.649999618530273,21.462499618530273,21.625,17.66330909729004,68.33025130525164,0.02366848861493276,1.1264420817971348,96.2963486241643,1.070795543994343,-4.072222037720609,0.011367275485948014
2019-10-09,21.537500381469727,21.549999237060547,21.450000762939453,21.450000762939453,17.520370483398438,61.811308984488086,0.01358539342071885,1.1105415176603342,70.37050642282718,0.8240490231074309,-4.240385037417677,0.007134091891784988
2019-10-14,21.75,21.887500762939453,21.75,21.887500762939453,17.877716064453125,69.61566952606722,0.04102238652965373,1.2488051068566295,100.0,1.1720641346964757,-3.1559150103400753,0.025235072441588652
2019-10-15,21.887500762939453,21.962499618530273,21.825000762939453,21.924999237060547,17.908349990844727,70.17831351590081,0.040332161420389534,1.3557699101592136,96.20249008177944,1.0874258573276838,-3.3372694014644733,0.03547830070407337
2019-10-16,22.0,22.037500381469727,21.962499618530273,22.024999618530273,17.99003028869629,71.68393645543256,0.04137140583351706,1.460225030263345,98.82345760569852,1.0588524668048271,-3.191383616727943,0.04343627306028763
2019-10-17,22.012500762939453,22.037500381469727,21.950000762939453,22.037500381469727,18.000240325927734,71.87508453758046,0.025596357573503647,1.5290106383804818,100.0,0.9816134798358093,-3.1817741699218764,0.04488465610860473
2019-10-18,22.037500381469727,22.162500381469727,21.975000381469727,21.987499237060547,17.959400177001953,69.84407796040094,0.02685344638149645,1.5462310072718375,84.44434271918404,0.89157187280751,-2.9214528037623344,0.038816823229184116
2019-10-21,21.987499237060547,22.0,21.9375,21.962499618530273,17.938980102539062,68.79728937964207,0.03596698191142744,1.5323713921065458,81.60911879585312,0.8333884929833715,-2.938648655941611,0.02957074770094506
2019-10-22,22.049999237060547,22.200000762939453,22.049999237060547,22.174999237060547,18.112548828125,72.56161184891056,0.04169115622528419,1.5815689016735228,97.77764214409721,0.9178523895560102,-2.7186944179318737,0.031129820121177543
2019-10-23,22.174999237060547,22.200000762939453,22.075000762939453,22.112499237060547,18.061500549316406,69.89100419492507,0.035108361732213655,1.5784963923159028,92.22208658854166,0.8371546896726457,-2.760366469288582,0.024974137161337784
2019-10-24,22.174999237060547,22.200000762939453,22.125,22.200000762939453,18.13296890258789,71.47393658786922,0.02658957065807721,1.589552571405337,100.0,0.8506645579243765,-2.7020249745816676,0.022067490189284278
2019-10-25,22.299999237060547,22.299999237060547,22.149999618530273,22.200000762939453,18.13296890258789,71.47393658786922,0.0349649238165326,1.579561113399426,91.01136694841155,0.8160223647419966,-2.52693127061198,0.01673840765074719
2019-10-28,22.3125,22.325000762939453,22.25,22.299999237060547,18.214649200439453,73.332275653901,0.018846542520957854,1.5896119455800959,97.56083037462132,0.8447405208312281,-2.574505122062869,0.015344844314024997
2019-10-29,22.375,22.412500381469727,22.337499618530273,22.362499237060547,18.26569938659668,74.45247829176711,0.019954345092352943,1.6014679678951445,94.80507384662334,0.8519511155154538,-2.482412843055466,0.014501324887248257
2019-10-30,22.362499237060547,22.462499618530273,22.325000762939453,22.462499618530273,18.347375869750977,76.17671417049921,0.01986353415309261,1.628064964174929,100.0,0.8795381523002965,-2.347857400312598,0.015968228282309427
2019-10-31,22.475000381469727,22.649999618530273,22.475000381469727,22.524999618530273,18.39842987060547,77.21202571527964,0.02212134601915161,1.6522018471470425,86.11110522423012,0.8721990647864654,-2.081411325178352,0.01681571233889223
2019-11-01,22.5,22.549999237060547,22.4375,22.524999618530273,18.39842987060547,77.21202571527964,0.02444567687542909,1.6516286045214161,84.8484638308399,0.8357693640866317,-2.081411325178352,0.013934056366650183
2019-11-04,22.637500762939453,23.0625,22.637500762939453,23.049999237060547,18.827251434326172,83.98974794549642,0.049516267185188756,1.8196647134511443,98.88882107204861,1.0702808700660176,-1.640799235026041,0.036200740695823685
2019-11-05,23.100000381469727,23.225000381469727,23.087499618530273,23.225000381469727,18.97018814086914,85.53419328304466,0.047350559045141516,1.9907928642124744,100.0,1.0743714842661916,-1.5922907590252218,0.054735648618493726
2019-11-06,23.237499237060547,23.337499618530273,23.1875,23.337499618530273,19.06208038330078,86.43984025697891,0.05539848869435415,2.1397056819062263,100.0,1.0476607189994485,-1.6471241469978066,0.0665776288198065
2019-11-07,23.299999237060547,23.299999237060547,23.087499618530273,23.212499618530273,18.959983825683594,80.41597115152516,0.04560835721599199,2.1858923265965333,91.07142613858527,0.9267184207699375,-1.7012150712464624,0.06107217950957344
2019-11-08,23.25,23.262500762939453,23.100000381469727,23.137500762939453,18.89872169494629,76.95068011457354,0.04222986299000997,2.1696139109638577,84.46611290611699,0.8602957525272087,-2.1780812536720227,0.04744906408330163
2019-11-11,23.100000381469727,23.112499237060547,22.762500762939453,22.787500381469727,18.612844467163086,63.25290510522647,0.021861264652520696,2.008795318114583,56.43566450575831,0.6622487404529898,-2.5057413065820913,0.015009542255946695
2019-11-12,22.887500762939453,23.0,22.887500762939453,23.0,18.786405563354492,67.08383577257806,0.028507322152685033,1.9342984569516795,72.16497115773346,0.7479167706279348,-2.6327823537505974,0.0017628654901648
2019-11-13,22.887500762939453,22.912500381469727,22.762500762939453,22.862499237060547,18.67409896850586,62.54044777740094,0.017807620069175467,1.8054861781377523,59.99996787623355,0.6564315729465622,-2.713001371928997,-0.017007121263233227
2019-11-14,22.899999618530273,22.950000762939453,22.799999237060547,22.850000381469727,18.663890838623047,62.12856006297249,0.014428457748000278,1.6795483269604405,55.172468223999104,0.6317172432737802,-2.7202928952606458,-0.03170060980798972
2019-11-15,23.0,23.125,23.0,23.075000762939453,18.84766960144043,66.41675333382969,0.024417286365979285,1.640325797267157,74.07415779866288,0.734278079411998,-2.589022314622692,-0.030616728895613232
2019-11-18,23.125,23.225000381469727,23.100000381469727,23.225000381469727,18.97018814086914,68.94158803129149,0.007592011348101613,1.6428602420861649,88.88895168233049,0.7955500733987064,-2.7740855795597468,-0.023540419917731592
2019-11-19,23.225000381469727,23.399999618530273,23.162500381469727,23.399999618530273,19.113128662109375,71.62216207796926,0.007535008096850815,1.6864017158626665,100.0,0.8602436056499834,-2.6173771011442675,-0.011722188382212728
2019-11-20,23.399999618530273,23.399999618530273,23.274999618530273,23.3125,19.041656494140625,68.4413822263273,-0.0010714407215515198,1.6701836115344493,90.90912693930369,0.7841066179991985,-2.800309355585241,-0.011207942559372686
2019-11-21,23.075000762939453,23.137500762939453,22.950000762939453,23.125,18.88850975036621,62.07944333212457,-0.003769732926700242,1.5731038537170352,63.93442212877937,0.649528340375377,-2.9911918945312492,-0.022992509055412724
2019-11-22,23.137500762939453,23.1875,23.100000381469727,23.137500762939453,18.89872169494629,62.330887447258476,0.0,1.4833528353443592,58.82363500911041,0.6395967194559982,-3.2961560145356614,-0.03139039196240062
2019-11-25,23.25,23.274999618530273,23.137500762939453,23.149999618530273,18.9089298248291,62.597871615758415,0.015907582432570733,1.4003679030582001,60.78424332725972,0.6303149314172632,-3.5597437904646667,-0.037154034700066285
2019-11-26,23.237499237060547,23.325000762939453,23.200000762939453,23.212499618530273,18.959983825683594,63.973162422415164,0.009239567502348,1.3409172471180235,70.5881824954448,0.6643035990991955,-3.51225164608798,-0.03827307743445679
2019-11-27,23.212499618530273,23.299999237060547,23.1875,23.299999237060547,19.031452178955078,65.86534243741386,0.01913630269668709,1.3091373543696394,84.31363749240799,0.7292098746465104,-3.9207523854252755,-0.0350322844334609
2019-11-28,23.3125,23.3125,23.200000762939453,23.237499237060547,18.98040199279785,63.307579689071765,0.016958476499434827,1.2475651101675886,74.50969832422291,0.6509822262030005,-3.9737915608954744,-0.03696771988001185
2019-11-29,23.212499618530273,23.212499618530273,22.862499237060547,22.875,18.68431282043457,50.94945149257231,-0.008667213743675517,1.059927346696537,17.646970825741324,0.14143465217207787,-5.566516558312424,-0.05759961504552502
2019-12-02,22.987499237060547,23.037500381469727,22.9375,23.012500762939453,18.796621322631836,54.571854660015966,-0.009149451599975156,0.9483941762308385,39.21575667274028,0.3417886371441712,-6.602998524981073,-0.06267426424218431
2019-12-03,22.924999237060547,23.049999237060547,22.899999618530273,23.012500762939453,18.796621322631836,54.571854660015966,-0.016559682356190875,0.8502235647763735,35.41689846236009,0.3568824366494842,-6.602998524981073,-0.06475633047434523
2019-12-04,22.962499618530273,22.975000381469727,22.850000381469727,22.924999237060547,18.72515106201172,51.751165996149915,-0.016621738356970117,0.7333553957159743,13.636174477559146,0.2568574886514702,-6.7151089389737075,-0.06926703061718306
2019-12-05,23.087499618530273,23.25,23.049999237060547,23.225000381469727,18.97018814086914,59.483483254319395,0.00432423688170247,0.7372763301777154,68.18191276122043,0.6908936238111253,-6.330736360562838,-0.05470686052905735
2019-12-06,23.325000762939453,23.375,23.1875,23.262500762939453,19.00082015991211,60.33916679117403,0.005402400575755584,0.7447872521904364,75.00017339557078,0.7309086908228457,-6.282686048355486,-0.04251484864671093
2019-12-09,23.299999237060547,23.450000762939453,23.299999237060547,23.412500381469727,19.123342514038086,63.64631673995184,0.011339229199922363,0.7937874808030576,93.74994039539311,0.905471588603412,-5.67532108931108,-0.026485151405762603
2019-12-10,23.350000381469727,23.350000381469727,23.200000762939453,23.25,18.990610122680664,58.00354053730067,0.001615312401036073,0.7669142311316928,66.6665607029211,0.6545371531417404,-5.8683863858309655,-0.02511976706522384
2019-12-11,23.25,23.4375,23.237499237060547,23.4375,19.14376449584961,62.17108811366298,0.00590140551747953,0.8015785285822412,97.91654083471882,0.8870412721342801,-6.006963320304708,-0.014715387200223473
2019-12-12,23.587499618530273,24.024999618530273,23.587499618530273,23.962499618530273,19.572580337524414,70.88341909010708,0.03119946273800034,0.9993248607096779,94.68084761005004,1.2934698804822533,-3.1712954655394645,0.018434655428756636
2019-12-13,24.1875,24.350000381469727,24.174999237060547,24.225000381469727,19.786991119384766,74.09589309985321,0.05901626190631015,1.23095908757634,91.66666666666666,1.2383783964176838,-2.4240061747233077,0.050378612472309875
2019-12-16,24.237499237060547,24.262500762939453,24.162500381469727,24.212499618530273,19.77678108215332,73.67901560468334,0.05214552885317403,1.3923387175790618,90.83328247070312,1.0788904219329223,-2.4308128662109376,0.06544246445595145
2019-12-17,24.1875,24.537500381469727,24.174999237060547,24.537500381469727,20.04224395751953,77.2611648668096,0.06626843268837468,1.6109867715839241,100.0,1.1160627775094585,-2.0458556586371537,0.08658016624284773
2019-12-18,24.5,24.575000762939453,24.450000762939453,24.549999237060547,20.05245018005371,77.38857833635981,0.07088322618313736,1.7659203164328734,98.55063650144793,1.015762519933688,-2.0037678740641547,0.0939295491904496
2019-12-19,24.537500381469727,24.549999237060547,24.387500762939453,24.412500381469727,19.940141677856445,72.56981673688111,0.05113041208577407,1.8195784885360162,90.57969011396544,0.8948646712953813,-2.068874237751783,0.08421872625708665
2019-12-20,24.387500762939453,24.387500762939453,24.174999237060547,24.237499237060547,19.79720115661621,66.86326739052132,0.04191298007147637,1.7816751218000908,80.43469847865484,0.7861312018190844,-2.151738289711265,0.0621771387670082
2019-12-23,24.25,24.325000762939453,24.237499237060547,24.287500381469727,19.83803939819336,67.6460500842218,0.037373010687364205,1.74788504979091,83.3333149048482,0.7774351916400345,-2.128063952003378,0.04514894040352957
2019-12-24,24.325000762939453,24.362499237060547,24.299999237060547,24.299999237060547,19.848251342773438,67.85056780207343,0.045161330497143215,1.7052339224472923,81.96713110038272,0.7556688263553021,-2.1221439854400215,0.030098281221482004
2019-12-25,24.299999237060547,24.362499237060547,24.262500762939453,24.337499618530273,19.878875732421875,68.49376452006533,0.038399513153833276,1.6644597738277538,82.88280981510758,0.745705086305296,-2.104390720004599,0.018310160197326064
2019-12-26,24.387500762939453,24.387500762939453,24.274999618530273,24.337499618530273,19.878875732421875,68.49376452006533,0.015649208720335928,1.613217129097753,82.7271894975142,0.7224169143314797,-2.104390720004599,0.007188778105636784
2019-12-27,24.399999618530273,24.537500381469727,24.399999618530273,24.5,20.011611938476562,71.37276200964251,0.01135194420094221,1.6080636507388648,94.54539905894886,0.7642065328529913,-2.027442211772042,0.0055228261813885515
2019-12-30,24.5,24.5625,24.399999618530273,24.450000762939453,19.970775604248047,69.27543539318602,0.009809206123527758,1.5687695790085936,90.65421626955832,0.7214844613991177,-2.051115443770821,-0.0012188950051002512
2019-12-31,24.274999618530273,24.299999237060547,24.237499237060547,24.237499237060547,19.79720115661621,61.06194215660984,-0.012226315647224983,1.4498711145015042,65.82266989869335,0.6095555921602892,-2.151738289711265,-0.019256856055100524
2020-01-02,24.262500762939453,24.5,24.262500762939453,24.412500381469727,19.940141677856445,64.76667212237203,-0.005600737126327804,1.3977871474892352,60.606004559137006,0.6763526158483145,-2.4212488180703895,-0.023186365535510955
2020-01-03,24.575000762939453,24.674999237060547,24.25,24.412500381469727,19.940141677856445,64.76667212237203,0.0,1.3408818097098283,48.78059673163452,0.6583776445063866,-2.5650991514057324,-0.027136263231311963
2020-01-06,24.262500762939453,24.274999618530273,24.100000381469727,24.100000381469727,19.684890747070312,54.1054985285108,-0.005673044823730766,1.178151046043305,0.0,0.44698395564973686,-2.7651278998194795,-0.04711954875847585
2020-01-07,24.112499237060547,24.174999237060547,23.850000381469727,24.024999618530273,19.62363052368164,51.897514554217885,-0.010807966967302463,1.012557745234092,21.21205815918638,0.36196081695379223,-2.8066602976242807,-0.06361726558048308
2020-01-08,23.799999237060547,24.049999237060547,23.762500762939453,23.912500381469727,19.531742095947266,48.68797207798682,-0.015946454997981974,0.8341701401887,16.438341847612516,0.18343676041037693,-2.9599180112092394,-0.07887508171935481
2020-01-09,24.075000762939453,24.274999618530273,24.075000762939453,24.237499237060547,19.79720115661621,56.96764368252566,-0.0041086114177198985,0.7922261566164457,52.05471434663011,0.4352399214685789,-3.867333141575305,-0.06957105804952587
2020-01-10,24.375,24.450000762939453,24.237499237060547,24.325000762939453,19.868671417236328,58.8909305867009,-0.0005133245623596405,0.7791599123335078,61.64393869718987,0.5342125828265253,-4.6492173774905305,-0.05758122683628811
2020-01-13,24.462499618530273,24.524999618530273,24.375,24.5,20.011611938476562,62.500755547787314,0.0,0.8175832169644067,80.82196934859493,0.7717742475936742,-4.49256996898071,-0.0398442059233764
2020-01-14,24.625,24.712499618530273,24.600000381469727,24.649999618530273,20.13412857055664,65.31232047890734,0.008179600509548912,0.8873890687158853,93.42104470629808,0.9268578349778057,-4.201343750815643,-0.02064735368088849
2020-01-15,24.674999237060547,24.674999237060547,24.362499237060547,24.399999618530273,19.929931640625,57.565449197748165,0.006704507518954461,0.849601277175678,67.10522353149037,0.596961180489057,-4.416288146516675,-0.022344874928068525
2020-01-16,24.287500381469727,24.375,24.25,24.325000762939453,19.868671417236328,55.44085874395106,-0.003584240361716451,0.7856614380315258,59.21059764331734,0.5073702075487068,-4.480772669869678,-0.02787678264326021
2020-01-17,24.424999237060547,24.4375,24.274999618530273,24.325000762939453,19.868671417236328,55.44085874395106,-0.003584240361716451,0.7266082571706775,59.21059764331734,0.5139322921324423,-4.480772669869678,-0.031548996600567675
2020-01-20,24.387500762939453,24.5,24.387500762939453,24.424999237060547,19.950347900390625,57.846520565907916,0.013485325203535625,0.7048530834918799,69.73676549421471,0.6480311081645765,-4.394797320874651,-0.028578778126294974
2020-01-30,23.75,23.75,23.037500381469727,23.037500381469727,18.817041397094727,32.01709582169609,-0.04110295113911411,0.22311080258510121,0.0,-0.41682195804926864,-2.901678153275745,-0.09907315440689751
2020-01-31,22.662500381469727,22.662500381469727,22.412500381469727,22.487499237060547,18.964622497558594,36.02325047175081,-0.029035791871650063,-0.09921638010542774,3.2608208899525817,-0.10792447027947485,-1.881077838094243,-0.12994922149879842
2020-02-03,22.125,22.287500381469727,21.899999618530273,22.262500762939453,18.774871826171875,33.30566410598601,-0.05164009408989989,-0.42960611972408436,12.888929578993055,-0.09086063198018159,-1.4931565483940972,-0.1556062705173365
2020-02-04,24.237499237060547,24.237499237060547,22.649999618530273,22.649999618530273,19.101669311523438,41.492102820249485,-0.038603593043846196,-0.5509819622182509,26.666666666666668,0.15610685500176433,-1.3769618869357638,-0.1433276004320741
2020-02-05,22.75,22.825000762939453,22.575000762939453,22.712499618530273,19.154375076293945,42.71340510029731,-0.042836972094906445,-0.6185504591385421,28.888888888888886,0.21834479025601944,-1.3582220594618055,-0.125080445410638
2020-02-06,22.912500381469727,23.075000762939453,22.837499618530273,23.075000762939453,19.4600887298584,49.32146713396652,-0.03347747772326892,-0.5388298160464889,41.77781846788194,0.41064102473609243,-1.2495238715277777,-0.08761744965166489
2020-02-07,22.912500381469727,22.912500381469727,22.737499237060547,22.799999237060547,19.228168487548828,45.07377046820012,-0.035211518319797186,-0.5656348526430541,31.999986436631943,0.2930508850620725,-1.331984402126736,-0.0741850506663765
2020-02-10,22.5,22.799999237060547,22.399999618530273,22.75,19.185998916625977,44.326248949009056,-0.034359242562042924,-0.5976920787297346,30.22223578559028,0.29047235696616835,-1.34697802734375,-0.06424018544730972
2020-02-11,22.837499618530273,22.987499237060547,22.837499618530273,22.9375,19.34412956237793,47.82085568112617,-0.02640044942327402,-0.5508955247180192,36.88890245225694,0.3982372062439525,-1.2907537977430554,-0.04407345682860103
2020-02-12,23.0,23.225000381469727,23.0,23.162500381469727,19.53388023376465,51.73579423495358,-0.020875208227212005,-0.4297716352742893,45.495529242923396,0.5157950570195945,-1.223286892361111,-0.01643866701041241
2020-02-13,23.25,23.3125,23.174999237060547,23.200000762939453,19.565505981445312,52.37713038766143,0.0397758908297956,-0.3170150234814711,50.00003667977602,0.5365062153988436,-1.2120421820746528,0.004374601365679895
2020-02-14,23.200000762939453,23.3125,23.137500762939453,23.237499237060547,19.597129821777344,53.048967813067755,0.033351959644869034,-0.21213209075698056,51.44228547282799,0.5534306901161918,-1.2007981499565972,0.01981111401219139
2020-02-17,23.075000762939453,23.137500762939453,22.987499237060547,23.075000762939453,19.4600887298584,49.77212435621375,0.036496489032289414,-0.18382422079994007,45.19234507746402,0.4812677862865662,-1.2495238715277777,0.02025941735147889
2020-02-18,22.850000381469727,22.899999618530273,22.75,22.762500762939453,19.196542739868164,44.12700079267334,0.004966761113778251,-0.26780295857351877,36.8984507022716,0.33987623243684495,-1.3432291124131943,0.003170478298429147
2020-02-19,22.787500381469727,23.0625,22.762500762939453,23.024999618530273,19.417917251586914,49.326093349733775,0.013758850092642216,-0.23962918645476458,48.12835010032451,0.4936674883513949,-1.2645181749131944,0.0069246332849899825
2020-02-20,23.087499618530273,23.125,22.837499618530273,22.924999237060547,19.33358383178711,47.51229761589925,-0.006500735933294477,-0.2495009226954231,43.85025821628807,0.4611885925911299,-1.3068346448791288,0.004020688169900352
2020-02-21,22.912500381469727,22.987499237060547,22.737499237060547,22.8125,19.238704681396484,45.48581271082685,0.0005479561849315306,-0.2934703617709183,22.44900501256515,0.41206497289048966,-1.4055748256426843,-0.0035863633497953268
2020-02-24,22.5625,22.600000381469727,22.424999237060547,22.524999618530273,18.99625015258789,40.7076831372522,-0.009889960114281893,-0.42469170713384363,13.698624410289852,0.24789695081703417,-1.4988265538103316,-0.0231521984789924
2020-02-25,22.375,22.625,22.362499237060547,22.587499618530273,19.0489559173584,42.130804413325244,-0.015259081266370877,-0.501261438142973,23.68423166035569,0.3081348678101584,-1.4785551087958833,-0.030298685154505373
2020-02-26,22.287500381469727,22.4375,22.225000381469727,22.362499237060547,18.859203338623047,38.54394840484047,-0.03453880576043522,-0.6344935937088378,12.643577362964626,0.14679702227319127,-1.6828756261612392,-0.04469040240485611
2020-02-27,22.337499618530273,22.375,22.087499618530273,22.162500381469727,18.690536499023438,35.639445384524706,-0.04472000280757582,-0.8024561651809111,6.122509353790485,0.008338527718750256,-1.7550325746640416,-0.06142135113809025
2020-03-02,21.875,22.0625,21.712499618530273,21.837499618530273,18.416452407836914,31.48715381967685,-0.06024746606660736,-1.0405381633503465,7.812498137355295,-0.10938843540905809,-1.6873654291686155,-0.08532891190602918
2020-03-03,22.212499618530273,22.237499237060547,22.0625,22.149999618530273,18.67999839782715,38.863097670244876,-0.04008667909280017,-1.1060109512811795,27.343743480743534,0.1134334782290955,-1.582990763898909,-0.07797658259310986
2020-03-04,22.200000762939453,22.299999237060547,22.100000381469727,22.299999237060547,18.806495666503906,42.08593974862303,-0.02031861042114591,-1.09195923215607,36.71871740371766,0.23217978930885463,-2.1982520369882503,-0.05998498585260603
2020-03-05,22.450000762939453,22.5625,22.4375,22.549999237060547,19.0173282623291,47.09202273085783,-0.0206298638555108,-0.979942522215973,52.34371367842825,0.3972581333682705,-2.0664816960140007,-0.030749250163808917
2020-03-06,22.412500381469727,22.412500381469727,22.075000762939453,22.087499618530273,18.627290725708008,40.17358614833326,-0.03653192870107491,-1.0452034889508326,26.315768339644308,0.14736043176628524,-2.310255098282076,-0.0342745359414387
2020-03-09,21.700000762939453,21.700000762939453,21.399999618530273,21.462499618530273,18.100200653076172,33.097153484310894,-0.05917779014619562,-1.308090696680994,3.6231876045586175,-0.08281022742351092,-2.1073847358285267,-0.06681724805009992
2020-03-10,21.25,21.575000762939453,21.225000381469727,21.575000762939453,18.19507598876953,35.30612499371003,-0.04217538500403539,-1.4609185705276098,18.421076407397706,0.050500156422512286,-1.8334610521622252,-0.07599690872030748
2020-03-11,21.612499237060547,21.637500762939453,21.262500762939453,21.325000762939453,17.984241485595703,32.72064921756028,-0.05589358473933326,-1.6556992962560166,5.263179028797958,0.020725373918963928,-1.9344596350133534,-0.08938832378042433
2020-03-12,21.125,21.125,20.287500381469727,20.537500381469727,17.320110321044922,26.209639724389916,-0.08160965179404533,-2.0782551369061557,9.259263183846587,-0.1335103015344875,-1.3629555155800455,-0.13344218466530866
2020-03-13,19.5,20.350000381469727,18.987499237060547,20.25,17.077648162841797,24.307909872330427,-0.08629438412674306,-2.4973303863841965,34.70791747461326,-0.0927003725675516,-0.8235839855067992,-0.16719122375887085
2020-03-16,20.0,20.100000381469727,19.237499237060547,19.325000762939453,16.29755973815918,19.424509032145863,-0.11505433417654654,-3.149299731348561,9.278390517949262,-0.16762349933852322,-1.030177954183205,-0.2266412095097628
2020-03-17,18.575000762939453,19.174999237060547,18.575000762939453,18.712499618530273,15.78100872039795,16.9904372433313,-0.15519218019667547,-3.8705976221436416,3.4482478219150696,-0.13580550438926553,-0.9960642881396432,-0.28174868142632015
2020-03-18,18.737499237060547,18.8125,18.200000762939453,18.200000762939453,15.348801612854004,15.26662580016172,-0.1838563714880903,-4.60797690733907,0.0,-0.08957513136053914,-0.9609237749785251,-0.3252207315171589
2020-03-19,17.75,17.75,16.8125,17.137500762939453,14.452753067016602,12.447091383204125,-0.240021896469776,-5.575031699671054,5.652187181555707,-0.11194746212753609,-0.7558212963142017,-0.3879810810644949
2020-03-20,17.75,18.5,17.725000381469727,18.5,15.601804733276367,30.23956140444912,-0.1624222243042618,-5.7522632892169465,29.347826086956523,0.13659950391336464,-0.5780640350297364,-0.3281431566315741
2020-03-23,17.75,18.024999618530273,17.387500762939453,17.700000762939453,14.927130699157715,26.79623238822721,-0.17530578885484271,-6.16059458098422,15.434795877207879,0.08129354086632028,-0.7063646108975976,-0.31023782107922804
2020-03-24,18.462499618530273,18.825000762939453,18.424999237060547,18.5625,15.654513359069824,35.34422237806038,-0.13962912995075194,-6.0714579009523195,30.434782608695656,0.22826431030163913,-0.5812235081170196,-0.22937056964294222
2020-03-25,19.200000762939453,19.362499237060547,19.024999618530273,19.212499618530273,16.202686309814453,40.941211307793424,-0.0990620136639162,-5.669556672709109,42.85713312577295,0.3356665800945199,-0.48805455481487775,-0.1241931671000942
2020-03-26,19.350000381469727,19.362499237060547,19.0,19.299999237060547,16.276472091674805,41.673117860872956,-0.06025586500462632,-5.254725019575628,50.895117110212155,0.3655888717211688,-0.475222244926121,-0.03928342556201758
2020-03-27,19.575000762939453,19.674999237060547,19.112499237060547,19.149999618530273,16.149974822998047,40.74094732485594,-0.05432090712948501,-4.9318790795441565,48.445580288493844,0.36218377109739414,-0.49722176991338324,0.015779768235518965
2020-03-30,18.674999237060547,19.037500381469727,18.512500762939453,18.962499618530273,15.991848945617676,39.550000545096836,-0.01875807160416243,-4.700856769663767,44.55957054026383,0.3528946150070611,-0.5247219225012738,0.04719479132552429
2020-03-31,19.200000762939453,19.299999237060547,18.899999618530273,19.037500381469727,16.055099487304688,40.301742639389154,0.017368393349435074,-4.43652205027083,51.59421174422555,0.3821978220562192,-0.513721828294837,0.07616093114924705
2020-04-01,19.125,19.162500381469727,18.962499618530273,18.975000381469727,16.002391815185547,39.856936520413754,0.04258249072580278,-4.20554420933485,61.13074624097345,0.39128664745605174,-0.5228883799677311,0.09449993699714476
2020-04-06,19.237499237060547,19.274999618530273,18.9375,19.262500762939453,16.244848251342773,42.97480826832487,0.12399680365507715,-3.858189211253963,74.52472938859837,0.4623423455153687,-0.48336637678375405,0.12383799952170538
2020-04-07,19.625,19.725000381469727,19.512500762939453,19.625,16.55055809020996,46.725024763862415,0.06081048783478504,-3.3920247552613483,96.56651095718438,0.5599097551742703,-0.4355942442763941,0.16228654050638425
2020-04-08,19.625,19.924999237060547,19.587499618530273,19.899999618530273,16.782482147216797,49.44149455407759,0.12429391056137629,-2.874604246467671,99.19679920776838,0.6466394935635895,-0.38822131565527795,0.19935109676465124
2020-04-09,19.962499618530273,20.024999618530273,19.712499618530273,19.8125,16.708688735961914,48.59249532562684,0.06734002857273924,-2.472307487566869,93.38522509685177,0.6674609208923246,-0.40351528448149776,0.21364067683649057
2020-04-10,19.75,19.837499618530273,19.674999237060547,19.825000762939453,16.719228744506836,48.72792214616322,0.03188004907430053,-2.123731538716456,92.4171017110823,0.7199114866169987,-0.4036281172158062,0.21780129117531133
2020-04-13,19.75,19.850000381469727,19.637500762939453,19.700000762939453,16.613815307617188,47.38347190953143,0.02072581908673743,-1.8773584394576726,87.67776316179604,0.7093379617246754,-0.4381652780091759,0.2074988685461152
2020-04-14,19.762500762939453,20.237499237060547,19.762500762939453,20.237499237060547,17.067106246948242,53.34467364582187,0.05678841199456075,-1.4441517305989642,100.0,0.8851769074155127,-0.3076623930909965,0.2238536407201146
2020-04-15,20.3125,20.375,20.25,20.299999237060547,17.11981773376465,53.99736409865866,0.07053398215445728,-1.0636375971931302,95.97311174968203,0.8669206072051379,-0.2957353729783443,0.2299850294177498
2020-04-16,20.049999237060547,20.274999618530273,20.012500762939453,20.200000762939453,17.035486221313477,52.72648523517234,0.0610638840814417,-0.794273051446399,90.60406395995436,0.8023490890352325,-0.3194073764734101,0.22011723542602984
2020-04-17,20.75,21.0,20.674999237060547,20.8125,17.55202865600586,59.079417226011245,0.09683782641478489,-0.32912222082640685,92.46230924590888,0.9242976301630429,-0.20539614184934693,0.23858342959802242
2020-04-20,20.8125,20.875,20.700000762939453,20.75,17.499319076538086,58.219624156731086,0.07722268658875397,0.012156960966279034,89.94974566121185,0.9031706835908281,-0.35104682706878054,0.23696867665431057
2020-04-21,20.662500381469727,20.662500381469727,20.125,20.149999618530273,16.993318557739258,50.60578043604658,0.026751996223692398,0.040271038813337684,59.52379871117751,0.6902848955769039,-0.49111620441501785,0.1933841547828764
2020-04-22,20.0,20.149999618530273,19.875,20.149999618530273,16.993318557739258,50.60578043604658,0.012562886030385245,0.06182552066263851,58.78786029237689,0.6816269982743257,-0.9379923320904089,0.1576295768875185
2020-04-23,20.287500381469727,20.5,20.075000762939453,20.225000381469727,17.05656623840332,51.52478426395475,0.02082015578473695,0.10774713640307453,62.42426091974432,0.6939704962751451,-0.9673004908884302,0.13233401977101047
2020-04-24,20.200000762939453,20.25,20.112499237060547,20.225000381469727,17.05656623840332,51.52478426395475,0.02017661813540994,0.14245473991049165,47.89915858634299,0.6743724016250815,-0.9673004908884302,0.110582073935412
2020-04-27,20.537500381469727,20.649999618530273,20.412500381469727,20.637500762939453,17.404443740844727,56.66764316462714,0.04758861336715636,0.33108343697227965,74.33634413016149,0.8196429222017614,-0.827450195757289,0.11414015852919628
2020-04-28,20.725000381469727,20.725000381469727,20.5,20.637500762939453,17.404443740844727,56.66764316462714,0.01976535969340465,0.474455031112901,73.39453651052297,0.7902871357035347,-0.827450195757289,0.11091468117548432
2020-04-29,20.762500762939453,20.975000381469727,20.737499237060547,20.924999237060547,17.64690589904785,60.090205306758556,0.03078818790480753,0.6935956678298246,94.49535376612323,0.8820901103208201,-0.9787111865976995,0.11882705497182623
2020-04-30,21.112499237060547,21.375,21.100000381469727,21.375,18.026411056518555,64.77936108285898,0.05816827429118576,1.0314879133320947,100.0,1.0152250394700244,-0.7557800793770039,0.14178057154530743
2020-05-04,20.600000381469727,20.825000762939453,20.549999237060547,20.75,17.499319076538086,55.09671075155355,-0.00300304771037041,1.039735251361053,61.2402917387221,0.731146068791123,-0.9720229429587346,0.11477826581074141
2020-05-05,20.875,20.950000762939453,20.75,20.850000381469727,17.583654403686523,56.22416729973384,0.004819349071788048,1.0728639928225485,65.0000254313151,0.763722795443939,-1.4176226305343862,0.09663838339464495
2020-05-06,20.825000762939453,20.9375,20.649999618530273,20.875,17.604736328125,56.51807826566803,0.03597989223283782,1.0959122814450681,66.66666666666666,0.7542622710529958,-1.4912379677004577,0.08074727601872704
2020-05-07,20.875,21.037500381469727,20.825000762939453,20.962499618530273,17.67852783203125,57.59136668529509,0.04032227560283852,1.1349237433895316,72.4999745686849,0.7742631729568169,-1.509466930127889,0.07027845822633794
2020-05-08,21.149999618530273,21.1875,21.0,21.087499618530273,17.783945083618164,59.142914307270146,0.0426450925144084,1.2002446363279575,80.83330790201822,0.8138408381967321,-1.4487951040122953,0.06561512173657685
2020-05-11,21.25,21.350000381469727,21.174999237060547,21.262500762939453,17.931533813476562,61.27883646721232,0.05129799062974527,1.3042667400724228,92.50005086263022,0.8761030640926004,-1.3638519128382462,0.06737674334904348
2020-05-12,21.149999618530273,21.149999618530273,20.912500381469727,21.012500762939453,17.72069549560547,56.71726632567801,0.018170747624560057,1.2744326219773798,75.83338419596353,0.7190640539391279,-1.6482364238112925,0.05004551504982788
2020-05-13,20.924999237060547,21.100000381469727,20.899999618530273,21.075000762939453,17.77340316772461,57.5676403899635,0.021199150767111874,1.260221633000873,76.92312206744975,0.7347686983133136,-1.7830645548502606,0.03836061547961003
2020-05-14,20.950000762939453,20.962499618530273,20.799999237060547,20.825000762939453,17.56257438659668,53.075720829225666,-0.004778827117547069,1.1390090073466088,56.4357303214617,0.5573271523008239,-1.9236170756022137,0.013921554733760388
2020-05-15,21.012500762939453,21.0625,20.762500762939453,20.962499618530273,17.67852783203125,55.14857263239857,-0.019298529440862078,1.0836329288973292,57.14280052395135,0.6306962772180534,-1.8463147786458336,0.0035923170371925384
2020-05-18,20.762500762939453,20.862499237060547,20.700000762939453,20.787500381469727,17.530948638916016,52.00009277400314,0.0018074738931035395,0.9609754961030288,32.857186453683035,0.5079523839072859,-1.944700907389323,-0.014177906165607934
2020-05-19,21.100000381469727,21.125,20.912500381469727,20.975000381469727,17.689071655273438,54.96666800641961,0.005995184457493252,0.9256228473795897,51.51524259140238,0.6314969198692195,-1.8392855631510419,-0.016138935315187175
2020-05-20,21.0,21.049999237060547,20.875,20.950000762939453,17.667987823486328,54.483145959913486,0.0035928680885881636,0.8777588042157756,48.4849886021575,0.5943362635631716,-1.8533414510091148,-0.019488046009277865
2020-05-21,21.037500381469727,21.200000762939453,21.024999618530273,21.125,17.815574645996094,57.313801797202494,0.007752162129503359,0.8969742034411724,71.87499254943006,0.7153568199819295,-2.120021109960179,-0.01272302909643111
2020-05-22,20.950000762939453,20.975000381469727,20.725000381469727,20.737499237060547,17.48877716064453,49.91202731583661,-0.016597437834281692,0.7538680369040928,12.499931880480215,0.33413919283507126,-2.4601944482213702,-0.030218406230554107
2020-05-25,20.787500381469727,20.875,20.537500381469727,20.875,17.604736328125,52.267623049162374,-0.01822473686584225,0.685678125580854,41.53841458834135,0.42197972643208054,-3.299158614184339,-0.033678022688446746
2020-05-26,21.0625,21.162500381469727,20.962499618530273,21.112499237060547,17.805030822753906,56.10740993463472,0.0047591431820128705,0.71506667968026,70.7690899188702,0.7136320799527369,-3.4619647739955366,-0.022700094878901206
2020-05-27,21.174999237060547,21.212499618530273,21.012500762939453,21.087499618530273,17.783945083618164,55.60033057475483,0.0005931287212737058,0.7202481017464337,67.6922137920673,0.6609006448094494,-3.6698287188760417,-0.01732470636645872
2020-05-28,21.225000381469727,21.225000381469727,20.887500762939453,20.962499618530273,17.67852783203125,53.02040999181074,0.00660230344835222,0.6684119799636409,52.30759840745193,0.4698041734578967,-3.7957001213871386,-0.021085021295055878
2020-05-29,20.850000381469727,21.112499237060547,20.75,21.112499237060547,17.805030822753906,55.67819697551483,0.007155742374285845,0.6772621569508137,83.6361971768466,0.7528593986684129,-3.74503945688101,-0.015525631145512031
2020-06-01,21.112499237060547,21.287500381469727,21.100000381469727,21.225000381469727,17.899904251098633,57.61485570892433,0.021045958195530456,0.7191024173787186,91.66666666666666,0.9064902722897115,-3.6282721604567314,-0.006399401548416228
2020-06-02,21.25,21.375,21.25,21.325000762939453,17.984241485595703,59.316667936002986,0.016686564228726608,0.781373981494251,94.02993912423621,0.9925221523868083,-3.4306687269837006,0.0038262321310907066
2020-06-03,21.537500381469727,21.725000381469727,21.524999618530273,21.700000762939453,18.300493240356445,64.99281270056207,0.035799516231798556,0.962559155532706,97.89476896587172,1.246793111439225,-2.2657954872532886,0.028996428507543665
2020-06-04,21.875,21.9375,21.787500381469727,21.899999618530273,18.469160079956055,67.58996763963756,0.0366861831261136,1.1675086968883175,97.32140059373054,1.1997156346964741,-1.8593863322084512,0.05272951074606469
2020-06-05,21.924999237060547,22.087499618530273,21.924999237060547,22.087499618530273,18.627290725708008,69.84847226134633,0.06509966675231604,1.3832436198184126,100.0,1.1494816330629642,-1.6143939329055947,0.0735251337984944
2020-06-08,22.225000381469727,22.450000762939453,22.200000762939453,22.375,18.869749069213867,72.95987343780493,0.07185638668543448,1.641248720073055,96.078392262499,1.1455846241940368,-1.2540266560021378,0.09660349143082408
2020-06-09,22.399999618530273,22.450000762939453,22.237499237060547,22.399999618530273,18.89083480834961,73.21870347010659,0.06098298825790871,1.8312280690899847,97.38556159812347,1.0382321334952145,-1.2430014351237304,0.10555515588966746
2020-06-10,22.412500381469727,22.674999237060547,22.387500762939453,22.612499237060547,19.070043563842773,75.37604467750364,0.07231795162308008,2.0348228707118547,97.07602182632633,1.0263676023536301,-1.0685298728879722,0.11503368165188821
2020-06-11,22.612499237060547,22.712499618530273,22.25,22.262500762939453,18.774871826171875,65.95241568399754,0.062015570784926366,2.0410079478814565,79.31039018666591,0.8388039691870686,-1.1924042177412422,0.09380951402528481
2020-06-12,21.8125,22.125,21.774999618530273,22.0625,18.606204986572266,61.240845828704856,0.04499706694101868,1.9489435441452885,66.87899389162371,0.7331844404841229,-1.2699522171729836,0.06231353512906135
2020-06-15,22.024999618530273,22.075000762939453,21.725000381469727,21.75,18.342660903930664,54.6690413920279,0.02473514084885986,1.7405010970917785,50.95542391742758,0.5907870521198748,-1.3911219528450633,0.019833586033778328
2020-06-16,22.037500381469727,22.299999237060547,22.037500381469727,22.225000381469727,18.743247985839844,61.4421045631108,0.04220397623397454,1.7305538876365385,75.15926971615731,0.7607284422475495,-1.2069439195458138,0.015034060974598251
2020-06-17,22.299999237060547,22.299999237060547,22.075000762939453,22.25,18.764331817626953,61.76590566058068,0.02534568719971153,1.7116009133302534,76.43313587614136,0.7454281972431326,-1.1972502003812941,0.009850218244524811
2020-06-18,22.262500762939453,22.325000762939453,22.087499618530273,22.225000381469727,18.743247985839844,61.21231534325239,0.014840301599922112,1.6677265890137152,69.76747487030023,0.7125890731583885,-1.2069439195458138,0.001983745827781991
2020-06-19,22.25,22.287500381469727,22.162500381469727,22.212499618530273,18.73270606994629,60.918318769964806,0.00565918821961553,1.6095045978367857,65.81195689456175,0.6882298434057001,-1.2117907791280735,-0.0064835343360988285
2020-06-22,22.212499618530273,22.424999237060547,22.212499618530273,22.262500762939453,18.774871826171875,61.710470761533514,-0.005028007669523604,1.5633922343677598,62.10535952919408,0.6911450004708481,-1.3884349338866664,-0.011505062552450818
2020-06-23,22.399999618530273,22.512500762939453,22.200000762939453,22.362499237060547,18.859203338623047,63.312138250333085,-0.001674434721782747,1.5452799494042637,64.55689601223794,0.7166676543672736,-1.3454634542211936,-0.011386480976405933
2020-06-24,22.450000762939453,22.625,22.450000762939453,22.5,18.975170135498047,65.45226905312794,-0.004974997987136631,1.5626194345826412,78.48103466258736,0.7617695056092533,-1.2863720812700752,-0.006007552365594471
2020-06-29,22.3125,22.399999618530273,22.162500381469727,22.274999618530273,18.785415649414062,59.351396752828435,0.0005615922888746461,1.4769834583044534,55.6961683026419,0.6286329174681136,-1.3830622840565054,-0.017110238100018882
2020-06-30,22.387500762939453,22.487499237060547,22.350000381469727,22.475000381469727,18.954082489013672,62.68119059826461,0.018696854231825544,1.464800860132372,75.94942576689961,0.7357782151335538,-1.7128024234280483,-0.015048649910362422
2020-07-01,22.487499237060547,22.725000381469727,22.487499237060547,22.625,19.080585479736328,64.99714976480631,0.04022996334449669,1.4919398200925207,89.99996185302734,0.8343504117188234,-1.8527891248828117,-0.007500521134682248
2020-07-02,22.662500381469727,22.875,22.649999618530273,22.875,19.291419982910156,68.50521267792645,0.02924637167925459,1.5848651441492052,100.0,1.0266943431865294,-2.0365029662794987,0.008489714920956792
2020-07-03,23.024999618530273,23.1875,23.024999618530273,23.137500762939453,19.51279640197754,71.71114062191057,0.039887622518350874,1.731772576637012,96.58124785627,1.1314989648166844,-1.8946185001780191,0.029586476339117707
2020-07-06,23.299999237060547,23.575000762939453,23.299999237060547,23.537500381469727,19.850133895874023,75.76026313645255,0.05905518141094923,1.9666170588124736,97.9729527709646,1.2030460194568042,-1.3954411345938322,0.060110913155465184
2020-07-07,23.75,23.875,23.524999618530273,23.625,19.92392349243164,76.5509172677674,0.06359024788183021,2.1559573692629863,86.39455499860387,1.09857084858718,-1.2197103295810308,0.07798827680732306
2020-07-08,23.625,23.850000381469727,23.600000381469727,23.787500381469727,20.060972213745117,77.98707125004992,0.06850115406808999,2.333651394086443,95.1389080212521,1.0537349474947333,-1.155966726962551,0.0908608375694469
2020-07-09,23.924999237060547,23.962499618530273,23.787500381469727,23.862499237060547,20.124217987060547,78.63730918906337,0.06707678080159352,2.46945248499814,94.66664632161458,0.9926772680373509,-1.0974337163091787,0.09500466198120922
2020-07-10,23.887500762939453,23.924999237060547,23.649999618530273,23.662500381469727,19.955549240112305,72.48771206980958,0.05166641972712549,2.4763884074861973,83.33336865461928,0.8664533281662196,-1.1728164222133945,0.07844347969853971
2020-07-13,23.850000381469727,24.024999618530273,23.8125,24.012500762939453,20.250720977783203,76.02167294121102,0.07800228409717658,2.5724137841059798,99.32892023029515,0.9313730914877337,-1.0229912577061058,0.07919539243847928
2020-07-14,23.950000762939453,24.162500381469727,23.924999237060547,24.162500381469727,20.377220153808594,77.36363233847804,0.07508343733440093,2.667280816577743,100.0,0.9226012860278052,-0.9349354780148244,0.07981461006658669
2020-07-15,24.325000762939453,24.487499237060547,24.174999237060547,24.262500762939453,20.46155548095703,78.23806142846485,0.07237566177868593,2.7428174656507833,90.32264151098182,0.909121134546634,-1.025243116998377,0.07744548458399425
2020-07-16,24.25,24.25,23.962499618530273,24.024999618530273,20.26125717163086,71.2029898419664,0.05027298092000798,2.6883748485401076,80.1075334975705,0.7984879917199866,-1.1338112905623143,0.05498634935732194
2020-07-17,24.262500762939453,24.424999237060547,24.174999237060547,24.299999237060547,20.493181228637695,74.10632595450966,0.05024317409270962,2.706735931872687,91.228065478979,0.8472432979968152,-1.0462994347094594,0.048570626868101874
2020-07-20,24.299999237060547,24.337499618530273,24.0625,24.262500762939453,20.46155548095703,73.02513606245151,0.030801887195838873,2.6761329884253997,88.75007629394531,0.8037439135947102,-1.1135895646238747,0.03561709232630772
2020-07-21,24.287500381469727,24.774999618530273,24.274999618530273,24.674999237060547,20.96061897277832,78.38448431086285,0.05203269731187654,2.8180153121545337,95.29409969554227,0.9353739401052203,-0.8420504343280515,0.05303099845398762
2020-07-22,24.637500762939453,24.8125,24.587499618530273,24.737499237060547,21.013708114624023,78.86552170149452,0.04749201039350037,2.914848286464519,95.80415401770233,0.906955142152008,-0.815506578194467,0.05998385283328678
2020-07-23,24.712499618530273,24.725000381469727,24.524999618530273,24.712499618530273,20.992467880249023,78.11650018373234,0.04314452833629323,2.9465395110090165,93.38840786596485,0.8617907511772243,-0.8235217621312784,0.055135200047822686
2020-07-24,24.75,25.024999618530273,24.5625,24.625,20.91814422607422,75.4173274112054,0.0482369577694719,2.906880824695105,73.33335876464844,0.8059479650562172,-0.8167096898000629,0.0396304414830162
2020-07-27,25.450000762939453,25.887500762939453,25.450000762939453,25.825000762939453,21.9375057220459,83.72392844600103,0.08329504643875363,3.2355701818049822,97.26776001847732,1.083218397933106,-0.49860625157373106,0.08796553276501973
2020-07-28,26.8125,27.174999237060547,25.825000762939453,25.899999618530273,22.00121307373047,84.0858575488209,0.07969648988742684,3.4737794530853945,63.82979414159833,1.0279743633142508,-0.485741048177083,0.11259229364379841
2020-07-29,25.700000762939453,25.950000762939453,25.524999618530273,25.637500762939453,21.778228759765625,77.58292140192742,0.0643486405534508,3.530621815798643,56.383017290590686,0.9137577103792653,-0.5746565596148717,0.10251554388342043
2020-07-30,26.049999237060547,26.25,25.825000762939453,26.012500762939453,22.096784591674805,79.96654814315801,0.09059296787437199,3.6518789671332685,65.42754682861029,0.9619170834315068,-0.6056662920909366,0.10554171915851207
2020-07-31,25.975000381469727,26.075000762939453,25.862499237060547,25.950000762939453,22.043689727783203,78.46890459660744,0.07565972709882574,3.681206713499243,62.3077392578125,0.8998298211639303,-0.7062089056199592,0.09266348680248426
2020-08-03,25.862499237060547,25.875,25.5,25.5,21.661428451538086,68.51930635314628,0.05864035956101876,3.51673124294754,47.85993973668196,0.7515392330220986,-0.8925674963721181,0.04927394780926142
2020-08-04,25.637500762939453,25.837499618530273,25.637500762939453,25.825000762939453,21.9375057220459,71.34522697041064,0.0466058159129874,3.4497412420191034,57.97669620459842,0.80909731600184,-0.8470336200314883,0.03093638701065493
2020-08-05,26.024999618530273,26.125,25.9375,26.075000762939453,22.149873733520508,73.32860087406858,0.054067830993892674,3.43500902606703,64.65867489946969,0.8402450284278116,-0.8075676730073614,0.025125919686570186
2020-08-06,26.362499237060547,26.487499237060547,26.212499618530273,26.350000381469727,22.383474349975586,75.34975068515736,0.06626216972971077,3.468250187106879,73.49400617460226,0.8715903846599974,-0.741297987408792,0.028769534353859094
2020-08-07,26.387500762939453,26.387500762939453,26.075000762939453,26.162500381469727,22.224199295043945,71.3780557468764,0.062436469261061056,3.3936930537902144,65.0862417663366,0.7954103903726072,-0.854357194151968,0.013009801048715741
2020-08-10,26.024999618530273,26.462499618530273,26.024999618530273,26.399999618530273,22.425947189331055,73.29798006664261,0.022265132302361046,3.3688361355117635,70.75472716633449,0.8281332314708222,-0.8432467839167663,0.008924565636859061
2020-08-11,26.350000381469727,26.412500381469727,26.1875,26.200000762939453,22.25605583190918,69.09480633343456,0.011583123045292076,3.2472341871619306,63.207599453850435,0.7481689372009241,-0.9131887904291168,-0.011366655594629238
2020-08-12,26.0,26.0,25.75,25.8125,21.926883697509766,61.710938012657586,0.006825850687121715,2.994323633791471,47.846903925087354,0.6182150714346811,-1.015654836650785,-0.05089079559957188
2020-08-13,26.174999237060547,26.225000381469727,26.012500762939453,26.0625,22.139253616333008,64.35738228236109,0.001921954956025873,2.8392869035109163,35.507233556981674,0.6772065230817179,-0.9999106361752275,-0.06572189664554251
2020-08-14,25.950000762939453,26.125,25.875,26.125,22.192344665527344,65.00850598020801,0.0067436504314783985,2.704330433466653,37.31344983158388,0.6811057375873276,-0.9828532667911066,-0.07431342029023047
2020-08-17,26.125,26.424999237060547,26.0625,26.399999618530273,22.425947189331055,67.79618128816095,0.03529401301965773,2.651951988287583,91.13927229040395,0.7746065380132126,-1.0196043698020631,-0.06685451991547442
2020-08-18,26.424999237060547,26.475000381469727,26.162500381469727,26.25,22.29852867126465,64.76534759998279,0.016456882281559615,2.5337420255573155,75.94942576689961,0.6936077439079356,-1.2221778368935974,-0.07261367710360755
2020-08-19,26.25,26.362499237060547,26.024999618530273,26.0625,22.139253616333008,61.088974294982336,-0.0004794662631159019,2.3543231295324376,56.9620693251747,0.5871828557396404,-1.282281639859417,-0.08822326066118369
2020-08-20,25.950000762939453,25.950000762939453,24.674999237060547,25.149999618530273,21.364112854003906,47.081876457252264,-0.045540807474010014,1.9061710571425579,26.206917598329742,0.057683890958426576,-1.6062633799176762,-0.14829065248369155
2020-08-21,25.537500381469727,25.75,25.424999237060547,25.700000762939453,21.83131980895996,53.93749009860809,-0.01767800409221476,1.7030622147720023,56.551808324353445,0.28572222362577926,-1.5194717712402337,-0.1534527919403248
2020-08-24,25.712499618530273,25.887500762939453,25.575000762939453,25.774999618530273,21.89503288269043,54.79750941232554,-0.02367410848506779,1.5477645448702873,60.6896762190194,0.3479093570926635,-1.4939865417480462,-0.1493310619365732
2020-08-25,25.862499237060547,26.087499618530273,25.837499618530273,25.975000381469727,22.064926147460938,57.09774849653209,-0.008587760827514335,1.4702472020166062,71.7242010708513,0.502967590696464,-1.8220403252963353,-0.13248992287851274
2020-08-26,26.0,26.087499618530273,25.899999618530273,26.075000762939453,22.149873733520508,58.24197019005599,0.010169709434636465,1.4234775011253267,77.77781309902629,0.5667384547585784,-1.7751726916082966,-0.11367840841174653
2020-08-27,26.274999618530273,26.424999237060547,26.112499237060547,26.137500762939453,22.20296287536621,58.97831783945792,0.002877660653663794,1.3896561798897324,81.25003311367048,0.6119709156378914,-1.7458821305899777,-0.09639206687926616
2020-08-28,25.962499618530273,26.0625,25.75,25.875,21.979976654052734,54.62155452626161,-0.009569426515103285,1.2663271953076691,66.66666666666666,0.40255687258092315,-1.8689090113146543,-0.09836664047784166
2020-08-31,26.024999618530273,26.0625,25.450000762939453,25.450000762939453,21.618953704833984,48.3890812287312,-0.03598481159721045,1.0242321568367614,43.055612952584404,0.06738909812500515,-2.0680940867456887,-0.12089505614854079
2020-09-01,25.612499237060547,25.837499618530273,25.462499618530273,25.837499618530273,21.948122024536133,53.58887770357101,-0.015714339358187,0.9425613726472352,64.58331346513104,0.37540786877447047,-1.8864839793238137,-0.11080330640265845
2020-09-02,25.912500381469727,26.012500762939453,25.575000762939453,25.75,21.873794555664062,52.307363045585184,-0.011990425028290286,0.840807841320328,59.722226637378284,0.3208603552548461,-1.9274922380118527,-0.10629251056736555
2020-09-03,25.924999237060547,26.075000762939453,25.799999237060547,25.825000762939453,21.9375057220459,53.33743698829788,0.026839067550353812,0.774697642040927,63.88893304044954,0.39705305910743643,-1.9028287636468058,-0.09646464654277731
2020-09-04,25.5,25.674999237060547,25.475000381469727,25.637500762939453,21.778228759765625,50.406377423008564,-0.0024318753817414995,0.6561127931532457,53.47227299651697,0.26814723792255984,-1.9913159086550125,-0.09783005904583864
2020-09-07,25.637500762939453,25.762500762939453,25.475000381469727,25.600000381469727,21.746374130249023,49.81675738484502,-0.006789610832643733,0.5441179644872152,52.857208251953125,0.25995549260847695,-2.009012913801672,-0.09778485315825244
2020-09-08,25.6875,25.774999618530273,25.612499237060547,25.75,21.873794555664062,52.22414694885669,-0.008662235736459412,0.4966323515806291,61.42861502511161,0.4025563936248518,-1.9382238335775797,-0.086470435388597
2020-09-09,25.4375,25.587499618530273,25.287500381469727,25.575000762939453,21.72513771057129,49.255407301627876,-0.019175550527244956,0.3995469588365196,25.274784238828797,0.2668896863570887,-2.0208109172327777,-0.08610733723139569
2020-09-10,25.700000762939453,25.837499618530273,25.649999618530273,25.799999237060547,21.91626739501953,52.95806725473258,-0.01291248748899021,0.38868273561415106,45.05488977609801,0.46783736426138145,-1.9146278267153674,-0.0707467096990618
2020-09-11,25.799999237060547,25.837499618530273,25.700000762939453,25.8125,21.926883697509766,53.16249865409821,-0.00241551469224055,0.37959657590604906,46.1538590522438,0.4917313949490026,-1.90872988463727,-0.05814984704469159
2020-09-14,25.875,26.137500762939453,25.8125,26.137500762939453,22.20296287536621,58.244358225013166,0.027013757395744964,0.46868429313547644,74.7253834403406,0.8154907099124152,-1.7553526611205241,-0.030871851228368358
2020-09-15,26.112499237060547,26.299999237060547,26.0625,26.237499237060547,22.28791046142578,59.69348462168108,0.015481435564728141,0.5637147777622771,83.5164669328294,0.9138082396677835,-1.7460507289341527,-0.00794917165893258
2020-09-16,26.637500762939453,26.75,26.587499618530273,26.637500762939453,22.627695083618164,64.93547716489815,0.03446592341514365,0.7543427813792256,92.30774246809021,1.13543624776757,-1.3686522412946804,0.027323257392867895
2020-09-17,26.512500762939453,26.587499618530273,26.274999618530273,26.350000381469727,22.383474349975586,58.99650953736101,0.020329048962093976,0.8060936324229379,72.64959159905631,0.8898023491193022,-2.3676593428807298,0.03115509845306902
2020-09-18,26.350000381469727,26.424999237060547,26.212499618530273,26.325000762939453,22.36223793029785,58.49551276804914,0.02681619230720722,0.8295181160754573,70.9402155271913,0.8288451970784444,-2.3821799755076807,0.029239045839173028
2020-09-21,26.299999237060547,26.475000381469727,26.087499618530273,26.112499237060547,22.181726455688477,54.276339545358056,0.020019536260708515,0.7732691464248863,56.41019287375239,0.6385942440358134,-2.5056066570071116,0.013589563859616849
2020-09-22,26.075000762939453,26.075000762939453,25.737499237060547,25.774999618530273,21.89503288269043,48.315723865339514,0.0009709484548883207,0.617072122128524,33.33328986098849,0.3685946983468402,-2.7016365016412984,-0.016654660704032764
2020-09-23,25.875,25.875,25.600000381469727,25.737499237060547,21.863174438476562,47.688980282335315,0.006353779190918729,0.4761002759105724,30.769160544673703,0.3522266992383222,-2.7234200589224162,-0.03816019302608281
2020-09-24,25.387500762939453,25.450000762939453,25.0625,25.112499237060547,21.332258224487305,38.68339242236105,-0.026647291712864507,0.1677106822851444,2.962917751736111,-0.03940943580908398,-2.592513644748265,-0.08482285298537079
2020-09-25,25.1875,25.362499237060547,25.012500762939453,25.162500381469727,21.374731063842773,39.664989849190455,-0.02518153702478476,-0.06130184373659626,8.633075360886986,0.06396242623696263,-2.4756813216971296,-0.10802170114873673
2020-09-28,25.337499618530273,25.575000762939453,25.25,25.575000762939453,21.72513771057129,47.17802849545788,-0.02152078384660361,-0.11265508813768747,32.37411493495801,0.32632575435451305,-2.2740083429386906,-0.09539994518850141
2020-09-29,25.6875,25.8125,25.537500381469727,25.637500762939453,21.778228759765625,48.22989098504547,-0.022868079201155966,-0.13226659622538514,35.97123881662001,0.3751637787504068,-2.2434523299851805,-0.07974473290659118
2020-09-30,25.6875,25.862499237060547,25.649999618530273,25.75,21.873794555664062,50.154046312318464,-0.033317601513019546,-0.11123838304621943,42.446017893407976,0.449080389435043,-2.1884504089137717,-0.06011648758399768
2020-10-05,25.862499237060547,26.012500762939453,25.75,25.762500762939453,21.884416580200195,50.37482269939109,-0.022295813508323215,-0.08961844213349932,43.165486579944016,0.45937894882892844,-2.182337010812888,-0.044310862584578635
2020-10-06,26.0,26.087499618530273,25.962499618530273,26.0625,22.139253616333008,55.47058993828755,-0.00997146683886807,0.021259319531097654,60.43163730171799,0.6420618638056967,-2.0356681486360397,-0.01604351399899244
2020-10-07,26.0,26.25,25.875,26.200000762939453,22.25605583190918,57.618692818458356,0.003350928358493155,0.15019926453492197,68.34535375157802,0.7106877856772515,-1.9684438223832268,0.009780287024527521
2020-10-08,26.362499237060547,26.587499618530273,26.325000762939453,26.549999237060547,22.553367614746094,62.5685282783916,0.03006776630950503,0.35696554304413913,97.61902166870723,0.8851329282059534,-1.7973290520884795,0.044216201080901144
2020-10-12,26.674999237060547,26.924999237060547,26.674999237060547,26.762500762939453,22.7338809967041,65.22420636491802,0.039825257794915636,0.5792005835889016,91.50334097935574,0.9430038409428855,-1.5734361224693332,0.07469025447641778
2020-10-13,26.837499618530273,26.899999618530273,26.549999237060547,26.774999618530273,22.74449920654297,65.37980101881018,0.06620213233845784,0.7494659246301901,92.1568764336292,0.8941343149725864,-1.5678841128951835,0.09007104295194399
2020-10-14,26.762500762939453,26.799999237060547,26.612499237060547,26.674999237060547,22.6595516204834,62.95308444478616,0.06010932033732175,0.8430784487696689,86.92809414580633,0.8070949405964155,-1.612301186795652,0.08888130307181805
2020-10-15,26.625,26.625,26.274999618530273,26.424999237060547,22.44718360900879,57.23369118239508,0.03323550386914964,0.8304627512309947,73.85618829161264,0.6714096499746395,-1.7233433728931888,0.06903359283214097
2020-10-16,26.424999237060547,26.575000762939453,26.274999618530273,26.3125,22.35161781311035,54.82006208515252,0.02632854396331985,0.7768721832117771,67.9738705495163,0.6131011392661811,-1.7733124563678073,0.04582858100827364
2020-10-19,26.412500381469727,26.649999618530273,26.399999618530273,26.649999618530273,22.638315200805664,60.23754890061184,0.03495144124153038,0.8283654081995542,85.62092350653236,0.7801738739726479,-1.6234052059439517,0.04602641339161048
2020-10-20,26.600000381469727,26.612499237060547,26.5,26.5,22.510892868041992,56.96798670040076,0.028626593062051287,0.813586545035614,74.62689966316776,0.6999067975543428,-1.69003131544829,0.03434926782833139
2020-10-21,26.5,26.637500762939453,26.412500381469727,26.487499237060547,22.500276565551758,56.69189351285001,0.016306916008785866,0.7888665708361078,68.46844246125845,0.6878660611300891,-1.6955823277151694,0.02321725045300599
2020-10-22,26.424999237060547,26.524999618530273,26.375,26.524999618530273,22.53213119506836,57.35966729122134,0.012404505328539095,0.77178099823713,68.62747151317866,0.6928181497743632,-1.67892629899272,0.01566794646129019
2020-10-23,26.625,26.662500381469727,26.412500381469727,26.524999618530273,22.53213119506836,57.35966729122134,-0.0009416074814410091,0.7495256422714665,65.9574571698499,0.674645181169427,-1.67892629899272,0.008691366342794882
2020-10-26,26.524999618530273,26.649999618530273,26.450000762939453,26.524999618530273,22.53213119506836,57.35966729122135,-0.008874410914044617,0.7234887160822451,61.90477055487536,0.656976983518586,-1.67892629899272,0.002419672928615918
2020-10-27,26.4375,26.4375,26.287500381469727,26.375,22.404712677001953,53.25713501321009,-0.014939283844212725,0.6495265322071828,47.61908221950147,0.562417377451999,-1.7455504138825175,-0.01121850569712829
2020-10-28,26.375,26.375,26.200000762939453,26.25,22.29852867126465,50.04483650272682,-0.015932484246175438,0.5464191653892434,6.896461005819399,0.45551015493996716,-2.144073237665997,-0.027378212468464502
2020-10-29,26.0,26.024999618530273,25.8125,25.962499618530273,22.05430793762207,43.54002285359822,-0.017502225590075526,0.3723705979704521,13.483121024568382,0.22595206419844205,-2.8924110391243913,-0.05301802671142594
2020-10-30,25.887500762939453,25.899999618530273,25.674999237060547,25.75,21.873794555664062,39.45760154489489,-0.021377569240917382,0.1670268130290932,6.122509353790485,0.05068843825622064,-3.3437303471973925,-0.07906921406716252
2020-11-02,25.787500381469727,25.862499237060547,25.575000762939453,25.850000381469727,21.958742141723633,42.20393799152593,-0.03001871177488713,0.03431912928986939,22.448976414242384,0.11249676288445286,-3.0607131174871585,-0.08689128228505595
2020-11-03,26.049999237060547,26.212499618530273,26.012500762939453,26.149999618530273,22.213581085205078,49.59144348568796,-0.013207462919385016,0.021252992956267244,52.873476532149574,0.31639259133455994,-2.8719433163602672,-0.0718375337006312
2020-11-04,26.25,26.549999237060547,26.174999237060547,26.537500381469727,22.542753219604492,57.20123497265254,0.0018878280864229602,0.12874273892675173,88.50574309451858,0.6290675908951551,-2.6281118300960187,-0.03832730583963022
2020-11-05,26.549999237060547,26.600000381469727,26.387500762939453,26.512500762939453,22.521512985229492,56.607404252444496,-0.00047124747086468854,0.20371576619932402,86.20692679111062,0.59444221651004,-2.6438453548237617,-0.017280718912161624
2020-11-06,26.587499618530273,26.762500762939453,26.575000762939453,26.674999237060547,22.6595516204834,59.54666189110347,0.005655054300541584,0.3092606648662651,92.63145045230263,0.7279593825509779,-2.5415943983226628,0.00505479408361087
2020-11-09,26.9375,27.100000381469727,26.8125,27.024999618530273,22.956865310668945,65.03951961908291,0.018850152785083507,0.4938953504951322,95.08191595406853,0.9825782923368432,-2.098810562086402,0.037180357481391105
2020-11-10,27.0,27.0,26.700000762939453,26.774999618530273,22.74449920654297,58.88872643839882,0.01516585079396271,0.5569364670966707,78.688469230394,0.7817139122307885,-2.238067058642543,0.04114674436453192
2020-11-11,26.774999618530273,27.1875,26.774999618530273,27.1875,23.094905853271484,64.80334811982428,0.03571433764744758,0.723664181382927,100.0,1.0247130132339053,-1.9200440825441736,0.0630766408538788
2020-11-12,27.25,27.350000381469727,27.174999237060547,27.200000762939453,23.105520248413086,64.96776314661388,0.047664715381876555,0.848965562565241,91.54931544974217,0.9568871514411388,-1.7732569269007143,0.07328760363875218
2020-11-13,27.149999618530273,27.325000762939453,27.112499237060547,27.3125,23.201086044311523,66.48572847543366,0.060679526145762885,0.9703289320807564,97.88730199836452,0.9522952066541203,-1.7194170303166423,0.0808724529302269
2020-11-16,27.600000381469727,28.200000762939453,27.600000381469727,28.200000762939453,23.954994201660156,75.50349147816902,0.09090921725172318,1.3166367245264032,100.0,1.1986335370980656,-0.999145356677827,0.12824324164799702
2020-11-17,28.75,28.9375,28.350000381469727,28.399999618530273,24.124887466430664,77.00505533239601,0.08604224478234057,1.6284395548973767,84.01485491667792,1.1103711937132874,-0.8132605577797714,0.160505073027619
2020-11-18,28.399999618530273,28.737499237060547,28.287500381469727,28.587499618530273,24.28415870666504,78.34516511138138,0.07724901524211858,1.9054894228206307,89.59106436033893,1.0494625005875537,-0.7658936354385167,0.18056198782658778
2020-11-19,28.612499237060547,28.637500762939453,28.450000762939453,28.537500381469727,24.24168586730957,77.05551952306243,0.07637909953954858,2.0830652930401308,88.10409786501697,0.9557541586235228,-0.7785249659938801,0.1786313076024258
2020-11-20,28.537500381469727,28.537500381469727,28.337499618530273,28.5,24.2098331451416,76.04453127827078,0.06841624894540299,2.185260347348707,85.04273114137077,0.890334268925198,-0.7879978966690447,0.1632910524208649
2020-11-23,28.662500381469727,28.962499618530273,28.662500381469727,28.862499237060547,24.517763137817383,78.9234651270597,0.06799263775891151,2.3424893212163935,96.41254285974301,0.9208115303840794,-0.6940997733703077,0.1616620626959373
2020-11-24,28.987499237060547,28.987499237060547,28.6875,28.725000381469727,24.400959014892578,75.23020317322697,0.07282902970548122,2.397289754081585,89.90388424441073,0.8446004963992675,-0.7260416917253733,0.14123842331797942
2020-11-25,28.924999237060547,28.924999237060547,28.475000381469727,28.487499237060547,24.19921112060547,69.20620892860026,0.04781596748434258,2.3439014251675614,79.27459829038206,0.761294472740829,-0.7851619802228123,0.10436247859449288
2020-11-26,28.512500762939453,28.75,28.512500762939453,28.712499618530273,24.390344619750977,71.53195571618285,0.05560681419524127,2.3384436274568854,87.9781507335897,0.7849376521553547,-0.7291521385789314,0.08394255505878107
2020-11-27,28.625,28.712499618530273,28.524999618530273,28.662500381469727,24.347869873046875,70.26197164513181,0.0494280236082536,2.2923899077356076,85.79239027839387,0.7517806878241154,-0.7415989563654334,0.059807738370049435
2020-11-30,28.700000762939453,28.787500381469727,28.325000762939453,28.325000762939453,24.061172485351562,62.23076278062448,0.004432406987769033,2.134270610218724,70.05656097870062,0.6500110339738655,-1.0379090011514618,0.018887653261116577
2020-12-01,28.450000762939453,28.575000762939453,28.337499618530273,28.575000762939453,24.273544311523438,65.38692036295973,0.006161970508655301,2.0565199890042223,78.00008138020833,0.6990515701030251,-1.0580728624131943,0.0013983680996936254
2020-12-02,28.75,28.887500762939453,28.625,28.850000381469727,24.50714683532715,68.5046092697393,0.009182452287338494,2.0491728677690295,92.66672770182292,0.7563040983795705,-1.1052134735186496,0.0008635780035040619
2020-12-03,28.862499237060547,29.024999618530273,28.75,28.850000381469727,24.50714683532715,68.5046092697393,0.010950598463762784,2.0193101935293796,87.71934521021001,0.737966594362618,-1.226022405518079,-0.00392636406842789
2020-12-04,28.975000381469727,29.362499237060547,28.975000381469727,29.325000762939453,24.91064453125,73.31887040653072,0.028947386043800094,2.1050846505511007,96.51176613574304,0.8669255864688433,-1.054059063725898,0.014626973003190935
2020-12-07,29.625,29.6875,29.375,29.600000381469727,25.144245147705078,75.64038135883874,0.025552168293908384,2.2232029529801403,93.75002554485472,0.9178096972796159,-0.9027551506406777,0.035963056089004075
2020-12-08,29.612499237060547,30.012500762939453,29.487499237060547,30.012500762939453,25.494653701782227,78.6423453755285,0.0448217910706763,2.40236962177353,100.0,1.0158159829501325,-0.7774735024446456,0.06529728034920323
2020-12-09,30.0,30.049999237060547,29.875,30.012500762939453,25.494653701782227,78.6423453755285,0.05353243023999643,2.5124855970738245,97.82617349037369,0.96839063438222,-0.9327559269032581,0.0755957550264047
2020-12-10,29.787500381469727,29.787500381469727,29.512500762939453,29.649999618530273,25.186716079711914,69.86699472835267,0.03265109502864694,2.468806612841741,76.81159580537728,0.8253298194138179,-1.0375857556931518,0.05359896992948654
2020-12-11,29.700000762939453,29.787500381469727,29.3125,29.6875,25.218570709228516,70.23697585341455,0.03576086288950919,2.415842033192438,78.98553288603665,0.8329565988899339,-1.3540125651515567,0.03407583427724137
2020-12-14,29.662500381469727,29.662500381469727,29.5,29.5625,25.11239242553711,67.27201225612365,0.043689472773013494,2.312038325155527,71.73914966452749,0.752835809351433,-2.183480861029136,0.00823996543567107
2020-12-15,29.487499237060547,29.5,29.1875,29.262500762939453,24.85755157470703,60.65395232305362,0.02405941446739379,2.1223066665839356,54.34787416131871,0.6024331879105463,-2.32807150857577,-0.029704321614502427
2020-12-16,29.475000381469727,29.825000762939453,29.462499618530273,29.8125,25.32475471496582,67.0532245224635,0.03336201823625129,2.0991583669897116,86.23191610754581,0.8179448818495982,-2.121274609794824,-0.02710196554925215
2020-12-17,29.787500381469727,29.787500381469727,29.5,29.649999618530273,25.186716079711914,63.75396660519674,0.027729431294105655,2.0123287470051925,76.81159580537728,0.7219668398689448,-2.2012970778287384,-0.03778552419982406
2020-12-18,29.637500762939453,29.674999237060547,29.5,29.549999237060547,25.101770401000977,61.74073512183986,0.007672457832683222,1.8939566652571067,70.80291320420162,0.6579191888871888,-2.2505409931047904,-0.052761997700510044
2020-12-21,29.5625,29.850000381469727,29.375,29.837499618530273,25.34599494934082,65.14829316891151,0.00802369689169824,1.8573679077407066,85.08773808408401,0.7630553435386884,-2.1089614195551505,-0.048516965419178604
2020-12-22,29.762500762939453,29.875,29.462499618530273,29.5,25.05929946899414,58.55521211567028,-0.017076295206067127,1.7158226893316193,57.692341550587315,0.5945189270782634,-2.2751618450324855,-0.06621829322951389
2020-12-23,29.462499618530273,29.575000762939453,29.375,29.537500381469727,25.091154098510742,59.051078013036545,-0.015826832087673215,1.5955016987710882,52.32563709947854,0.5932323005986729,-2.2566953768039664,-0.0762671928145972
2020-12-24,29.600000381469727,29.712499618530273,29.549999237060547,29.700000762939453,25.22919273376465,61.21655458635294,0.0016864705155805737,1.5269522135330758,59.42043087320156,0.6544407954924117,-2.176672908770052,-0.07404267517834418
2020-12-25,29.774999618530273,29.899999618530273,29.649999618530273,29.737499237060547,25.261043548583984,61.71958269513116,0.0016841889988605807,1.4658062583539193,63.768083892454186,0.6545991224058542,-2.1582086519621932,-0.07084993068569673
2020-12-28,29.762500762939453,30.0,29.762500762939453,30.0,25.484027862548828,65.12949029515865,0.014798886171984105,1.4717956480623133,94.2029818796191,0.7949499014275503,-2.0482612505749898,-0.054858514582938056
2020-12-29,30.012500762939453,30.049999237060547,29.837499618530273,29.975000381469727,25.46279525756836,64.5399570922973,0.024348483439421864,1.452553212748478,91.30447281942867,0.7767263603855771,-2.6010922354137938,-0.047143755103464524
2020-12-30,30.0,30.399999618530273,29.975000381469727,30.399999618530273,25.823816299438477,69.58168756936774,0.01970647258343372,1.5346073551980997,100.0,1.04485214089283,-2.155445077016444,-0.02051907920806728
2020-12-31,30.537500381469727,30.600000381469727,30.424999237060547,30.5625,25.96185874938965,71.26409096171298,0.030775852922807934,1.6238635426907744,97.34510645365583,1.1134272758425283,-2.236241004356972,0.002379050759725887
2021-01-04,30.549999237060547,31.125,30.5,31.087499618530273,26.407827377319336,75.90137427400003,0.052030472570423925,1.813702441456597,98.06449644027218,1.2299551288144401,-1.8166697407384067,0.041386803093988955
2021-01-05,31.049999237060547,31.162500381469727,30.9375,31.149999618530273,26.460920333862305,76.38986292974649,0.043988227203149544,1.9560997695410551,99.30065676801844,1.1008202716058602,-1.7625463997473607,0.06328016738305292
2021-01-06,31.524999618530273,31.787500381469727,31.024999618530273,31.487499237060547,26.747615814208984,78.87949476323752,0.06737284684688793,2.132100202571569,87.5647213690215,1.1025369237107316,-1.320416856851305,0.08806261750241112
2021-01-07,31.637500762939453,32.25,31.637500762939453,32.224998474121094,27.374095916748047,83.07850140157989,0.09098592313746168,2.435329159518505,99.13038170855978,1.1673685407278591,-0.9741319455516585,0.13484030193395302
2021-01-08,32.650001525878906,32.8125,32.38750076293945,32.79999923706055,27.862539291381836,85.49912895793254,0.10437696463006274,2.7886994935675853,99.63634144176137,1.142864284679864,-0.7475064023774247,0.18383549978006564
2021-01-11,32.79999923706055,33.07500076293945,32.625,33.07500076293945,28.096147537231445,86.4942298885145,0.11223225925701641,3.0977143904108,100.0,1.0706209846549808,-0.6627336973853994,0.21497020197446592
2021-01-12,33.07500076293945,33.287498474121094,32.900001525878906,33.025001525878906,28.053672790527344,85.34742176431465,0.10083354726490668,3.2857942630637758,93.29081020789012,0.9748905523127661,-0.6585433247425081,0.21516922679411377
2021-01-13,33.1875,33.86249923706055,33.17499923706055,33.82500076293945,28.733245849609375,88.07231670712638,0.12844036010024995,3.5915870057046426,99.13047016530797,1.0272421624010286,-0.5250093057377307,0.2415569250868317
2021-01-14,33.75,33.76250076293945,33.337501525878906,33.51250076293945,28.467784881591797,81.68215150136503,0.1023848896497459,3.7055701469180384,91.69143012900244,0.9110931052084048,-0.5841649632641404,0.22211546887353273
2021-01-15,34.287498474121094,34.5,33.599998474121094,33.625,28.5633544921875,82.18334189467932,0.10020452572021687,3.7761959117471005,81.53034003351297,0.8795299788580049,-0.540369855182927,0.19750222174525345
2021-01-18,33.650001525878906,33.73749923706055,33.025001525878906,33.599998474121094,28.5421142578125,81.64865262440838,0.08082023749997025,3.778684106130068,80.69701979101596,0.8365291393441263,-0.5445142911585368,0.16303298442074388
2021-01-19,33.79999923706055,34.525001525878906,33.79999923706055,34.48749923706055,29.296016693115234,85.30351934151875,0.10714277218940227,3.9508090837611936,99.17577407943203,0.9148871168120885,-0.39733655989961775,0.17328934691630482
2021-01-20,34.525001525878906,34.875,34.412498474121094,34.54999923706055,29.3491153717041,85.52222432627367,0.09726098862662513,4.0501169458589255,92.69661332092056,0.8789181099148135,-0.3867062960537995,0.1659225734078026
2021-01-21,34.599998474121094,35.8125,34.587501525878906,35.75,30.368467330932617,88.9284828315223,0.10938704325765691,4.3637178822066165,98.82352941176471,0.9782469890551259,-0.25130650791842735,0.2091819940282571
2021-01-22,34.54999923706055,34.75,33.75,34.36249923706055,29.825986862182617,78.362097571035,0.07046908217041414,4.399571598640359,70.2563946063702,0.8535283968806225,-0.3534422340351452,0.18175593711883442
2021-01-25,34.29999923706055,34.32500076293945,33.54999923706055,33.900001525878906,29.424541473388672,71.58370408623716,0.04728028760515701,4.262051921349435,60.05225437634386,0.7652435187787243,-0.4378610466395667,0.12004958229454221
2021-01-26,33.88750076293945,34.150001525878906,32.95000076293945,33.212501525878906,28.827804565429688,62.87700245350534,0.027594667574640575,3.938731170600771,37.72457606599108,0.6479946349669163,-0.5509866089769554,0.02735508414365384
2021-01-27,33.32500076293945,33.599998474121094,33.0625,33.26250076293945,28.87120819091797,63.227344513347965,0.004801488214408289,3.6524614612220145,25.54745094632358,0.6370883062928369,-0.5710864689820165,-0.03911305755131589
2021-01-28,32.5,32.82500076293945,32.349998474121094,32.587501525878906,28.285320281982422,55.599631155310625,-0.0064095116767360905,3.2238117332621865,6.859290890782374,0.5019623484313241,-0.7791561303149971,-0.12572942630486694
2021-01-29,32.900001525878906,32.962501525878906,32.04999923706055,32.04999923706055,27.818777084350586,50.386859271074044,-0.026067575782829255,2.721376898424421,0.0,0.3709497514221385,-0.886700784122243,-0.2125308768064984
2021-02-01,32.04999923706055,32.73749923706055,31.887500762939453,32.6875,28.37211799621582,55.69273807259095,-0.00595597999717723,2.4516451255471905,20.382150129019404,0.4752975372055854,-0.9082322059044478,-0.229327035402629
2021-02-02,33.125,33.76250076293945,33.125,33.61249923706055,29.17500114440918,62.03680311082804,-0.004130785081594146,2.436733813273712,43.94901425287803,0.6688277041781447,-0.7684226269895693,-0.18491686562425058
2021-02-03,33.86249923706055,33.875,33.54999923706055,33.587501525878906,29.15329933166504,61.7793108820869,-0.006671957146205942,2.3902283930425186,43.31212976776507,0.6466973875523695,-0.9770184156257335,-0.15667343235308373
2021-02-04,33.349998474121094,33.63750076293945,33.087501525878906,33.38750076293945,28.97970199584961,59.6465992791082,-0.045730504603650024,2.2776287665612416,38.21656793807068,0.566587258972023,-1.1228405942181807,-0.1493800907477032
2021-02-05,33.70000076293945,34.07500076293945,33.54999923706055,33.70000076293945,29.250944137573242,61.861968596821406,-0.019279922815847894,2.23829058800425,46.178352925168745,0.6499761183397769,-1.0537343026391872,-0.12687110607262886
2021-02-17,34.75,35.212501525878906,34.75,35.13750076293945,30.498672485351562,70.01645386336389,0.03650459644152226,2.5248495827214614,82.80256386581982,1.0379643908547331,-0.7358416681650081,-0.03339897593375951
2021-02-18,35.13750076293945,35.3125,34.900001525878906,35.087501525878906,30.45526695251465,69.46005893719297,0.05645460733546859,2.70422127257347,81.52869770583577,0.956398743498474,-0.746900404795342,0.01733049056536018
2021-02-19,34.88750076293945,34.88750076293945,34.400001525878906,34.712501525878906,30.129776000976562,65.27131399118912,0.043592488465879375,2.7223299078616865,82.48179247373984,0.8102466186796666,-0.8298280518798923,0.020568828985596976
2021-02-22,34.95000076293945,35.1875,34.6875,34.70000076293945,30.118928909301758,65.13035548390764,0.06482545041172227,2.700975597331226,82.11680661318293,0.7767983581958314,-0.8325916426526966,0.013903844880082783
2021-02-23,34.287498474121094,34.67499923706055,34.11249923706055,34.625,30.053821563720703,64.23368446621669,0.08034301696990975,2.634692849764016,79.92700282788861,0.7313372146973879,-0.8491795046238021,-0.0021134127625433985
2021-02-24,34.25,34.54999923706055,34.0625,34.11249923706055,29.608985900878906,58.325396239945626,0.04359448613699035,2.432100663323357,64.96347356943252,0.571922873719191,-0.9625134534922704,-0.04738140035950644
2021-02-25,34.462501525878906,34.537498474121094,34.17499923706055,34.38750076293945,29.847684860229492,60.428758727552406,0.02305685310827199,2.3099576024505906,72.99271698949593,0.6410897529677979,-0.9016984201804807,-0.06488058157690202
2021-02-26,33.662498474121094,33.79999923706055,33.32500076293945,33.349998474121094,28.947153091430664,50.14595104308585,-0.0070711118453227195,1.9448057226435653,42.70067261202682,0.351551465371509,-1.1311333103317567,-0.13661264458170685
2021-03-02,33.875,33.912498474121094,33.36249923706055,33.36249923706055,28.958003997802734,50.25579147358328,-0.0007487308892956124,1.6394694192167638,43.065658472583735,0.37329023824889485,-1.2373277131970741,-0.18010283292682372
2021-03-03,33.4375,33.849998474121094,33.17499923706055,33.849998474121094,29.381145477294922,54.46864742583571,0.004451184177485468,1.4964165088250896,34.26954926534881,0.5252502410519658,-1.1137827281607147,-0.1768898218562296
2021-03-04,33.587501525878906,33.587501525878906,32.92499923706055,33.1875,28.806102752685547,48.46196956368381,-0.055496505084900116,1.2110978803958798,10.994792840035215,0.3394045018046625,-1.2816784515778377,-0.20787119781308072
2021-03-05,32.51250076293945,33.150001525878906,32.375,32.98749923706055,28.632509231567383,46.78467458795011,-0.05985032814814195,0.9262420367490134,20.85103785738032,0.2857402646356519,-1.3323627026105906,-0.2325675273653106
2021-03-08,33.4375,33.45000076293945,32.875,32.962501525878906,28.610811233520508,46.56772230781207,-0.05041407434980005,0.6862820730237885,20.00005194481383,0.2855774781566397,-1.3386978859332874,-0.24180620332361308
2021-03-09,32.63750076293945,32.900001525878906,32.4375,32.837501525878906,28.502315521240234,45.43320385977409,-0.05367433194353266,0.4604074630615681,15.744732795877658,0.24121508436450875,-1.3703754732174784,-0.24586011691118625
2021-03-10,33.07500076293945,33.150001525878906,32.849998474121094,32.974998474121094,28.621658325195312,46.96382294039339,-0.04765328214546327,0.31075030610517407,20.425479970079788,0.2460885666190063,-1.3355308511621748,-0.23135132226863764
2021-03-11,33.01250076293945,33.73749923706055,33.01250076293945,33.67499923706055,29.229251861572266,54.03324773994414,-0.012824959307213835,0.3571664848582973,46.222195095486114,0.453358969324714,-1.4528929832945467,-0.17428203915523638
2021-03-12,33.8125,33.912498474121094,33.625,33.8125,29.348594665527344,55.293762015445644,-0.016721236405412454,0.4221317806022896,51.11111111111111,0.49679895771632415,-1.4122656457779246,-0.12429012960487229
2021-03-15,33.8125,33.8125,33.61249923706055,33.724998474121094,29.272645950317383,54.27375606756467,0.011244382404675068,0.4472252279039829,58.69560530143582,0.46449158980024147,-1.4381205275515283,-0.09353460536848629
2021-03-16,33.86249923706055,33.912498474121094,33.6875,33.837501525878906,29.370298385620117,55.41265582406296,0.014237665960977974,0.4884555288263074,67.2414730524429,0.4952476157060392,-1.4048771453208102,-0.06515632603023985
2021-03-17,33.837501525878906,33.849998474121094,33.5,33.54999923706055,29.120750427246094,51.85804746178802,-0.008862658205414653,0.4467639910091913,54.33526317460653,0.39877291981227553,-1.4898296417885628,-0.06176470758928099
2021-03-18,33.775001525878906,34.01250076293945,33.70000076293945,33.724998474121094,29.272645950317383,53.800694394273016,0.016195984636913074,0.45059459096369464,82.44261649672345,0.4817310231865924,-1.4381205275515283,-0.04845207896675943
2021-03-19,33.36249923706055,33.375,33.07500076293945,33.20000076293945,28.816959381103516,47.595669167254115,0.006441983412783792,0.3236405844752364,50.38170250733237,0.29789228900201237,-1.6470811089409734,-0.06828306097308562
2021-03-22,33.099998474121094,33.400001525878906,32.900001525878906,33.349998474121094,28.947153091430664,49.391588538076576,0.011755760966193796,0.2561383281162548,59.54186380779992,0.38008833106258905,-1.6007900119357652,-0.07030310155186492
2021-03-23,33.474998474121094,33.67499923706055,33.400001525878906,33.400001525878906,28.99055290222168,50.00664425539573,0.017129744445415485,0.21223545846356645,62.59548386645887,0.4241996155624241,-1.8534992262796255,-0.06643244414676719
2021-03-24,32.95000076293945,33.11249923706055,32.82500076293945,32.875,28.53486442565918,43.96489511080678,-0.0030324553018553635,0.050147598322241554,30.534336918564698,0.16104059763255418,-2.1475801937340737,-0.09077175318383937
2021-03-25,32.775001525878906,33.13750076293945,32.650001525878906,32.98749923706055,28.632509231567383,45.48480666914449,-0.020415939238917713,-0.050773122278136656,34.92056956430123,0.24930801630095717,-2.112632790367022,-0.09599729128388675
2021-03-26,33.26250076293945,33.599998474121094,33.13750076293945,33.587501525878906,29.15329933166504,52.833205911037815,-0.006654333404648383,0.014220234851545431,73.01593452771648,0.6629927203715561,-2.3494498731540943,-0.061745815338187765
2021-03-29,33.79999923706055,33.974998474121094,33.76250076293945,33.86249923706055,29.391992568969727,55.775589678721836,0.004077069727653093,0.13056079755225192,88.99070753224646,0.8265337526803935,-2.203683078593209,-0.02240846230311566
2021-03-30,33.95000076293945,33.98749923706055,33.79999923706055,33.974998474121094,29.489641189575195,56.958524431019654,0.0040633841164348095,0.24678933067471465,97.24753689409275,0.8601822832272811,-2.1440503609691994,0.009104426400332682
2021-03-31,33.95000076293945,33.95000076293945,33.650001525878906,33.6875,29.240095138549805,53.05301172358357,0.004098270461878162,0.2664522498611207,76.14671963849248,0.683242800133536,-2.296444824943332,0.011883231084537788
2021-04-01,33.92499923706055,34.01250076293945,33.79999923706055,33.9375,29.457094192504883,55.88564946451506,0.0063010444119246944,0.3381677251744008,94.49535376612323,0.8122698514213583,-2.163926380453849,0.0262531334219364
2021-04-07,34.42499923706055,34.48749923706055,34.287498474121094,34.45000076293945,29.901933670043945,61.07109053459616,0.03765054718617855,0.5116886842629365,97.95926417252626,1.033003898336342,-1.618862084686312,0.06161522454064622
2021-04-08,34.337501525878906,34.5625,34.162498474121094,34.5625,29.99957847595215,62.12355049623609,0.03635678372921025,0.6676328105000835,100.0,1.0080579532170453,-1.5292571877872259,0.0859834872580428
2021-04-09,34.712501525878906,34.724998474121094,34.412498474121094,34.48749923706055,29.934480667114258,60.94066570771569,0.03255984003051693,0.7638751042723783,88.55423680204726,0.9215107386622827,-1.690686675932258,0.09160177948424911
2021-04-12,34.51250076293945,34.599998474121094,34.162498474121094,34.287498474121094,29.760883331298828,57.781058883196884,0.042965646773397204,0.7832066421863062,78.91563164125984,0.7898652557872792,-1.7743481656334796,0.07804046796997471
2021-04-13,34.29999923706055,34.70000076293945,34.25,34.287498474121094,29.760883331298828,57.781058883196884,0.03940884435260772,0.7892578445632779,78.91563164125984,0.7649317423358086,-1.7743481656334796,0.06406936516466807
2021-04-14,34.337501525878906,34.474998474121094,34.01250076293945,34.474998474121094,29.923627853393555,60.03399696678458,0.026423373662267435,0.8287492930931605,87.95178950929133,0.828525566960996,-1.6959169552971973,0.060813749568423114
2021-04-15,34.51250076293945,34.76250076293945,34.400001525878906,34.76250076293945,30.173181533813477,63.27065890259903,0.02657829213213958,0.9170989902190759,100.0,0.9110189750548094,-1.554459591280998,0.06984640935620678
2021-04-16,34.724998474121094,34.8125,34.599998474121094,34.8125,30.216569900512695,63.81928663269878,0.02465030707781124,0.9869863528347416,100.0,0.8838007505161274,-1.5072870947597923,0.07279143236211566
2021-04-19,34.8125,34.9375,34.662498474121094,34.875,30.27082633972168,64.53272282320312,0.03525061037893029,1.044537775961266,96.52777630605753,0.8630660729224101,-1.4220772778969202,0.0722941281971026
2021-04-20,34.712501525878906,34.88750076293945,34.70000076293945,34.8125,30.216569900512695,63.19083325699668,0.025782438113025163,1.0628075234474859,90.29125062961097,0.8039203882239232,-1.445795955667768,0.06257549821988173
2021-04-21,34.73749923706055,34.73749923706055,34.5,34.5,29.945331573486328,56.82888182114479,0.0014513410377154923,0.9924078882790968,66.01937720363841,0.6625675115203667,-1.5643701667961853,0.03359668712360503
2021-04-22,34.63750076293945,34.76250076293945,34.42499923706055,34.474998474121094,29.923627853393555,56.340092589048716,-0.002531722991357288,0.9201303914599059,64.07750881455364,0.6341980242392197,-1.5738581381930241,0.009913226806790243
2021-04-23,34.474998474121094,34.787498474121094,34.349998474121094,34.787498474121094,30.19487762451172,60.86993386706861,0.008698896777037834,0.9253215201915503,86.81306151467693,0.7409590935764703,-1.4552789241796098,0.009463329062594228
2021-04-26,35.0,35.337501525878906,34.974998474121094,35.29999923706055,30.63971710205078,66.92971262538734,0.02952982816298677,1.0369032571883212,97.16964020947714,0.9423405148113998,-1.1300128088662802,0.034655883298594814
2021-04-27,35.29999923706055,35.42499923706055,35.20000076293945,35.3125,30.650564193725586,67.06365446785969,0.02989430295205997,1.1146566326657406,92.03544363964373,0.9445408689043063,-1.469186110657145,0.046824626388451474
2021-04-28,35.3125,35.3125,35.04999923706055,35.099998474121094,30.46611976623535,62.43312864898412,0.01812921599946571,1.1135592468197684,76.99107157325037,0.8113392828462277,-2.175738515597296,0.03762262003267991
2021-04-29,35.25,35.5,35.150001525878906,35.150001525878906,30.509521484375,63.079141200182725,0.011146983296561164,1.1112323401594175,76.47067874718866,0.8099862379790322,-2.0795581793362836,0.029963085486006735
2021-05-03,35.099998474121094,35.099998474121094,34.525001525878906,34.5625,29.99957847595215,51.80663003809469,-0.007181206380306726,0.9619600641043404,36.97475759028976,0.45878440345038796,-2.355203276105954,-0.011709591823429455
2021-05-04,34.5625,34.587501525878906,33.75,34.26250076293945,29.739187240600586,47.17109115717548,-0.01756275475121316,0.7651558541920812,29.285757882254465,0.22783414585634262,-2.6738930053710948,-0.05656399777975335
2021-05-05,34.26250076293945,34.32500076293945,33.92499923706055,33.9375,29.457094192504883,42.71228682483218,-0.0251344116988913,0.5272555344264332,10.714285714285714,0.0053079517963099355,-2.8350890328543534,-0.10231734573027801
2021-05-06,34.07500076293945,34.375,33.875,34.23749923706055,29.717485427856445,47.63290468970093,-0.00760873677657381,0.40387014585693315,27.85709926060268,0.22507041853009185,-2.6862940412248895,-0.11138238544897988
2021-05-07,34.537498474121094,34.86249923706055,34.48749923706055,34.849998474121094,30.249120712280273,55.951683644406856,0.010877453111013846,0.44401824775591764,62.8570556640625,0.6236597171733074,-2.382502450125559,-0.07941267545428707
2021-05-10,34.875,34.875,34.525001525878906,34.61249923706055,30.042978286743164,52.47104392444057,-0.005030632667484158,0.4155497038610367,49.285670689174104,0.461613583021343,-2.50029812186105,-0.07030133665536864
2021-05-11,33.9375,33.95000076293945,33.150001525878906,33.3125,28.914600372314453,38.39234715209633,-0.05630328517690075,0.0878494754678131,6.914833175875514,-0.18668997482106303,-2.1842995334703392,-0.13468949694139917
2021-05-12,33.224998474121094,33.224998474121094,30.299999237060547,32.349998474121094,28.079172134399414,31.626359375892477,-0.08389379207096481,-0.3958240658202271,39.42305646704799,-0.2823412011371189,-0.8090820724660324,-0.22276803699371983
2021-05-13,31.5625,32.5,31.25,31.875,27.666881561279297,28.917843499169493,-0.09188036502299723,-0.8857884644587519,30.288471766476004,-0.18955893003696875,-0.8883687095101119,-0.2935666348540731
2021-05-14,32.125,32.5625,31.962499618530273,32.23749923706055,27.981525421142578,33.5919987437786,-0.08285924984195825,-1.1776807133403373,37.259609917918,0.00580969752298801,-0.8278602837987628,-0.30276276522275475
2021-05-17,31.299999237060547,32.20000076293945,31.174999237060547,31.625,27.44989013671875,30.00216487623932,-0.08499080549672544,-1.5419933551630993,25.480780164164006,-0.028462698018876454,-0.9300978234954503,-0.32618308639743165
2021-05-18,32.087501525878906,33.07500076293945,32.0,33.07500076293945,28.70846176147461,44.989730562750346,-0.034658831486786834,-1.4645565615156524,53.36540612948401,0.3004123673219493,-0.6880648542455737,-0.2423008629366733
2021-05-19,33.04999923706055,33.162498474121094,32.625,32.849998474121094,28.51316261291504,43.43555884426314,-0.03204428696941941,-1.4413682686159552,49.03843967167199,0.2758613246084158,-0.7256223773043149,-0.1877911116234826
2021-05-20,32.837501525878906,32.849998474121094,32.42499923706055,32.625,28.317867279052734,41.87764284080996,-0.047097462273565815,-1.4612515947330686,48.43752359350898,0.2536344613357785,-0.7631791667675357,-0.154120690675279
2021-05-21,33.125,33.462501525878906,32.82500076293945,33.087501525878906,28.719308853149414,46.15302644431159,-0.050573762909736364,-1.3491150487094297,60.929001616764324,0.3627342616061874,-0.6859788753833951,-0.09684338976959272
2021-05-24,32.88750076293945,33.162498474121094,32.787498474121094,33.037498474121094,28.6759090423584,45.76112332705998,-0.04550378565456681,-1.257942900484747,59.83603891907757,0.3687938210517196,-0.6943249916186709,-0.05594033688580308
2021-05-25,33.224998474121094,33.662498474121094,33.224998474121094,33.599998474121094,29.164146423339844,50.82043136935492,0.00863045132258966,-1.036777567620898,72.13111883592968,0.5032818419932884,-0.600433201359499,0.006610791859325615
2021-05-26,33.712501525878906,33.787498474121094,33.48749923706055,33.625,29.185850143432617,51.039065505382474,0.039412771991145235,-0.8457340085874053,72.67760018477306,0.5291127512028825,-0.5962594096463406,0.049663325969676986
2021-05-27,33.375,33.42499923706055,33.087501525878906,33.38750076293945,28.97970199584961,48.81906705421401,0.04745097244380614,-0.7433943271780482,67.48636089614936,0.4931216571624096,-0.6359032783650207,0.06358346707719009
2021-05-28,33.724998474121094,33.974998474121094,33.57500076293945,33.95000076293945,29.467941284179688,53.93006310462922,0.05312133061602098,-0.5200819275931299,99.3197900307148,0.6611591033864135,-0.5553454344026942,0.10268353620119752
2021-05-31,33.95000076293945,34.38750076293945,33.95000076293945,34.275001525878906,29.750036239624023,56.625207493548054,0.08379436462036871,-0.2620234220976252,97.24772611463779,0.7580369493253678,-0.5022104711963311,0.14212651987262712
2021-06-01,34.29999923706055,34.525001525878906,34.29999923706055,34.42499923706055,29.880233764648438,57.85079931637313,0.04081625873617134,-0.021855331314754648,97.01485908973414,0.7941659908084313,-0.47375200052697064,0.16969909512119247
2021-06-02,34.45000076293945,34.5,34.162498474121094,34.42499923706055,29.880233764648438,57.85079931637313,0.04794526550043887,0.1658949409395709,97.01485908973414,0.7805326634815661,-0.47375200052697064,0.17969044793600245
2021-06-03,34.48749923706055,34.61249923706055,34.375,34.400001525878906,29.858537673950195,57.536603216988446,0.05440630043623118,0.3046904503852831,93.81824840198864,0.7692429256841772,-0.47849431464284903,0.17634432320890778
2021-06-04,34.25,34.25,34.07500076293945,34.23749923706055,29.717485427856445,55.428893320348706,0.03475628817570131,0.37136263464271785,85.64592882247379,0.7450154709635924,-0.5093254015437227,0.15679497995285122
2021-06-07,34.29999923706055,34.349998474121094,33.662498474121094,34.32500076293945,29.793432235717773,56.35594911137167,0.038970802693948814,0.4397603237472865,86.85721261160714,0.7790235897952856,-0.49946481190557074,0.14160558730696543
2021-06-08,34.32500076293945,34.375,34.125,34.125,29.619842529296875,53.611173208501334,0.015625216639028494,0.44123454095577486,77.71432059151786,0.7070742965556207,-0.5397174974524457,0.11369759514300556
2021-06-09,34.07500076293945,34.07500076293945,33.76250076293945,33.875,29.402841567993164,50.312313944004565,0.007434815963699881,0.3786512692102903,59.589099794529,0.6204084579861948,-0.8975367764559657,0.07625126957833028
2021-06-10,34.0,34.462501525878906,33.95000076293945,34.400001525878906,29.858537673950195,56.3820777782557,0.030325904601312015,0.4484950634925658,88.35629466590582,0.7512841423461709,-0.764970636541193,0.07754566291169301
2021-06-11,34.525001525878906,34.625,34.462501525878906,34.525001525878906,29.96702766418457,57.706704714024674,0.016936587975109996,0.5271497081579386,93.4960277486937,0.7671526077186847,-0.7321366103602722,0.08071950866020976
2021-06-15,34.650001525878906,34.75,34.599998474121094,34.712501525878906,30.129776000976562,59.68463411525732,0.012764346177392749,0.6262643058748207,97.74445061425287,0.8377366241719257,-1.0620814541903407,0.08818364536463189
2021-06-16,34.67499923706055,34.73749923706055,34.537498474121094,34.67499923706055,30.09722900390625,59.08948130518327,0.007262166720882313,0.6876633322425373,95.48867177282051,0.7926178794021912,-1.3831911695940007,0.08528129061643455
2021-06-17,34.45000076293945,34.57500076293945,34.287498474121094,34.57500076293945,30.010433197021484,57.44440446807228,0.004357376632276866,0.7044184092356028,85.10643823919953,0.7335347989614229,-1.4205226871867225,0.07237716047066725
2021-06-18,34.712501525878906,34.712501525878906,34.48749923706055,34.5,29.945331573486328,56.18099765454567,0.0029068369149187756,0.6919617495468858,77.01152650816256,0.6914896313318581,-1.8302367851214292,0.05510007700829783
2021-06-21,34.224998474121094,34.25,33.650001525878906,33.67499923706055,29.229251861572266,44.56951612149447,-0.01642916819020368,0.482381219945636,2.272522350689074,0.251152813137526,-2.195117883286877,-0.005681680628544017
2021-06-22,33.900001525878906,34.01250076293945,33.625,33.712501525878906,29.261796951293945,45.124632976262454,-0.017844042949388017,0.32119618553199325,7.777913411458333,0.2137384162221603,-2.683177796032254,-0.04275660942414225
2021-06-23,33.75,34.287498474121094,33.70000076293945,34.26250076293945,29.739187240600586,52.62015926202798,0.004029214915159285,0.3196274513951257,56.66673448350694,0.5384784398879828,-2.396025478759289,-0.03454259578909402
2021-06-24,34.26250076293945,34.3125,34.11249923706055,34.17499923706055,29.663236618041992,51.41686261272701,0.008856118530131685,0.294316259502522,48.88882107204861,0.4596529148688228,-2.4417101056872905,-0.03360713732582453
2021-06-25,34.36249923706055,34.48749923706055,34.17499923706055,34.23749923706055,29.717485427856445,52.256664537165825,-0.004724017218593057,0.28571897961861337,54.444376627604164,0.4683368158307679,-3.664993906220069,-0.028897153445166968
2021-06-28,34.25,34.375,34.125,34.29999923706055,29.771738052368164,53.12925090565335,-0.006516816215637156,0.2903001374317219,59.99993218315972,0.507231108611076,-3.8071217312282974,-0.022002169392444065
2021-06-29,34.474998474121094,34.67499923706055,34.32500076293945,34.400001525878906,29.858537673950195,54.56016696338104,-0.00900233466779099,0.31387167852668196,68.88902452256944,0.5903255386937744,-3.7299665120442693,-0.011971895307886213
2021-06-30,34.525001525878906,34.837501525878906,34.51250076293945,34.73749923706055,30.151479721069336,59.09853479714832,0.001802515346380984,0.40725481027776417,91.75239893031303,0.8559712524814684,-3.2467553877615205,0.012680528668762209
2021-07-01,34.75,34.79999923706055,34.51250076293945,34.57500076293945,30.010433197021484,56.18864282158998,0.0,0.43778909817889017,78.3504797860626,0.7097782654917795,-3.363082271511717,0.01748047389331943
2021-07-02,34.57500076293945,34.625,34.474998474121094,34.57500076293945,30.010433197021484,56.18864282158999,0.0021740157852450093,0.45663287201755914,78.3504797860626,0.6993210204652572,-3.363082271511717,0.0185470671006792
2021-07-05,34.6875,35.0,34.6875,34.900001525878906,30.29252815246582,60.679427984242864,0.03637712986733832,0.5414225244322785,92.7273837002841,0.904823923327983,-2.8056158891157668,0.035178123525917204
2021-07-06,34.962501525878906,35.01250076293945,34.86249923706055,34.9375,30.325075149536133,61.17392013693381,0.03633673625758549,0.610060128125786,94.59454258024607,0.8826185827498148,-2.76032290879098,0.0446871107298083
2021-07-07,34.900001525878906,34.912498474121094,34.650001525878906,34.75,30.162328720092773,57.29390660371407,0.014228414383648857,0.6133585629586857,81.08103649735376,0.7270337008356743,-2.8776175682177447,0.03666862489741987
2021-07-08,34.787498474121094,34.875,34.54999923706055,34.712501525878906,30.129776000976562,56.521684005881156,0.01572786506550017,0.600224010528411,78.37844525396935,0.681343621503243,-2.9010789744999634,0.026309684030107527
2021-07-09,34.474998474121094,34.474998474121094,34.23749923706055,34.4375,29.891080856323242,51.08461106443378,0.005841524811654342,0.5196045910216934,58.558526359199945,0.47690586608998164,-3.0731114165922038,0.0018113309833729385
2021-07-12,34.76250076293945,35.01250076293945,34.63750076293945,34.75,30.162328720092773,56.23653234024383,0.013119511767756498,0.5226549822382657,79.99994187127977,0.6962271601457708,-2.8776175682177447,0.002274155544811224
2021-07-13,35.0,35.25,34.98749923706055,35.037498474121094,30.4118709564209,60.37168660299483,0.018531827931863365,0.5852585026134954,81.31855970542173,0.8730503365212682,-2.359310180664063,0.016967514928888205
2021-07-14,35.04999923706055,35.275001525878906,35.037498474121094,35.125,30.48781967163086,61.56210767794095,0.01115500644323264,0.6475158534570703,86.95640636091633,0.8911280936151844,-2.283319652839752,0.02869304229964062
2021-07-15,35.23749923706055,35.462501525878906,35.20000076293945,35.45000076293945,30.769914627075195,65.68531020233675,0.025307246485501977,0.763150679720918,99.06536458481881,1.004237418162228,-1.9357866677738795,0.051034092749757204
2021-07-16,34.95000076293945,35.0,34.76250076293945,34.974998474121094,30.35761833190918,56.19703449986288,0.011568814505555025,0.7358764419967366,60.20390686550804,0.7163568610323959,-2.1601654175922276,0.03442684821784317
2021-07-19,34.75,34.79999923706055,34.38750076293945,34.57500076293945,30.010433197021484,49.688127793891006,-0.009312360923608543,0.6144804748778295,27.551093492605727,0.4643911450497562,-2.3491095517864187,-0.001645077467919448
2021-07-20,34.45000076293945,34.57500076293945,34.26250076293945,34.29999923706055,29.771738052368164,45.763645224009984,-0.01824684998930437,0.44923118747688184,5.102031283573165,0.2357326599994189,-2.610800573124197,-0.04109881106822358
2021-07-21,34.5,34.5,34.025001525878906,34.17499923706055,29.739099502563477,45.23750636234338,-0.014031715570003711,0.3058635426247413,10.434623386548914,0.20818604081292766,-3.363497059697688,-0.0673602434419987
2021-07-22,34.45000076293945,34.63750076293945,34.3125,34.412498474121094,29.945775985717773,49.21882900941668,-0.006106916136808471,0.24480054074279117,26.956309442934785,0.36394746222906355,-3.2197221148946986,-0.0685502753640711
2021-07-23,34.51250076293945,34.57500076293945,34.337501525878906,34.412498474121094,29.945775985717773,49.21882900941668,0.0018298143736399375,0.1941616035998599,26.956309442934785,0.3473410035280448,-3.2197221148946986,-0.06699702613407787
2021-07-26,34.4375,34.51250076293945,34.0625,34.11249923706055,29.684709548950195,44.48130894082055,-0.015834956762619257,0.08287398162815936,6.086797299592392,0.11817061085938484,-3.4013335491677963,-0.08031371563645502
2021-07-27,34.125,34.26250076293945,34.01250076293945,34.099998474121094,29.67383575439453,44.290085525853115,-0.02426799729237128,-0.008277285663250504,6.034321734028923,0.1321182524242534,-3.3741811901323047,-0.08610275065513641
2021-07-28,34.025001525878906,34.025001525878906,33.4375,33.5625,29.206104278564453,36.93480165148545,-0.042040244493411594,-0.20461492176901602,6.172834854815557,-0.1040696728680415,-2.47157655950358,-0.11582947122728325
2021-07-29,33.962501525878906,34.150001525878906,33.8125,34.125,29.69559669494629,46.8775234509729,-0.034914556804898855,-0.22557555510222035,33.950591701485564,0.26380728749047105,-2.229852091582805,-0.09764975419460357
2021-07-30,34.150001525878906,34.150001525878906,34.0,34.01250076293945,29.59769630432129,45.33794956105036,-0.02503233354077483,-0.26567260701179235,28.395078008145553,0.22005834555551929,-2.2781979270668096,-0.08765969412470531
2021-08-02,34.25,34.5,34.01250076293945,34.474998474121094,30.000160217285156,52.27687130228204,-0.00034231361036629604,-0.1863386412877599,51.23445394298115,0.5011801593444888,-2.0794504654869046,-0.05119457274827726
2021-08-03,34.48749923706055,34.61249923706055,34.42499923706055,34.61249923706055,30.119813919067383,54.140746911377285,0.011691486270870577,-0.0901182641354019,58.024609959272254,0.5918737209947538,-2.020362262217382,-0.01797856196489342
2021-08-04,34.662498474121094,34.82500076293945,34.61249923706055,34.8125,30.29384994506836,56.78452506479197,0.018653908550831044,0.032624808296745286,88.0,0.7061319682345869,-1.9344186104339887,0.014971260736401005
2021-08-05,34.8125,34.86249923706055,34.712501525878906,34.75,30.239469528198242,55.703908161658056,0.009807511504144717,0.1137561010390931,92.10531247072052,0.6635373050841966,-1.9612731170480093,0.03141583145858996
2021-08-06,34.724998474121094,34.75,34.45000076293945,34.70000076293945,30.195959091186523,54.805239830503695,0.008354537400803164,0.1643476067541875,88.59659220195152,0.6228492369972661,-1.9827597364187448,0.03727527211517129
2021-08-09,34.54999923706055,34.63750076293945,34.17499923706055,34.599998474121094,30.108936309814453,52.96478491897661,0.014291086802271202,0.17893031658538638,81.57888396621648,0.5655980883326815,-2.025733917060066,0.03333118270371416
2021-08-10,34.61249923706055,34.625,34.375,34.412498474121094,29.945775985717773,49.60149613536943,0.009164310053275448,0.14494407317641367,68.42098218468499,0.46914061733530316,-2.1063068559006246,0.01851429764271177
2021-08-11,34.337501525878906,34.412498474121094,34.150001525878906,34.29999923706055,29.847877502441406,47.646464827066694,0.021973941397859686,0.0906239949092093,60.5262946554055,0.41825210041435557,-2.1546517494847794,0.0017819408964795912
2021-08-12,34.29999923706055,34.3125,34.125,34.23749923706055,29.793489456176758,46.5487756529203,0.00329654131001611,0.03253053458680098,56.140327394894996,0.3959268959341488,-2.714166748046873,-0.012501185565635758
2021-08-13,34.150001525878906,34.212501525878906,33.88750076293945,33.912498474121094,29.510669708251953,41.229551801150706,-0.002940316542697663,-0.0888166583321247,33.333244100600986,0.16957951695995485,-3.1376718555500522,-0.03904992165546421
2021-08-16,33.875,33.9375,33.724998474121094,33.837501525878906,29.445411682128906,40.091145333867416,-0.01849151908317548,-0.20053970350092065,28.070297546546026,0.15250489776232162,-3.1834669861198477,-0.05792149212808434
2021-08-17,33.849998474121094,33.875,33.57500076293945,33.587501525878906,29.227861404418945,36.47538968813382,-0.029613480250745727,-0.34434285609886556,0.9709341945423839,0.03533414512859017,-3.336133929407985,-0.08057880593222247
2021-08-18,33.400001525878906,33.73749923706055,33.11249923706055,33.724998474121094,29.347511291503906,39.69667507421767,-0.03123863937005178,-0.42134187811618246,34.99995640345982,0.16397664700414885,-2.533421683175224,-0.08271823433119263
2021-08-19,33.625,33.625,32.900001525878906,32.95000076293945,28.673107147216797,30.353597012594093,-0.05179860643788137,-0.6589392491365674,2.547734796105408,-0.14072026600455587,-2.535834042495293,-0.12237143892272692
2021-08-20,33.04999923706055,33.20000076293945,32.54999923706055,32.6875,28.444677352905273,27.95370131593036,-0.057997221846561864,-0.9008338974851143,5.945978937922297,-0.10699352379116515,-2.157274328283362,-0.15471891476009608
2021-08-23,33.0625,33.61249923706055,33.037498474121094,33.587501525878906,29.227861404418945,44.23356763328415,-0.02926290375486662,-0.8683634081046854,44.86496384079392,0.3015675289377864,-1.8186001438450172,-0.11588012518545843
2021-08-24,33.79999923706055,33.837501525878906,33.650001525878906,33.6875,29.314878463745117,45.70165204475791,-0.02106799711163121,-0.8094348882649235,49.18922218116554,0.3547368421435811,-1.7809711452174835,-0.07862279390820337
2021-08-25,33.787498474121094,34.025001525878906,33.787498474121094,34.01250076293945,29.59769630432129,50.28277674253711,-0.008381875666021887,-0.6772266545281185,66.47731903169145,0.4832121089651513,-1.6586715384818416,-0.03163503524006969
2021-08-26,34.36249923706055,34.5,34.087501525878906,34.25,29.80436897277832,53.37830307207868,0.00036516422883470234,-0.5099225031616763,81.43710276923977,0.5831841998372078,-1.569299573743666,0.014201086502778848
2021-08-27,34.17499923706055,34.625,34.11249923706055,34.537498474121094,30.05455207824707,56.878415267253516,0.01843002464437582,-0.3055356548365797,95.78306054427897,0.6928492800257955,-1.4611122848923146,0.059656946582457765
2021-08-30,34.662498474121094,34.875,34.61249923706055,34.875,30.348243713378906,60.616321856184896,0.03066121272123179,-0.06318456988561696,100.0,0.8167774285858546,-1.3289913123374646,0.10513223719155221
2021-08-31,34.849998474121094,35.087501525878906,34.525001525878906,35.087501525878906,30.533161163330078,62.80265660383802,0.04465943439549047,0.176307794718184,100.0,0.8761049332310545,-1.1768123170638198,0.14105448458543982
2021-09-01,35.037498474121094,35.32500076293945,35.01250076293945,35.25,30.674570083618164,64.42888469873104,0.0452187846162766,0.398831353838343,97.29727129012304,0.9109497191164513,-1.0578299539487255,0.16600786157615988
2021-09-02,35.224998474121094,35.349998474121094,34.974998474121094,34.974998474121094,30.43526268005371,59.67421591419038,0.06145673448606215,0.5041249696742616,86.60713920787789,0.7985413521917456,-1.1372632618667766,0.15810327398315965
2021-09-03,35.162498474121094,35.525001525878906,35.11249923706055,35.474998474121094,30.870365142822266,64.76550540558252,0.08527738809697682,0.6958636921170495,98.31922644410223,0.934337526176286,-0.9465824544576797,0.17269723507952314
2021-09-06,35.474998474121094,35.875,35.400001525878906,35.63750076293945,31.011768341064453,66.2565374948197,0.06103446680419111,0.8744956724670584,92.85716744165235,0.9343313596210139,-0.8446257272302791,0.18149099821016665
2021-09-07,35.70000076293945,35.70000076293945,35.36249923706055,35.474998474121094,30.870365142822266,63.36866391415816,0.05306133815294101,0.9663024957522998,87.96988168131166,0.847037085950807,-0.8871529951389879,0.1677266277969902
2021-09-08,35.4375,35.5,34.98749923706055,35.162498474121094,30.598424911499023,58.12193728731243,0.03381103032101951,0.9553057735335512,78.57138759724607,0.7355914154626979,-0.9689395121089373,0.13183195593854205
2021-09-09,34.912498474121094,35.25,34.82500076293945,35.07500076293945,30.52228546142578,56.70625496575757,0.02408762585455726,0.9156883321337626,71.80620944995792,0.6949154991102322,-0.9918385895834132,0.0961431746199348
2021-09-10,35.17499923706055,35.525001525878906,35.125,35.48749923706055,30.881242752075195,61.47091724900246,0.027506338197150093,0.9682048999409995,82.5842234299724,0.781720778498148,-0.8838815344601899,0.09000203417744976
2021-09-13,35.462501525878906,35.462501525878906,35.287498474121094,35.36249923706055,30.77246856689453,59.33973630658924,0.013978563554523094,0.969515546605499,75.44908319414648,0.7240515043323589,-0.9165955676096147,0.07264804841004585
2021-09-14,35.462501525878906,35.54999923706055,35.337501525878906,35.400001525878906,30.805099487304688,59.790108634837715,0.008906327206670062,0.9678306539477186,73.42663610638053,0.7118416195733839,-0.9067817592117757,0.0580343569251035
2021-09-15,35.32500076293945,35.36249923706055,35.099998474121094,35.1875,30.62017822265625,56.00424743159746,-0.0017731906531580632,0.9070679767866743,60.99292468654565,0.6355306507200053,-0.9623971643898962,0.03188835841626314
2021-09-16,35.20000076293945,35.25,34.9375,35.025001525878906,30.478771209716797,53.22869193092796,0.0014295434253503991,0.8121914938462103,37.03707889933144,0.5680424173998597,-1.004925579575715,0.002589047596460753
2021-09-17,35.025001525878906,35.26250076293945,34.875,35.125,30.5657958984375,54.71609619768779,-0.009866071974713342,0.7513447610552804,44.44438165100284,0.579122778198834,-1.2530841397408554,-0.012578703423385018
2021-09-22,34.275001525878906,34.400001525878906,34.07500076293945,34.29999923706055,29.847877502441406,42.66257668085505,-0.03753061824216819,0.5073306596966577,12.499920527106614,0.18902498864224543,-2.0908209577039805,-0.06943486572574373
2021-09-23,34.5,34.625,34.400001525878906,34.5,30.02191734313965,45.78081996045994,-0.027484216521484583,0.35572439522918764,23.611078733265657,0.22370791743333573,-2.1858698819135065,-0.09235907561002604
2021-09-24,34.70000076293945,34.912498474121094,34.67499923706055,34.912498474121094,30.380878448486328,51.624431098928156,-0.007109727498781804,0.32710159372915,46.527670342199684,0.41064650125598384,-2.4342910445705184,-0.08080192201152214
2021-09-27,34.962501525878906,35.087501525878906,34.79999923706055,35.0,30.457019805908203,52.786814947326384,-0.002138295167970372,0.320937853413383,51.388868284805426,0.4342044262290593,-2.3919902725178503,-0.06610309455519553
2021-09-28,34.8125,34.837501525878906,34.5625,34.75,30.239469528198242,49.152731862498214,-0.02078197529255288,0.25532234742183785,41.53841458834135,0.23780846042942064,-2.5128515891399767,-0.06879771532617257
2021-09-29,34.224998474121094,34.224998474121094,33.86249923706055,34.0,29.586814880371094,40.20929696082512,-0.038529690393411586,0.029171449442558554,8.148193359375,-0.13737005348230524,-2.5065628500753463,-0.10986349651363062
2021-09-30,34.07500076293945,34.275001525878906,33.79999923706055,34.26250076293945,29.815244674682617,44.04669153864706,-0.03213282310709653,-0.08853480499788055,26.428658621651785,0.0820118421741844,-2.3023629384372417,-0.11634768971436932
2021-10-01,34.07500076293945,34.07500076293945,33.412498474121094,33.48749923706055,29.140840530395508,36.58184951239044,-0.04831251083856081,-0.3587806646341465,3.5088063704975436,-0.14096214626655587,-2.1166823540346704,-0.15816847425660324
2021-10-04,33.67499923706055,33.70000076293945,33.212501525878906,33.287498474121094,28.966800689697266,34.93634916634029,-0.04960733192345712,-0.6140749360494256,3.2084287348574727,-0.08007155382070344,-1.9766303359227924,-0.18765265617705718
2021-10-05,33.0,33.25,32.724998474121094,33.23749923706055,28.923290252685547,34.51831539965626,-0.05373672098085025,-0.8201085814883458,18.1416150276076,-0.003002852190588342,-1.588890914243226,-0.19910110507287843
2021-10-06,33.5,33.5,33.0,33.25,28.934167861938477,34.7285874489865,-0.030612214902992485,-0.970422127378713,19.90526536545151,0.0635995550800301,-1.6562277968761832,-0.19472024956559814
2021-10-07,33.51250076293945,33.900001525878906,33.48749923706055,33.837501525878906,29.445411682128906,43.85413227374198,-0.019202826202653567,-0.9400638756393471,43.842445252566556,0.27505851573641465,-1.5429153650563026,-0.1482715349358013
2021-10-08,33.912498474121094,33.912498474121094,33.48749923706055,33.54999923706055,29.195226669311523,40.8446688294467,-0.03902625071178212,-0.9731746375864716,32.512316011491436,0.21358675423251994,-1.6314764076229111,-0.1261450880372362
2021-10-12,33.17499923706055,33.287498474121094,32.900001525878906,33.212501525878906,28.90153694152832,37.584089756336695,-0.05107140732390836,-1.0678218503128092,20.635023154576984,0.1501668317470015,-1.7354373451334606,-0.12291213136262996
2021-10-13,33.349998474121094,33.400001525878906,33.037498474121094,33.099998474121094,28.80363655090332,36.53702652422729,-0.04748208218255978,-1.1570456336325945,15.872995369084602,0.15260955624524192,-1.770092341305261,-0.11891576555597211
2021-10-14,33.375,33.42499923706055,33.125,33.1875,28.879777908325195,37.984107209516395,-0.023897028960524258,-1.1936927041496017,19.576758875921175,0.20793448883570856,-1.7431396556915946,-0.10327243494332117
2021-10-15,33.662498474121094,34.087501525878906,33.57500076293945,34.0625,29.641206741333008,50.210616127388256,-0.0058372129844499465,-1.0018050966411718,56.61374807045192,0.4995838220166789,-1.551209797441443,-0.03718023716506613
2021-10-18,34.17499923706055,34.224998474121094,33.900001525878906,33.962501525878906,29.55418586730957,49.021124086275385,0.01418439994834464,-0.8636892428101226,58.57994149301167,0.4857518307260667,-1.6315801957633211,0.0030063340876703704
2021-10-19,34.04999923706055,34.3125,34.01250076293945,34.23749923706055,29.793489456176758,52.36321951474902,0.028539180951851595,-0.6807325876117104,95.27554703306949,0.6035468395311676,-1.5372734477766528,0.04566752686410064
2021-10-20,34.26250076293945,34.32500076293945,34.11249923706055,34.150001525878906,29.717348098754883,51.212781971448464,0.02745392516315137,-0.5503193808568295,89.06256332984448,0.5972216931135248,-1.6550778794670238,0.06740834918400648
2021-10-21,34.17499923706055,34.45000076293945,34.025001525878906,34.025001525878906,29.60857582092285,49.53837600856813,0.023308358553885578,-0.47130849580214246,75.36239575938912,0.5518437175288751,-1.7011189957953603,0.07266093239377935
2021-10-22,34.0625,34.1875,33.912498474121094,34.125,29.69559669494629,50.92088826080267,0.0084965703831279,-0.38051739883455743,81.15940106015273,0.6037684926672782,-1.6642848109850212,0.07963311024844472
2021-10-25,34.0,34.17499923706055,33.79999923706055,34.099998474121094,29.67383575439453,50.54793868236629,0.016393401925051565,-0.31093712505117604,79.7100391641733,0.6205445666882826,-1.6734957792144871,0.08019390238991969
2021-10-26,34.162498474121094,34.4375,34.150001525878906,34.38750076293945,29.924022674560547,54.65954604904899,0.035378247707063215,-0.18543259279304897,95.96773995072886,0.799411566827095,-1.7079037885080735,0.09387906355093567
2021-10-27,34.23749923706055,34.38750076293945,34.17499923706055,34.38750076293945,29.924022674560547,54.65954604904899,0.03889738442148505,-0.08510820937764733,95.96773995072886,0.8303632415330147,-2.005751932224528,0.09889261205205974
2021-10-28,34.36249923706055,34.412498474121094,34.150001525878906,34.287498474121094,29.836997985839844,52.88571259511508,0.033144994416273166,-0.029013995333773468,89.51597620612174,0.7602562419419145,-2.0562009601967257,0.09242903464268994
2021-10-29,34.26250076293945,34.26250076293945,33.837501525878906,33.95000076293945,29.543310165405273,47.30623719811404,-0.0033027189743669583,-0.06369654401263174,67.74191960583083,0.58807718604104,-2.226454543243128,0.06571122574021776
2021-11-01,34.04999923706055,34.1875,34.04999923706055,34.125,29.69559669494629,50.23789952988594,0.004784798616061181,-0.04919997162216594,76.99113371268692,0.6675110505272138,-2.1381726142693798,0.05601032058185197
2021-11-02,34.20000076293945,34.412498474121094,34.037498474121094,34.0625,29.641206741333008,49.18537410404378,-0.0051112749000999935,-0.05190758271503571,70.7546762403517,0.6152739424500911,-2.1697029803250323,0.04416654932518941
2021-11-03,34.099998474121094,34.25,34.099998474121094,34.150001525878906,29.717348098754883,50.74123668872921,0.0,-0.03296320503426176,65.71437290736607,0.6466159364006749,-2.4353258023788955,0.03983007999793452
2021-11-04,34.3125,34.375,34.037498474121094,34.037498474121094,29.61945152282715,48.677554451530064,0.00036731594150540836,-0.04406823248237797,36.538258389379905,0.5589957389884015,-2.49848491471071,0.02922889183610717
2021-11-05,34.275001525878906,34.54999923706055,34.20000076293945,34.525001525878906,30.043668746948242,56.86450304196889,0.011721335509017994,0.06171766799558185,96.66697184244791,0.8364929112239506,-2.11311317644502,0.048510295486794204
2021-11-08,34.54999923706055,34.79999923706055,34.54999923706055,34.79999923706055,30.282974243164062,60.675407097093576,0.02052779741086619,0.20783284476517286,100.0,0.9400580586014585,-1.759384439630335,0.0735995664597466
2021-11-09,35.037498474121094,35.29999923706055,35.025001525878906,35.17499923706055,30.609304428100586,65.19154517063248,0.022900722974074528,0.4066532060598043,91.66666666666666,1.0698481584706656,-1.45523457556133,0.1063998391397449
2021-11-10,35.162498474121094,35.162498474121094,35.0,35.125,30.5657958984375,64.13401384592484,0.021446756368840303,0.5454710790563673,88.33338419596353,1.0079622164550461,-1.5586459766768463,0.11846902429806858
2021-11-11,34.775001525878906,34.9375,34.70000076293945,34.8125,30.29384994506836,57.82042728074902,0.015311592655713246,0.575363639303692,67.50005086263022,0.8263210958740314,-2.2841180987089724,0.10206332121669844
2021-11-12,34.974998474121094,35.20000076293945,34.875,34.92499923706055,30.391748428344727,59.371033561157205,0.028718456333744147,0.6180445769698348,74.35893423060371,0.8560108164784042,-2.654167205810547,0.09204010886994182
2021-11-15,35.13750076293945,35.3125,35.13750076293945,35.23749923706055,30.6636962890625,63.39650111486099,0.03260077930277672,0.7161716609492518,94.91519725238064,0.9748421151717115,-2.4555876799842604,0.09744039805135037
2021-11-16,35.23749923706055,35.36249923706055,35.20000076293945,35.29999923706055,30.71807861328125,64.1612006205869,0.03633023045740602,0.798789081569491,95.90163319316906,0.9397917741686557,-2.3544291992187483,0.09811813646136583
2021-11-17,35.32500076293945,35.42499923706055,35.287498474121094,35.412498474121094,30.815977096557617,65.5562251130973,0.036969281180535996,0.8797416160982742,99.2125492306916,0.9323074964376811,-2.2183213172325726,0.09835381190063092
2021-11-18,35.4375,35.63750076293945,35.412498474121094,35.61249923706055,30.99001121520996,67.94495933180747,0.046272284661535545,0.9783122295068255,98.43740686787577,0.9584182655404085,-1.9112439120596236,0.10293468648878085
2021-11-19,35.875,35.88750076293945,35.662498474121094,35.70000076293945,31.066160202026367,68.95934336117116,0.034033508480284524,1.0636831377102351,89.86487740402956,0.9329148541339792,-1.691622532555106,0.10351750129919782
2021-11-22,35.67499923706055,35.724998474121094,35.599998474121094,35.61249923706055,30.99001121520996,66.68670661717545,0.023347672734143732,1.0980069190919417,85.13507104607118,0.8524226060099016,-1.7710201806864607,0.09160861937448886
2021-11-23,35.5,35.5,35.26250076293945,35.275001525878906,30.69632339477539,58.65759249170473,0.002842892653088791,1.035546453475239,66.89197409308262,0.689813654025889,-1.9142825854352954,0.05840285248437338
2021-11-24,35.275001525878906,35.287498474121094,35.037498474121094,35.125,30.5657958984375,55.46149033879313,0.0,0.9407546689198428,54.81476960358796,0.6119747954598898,-1.97795455856493,0.023868710654559422
2021-11-25,35.125,35.224998474121094,35.0,35.11249923706055,30.55491065979004,55.19141274297391,0.008617614307691479,0.8529401151963297,42.05602678698755,0.5911789784839494,-1.9832644330520393,-0.002106806312930587
2021-11-26,34.88750076293945,34.962501525878906,34.48749923706055,34.537498474121094,30.05455207824707,44.471189081466925,-0.01109499675192005,0.6437786485739155,3.5713701832687557,0.31501132533008364,-2.5349413341526317,-0.052588506909745564
2021-11-29,34.400001525878906,34.70000076293945,34.375,34.537498474121094,30.05455207824707,44.47118908146692,-0.019865322336652058,0.47240099634989147,10.743695348972112,0.29563375853270707,-2.5349413341526317,-0.08373229888941525
2021-11-30,34.70000076293945,34.900001525878906,34.462501525878906,34.5,30.02191734313965,43.82725017711849,-0.022662917134426808,0.32404620777837423,8.264458641136162,0.2508710427658573,-2.552581709683338,-0.10301468505454023
2021-12-01,34.525001525878906,35.125,34.51250076293945,35.07500076293945,30.52228546142578,54.66610055119416,-0.009530498877630689,0.335450519953416,46.28101883261495,0.5304554910967555,-2.2821127911796046,-0.079601969086631
2021-12-02,35.025001525878906,35.48749923706055,34.92499923706055,35.45000076293945,30.848609924316406,60.07651645041104,-0.004562802185245851,0.4260378296215569,71.07439475602344,0.7358594328987963,-2.368009385850693,-0.04158175400228237
2021-12-03,35.48749923706055,35.537498474121094,35.275001525878906,35.4375,30.83772850036621,59.820141380738356,-0.0073530716436998045,0.48905668269655117,70.24789844965737,0.7070091868323198,-2.7206907208954494,-0.017823842661441824
2021-12-06,35.17499923706055,35.474998474121094,35.0,35.337501525878906,30.750709533691406,57.699553025224795,-0.0077218972221960724,0.509952158951208,63.63643242125334,0.6214759766270173,-2.778223892981716,-0.009068991933542436
2021-12-07,35.337501525878906,35.45000076293945,35.087501525878906,35.45000076293945,30.848609924316406,59.441542601730724,0.004961067408057573,0.5459533600771956,71.07439475602344,0.6880070861137381,-2.713496394640005,0.0016450787625075791
2021-12-08,35.775001525878906,35.900001525878906,35.57500076293945,35.587501525878906,30.968259811401367,61.52685368522593,0.013167133429181854,0.5989511309786526,79.50821722490431,0.75934853961904,-2.615925757310455,0.014409753874170428
2021-12-09,35.61249923706055,35.662498474121094,35.42499923706055,35.5,30.892118453979492,59.43270308245362,0.011036124371105238,0.6136553589066666,73.77041799034446,0.6803750298495855,-2.6658544663181343,0.015262780180499369
2021-12-10,35.45000076293945,35.525001525878906,35.337501525878906,35.48749923706055,30.881242752075195,59.1231592179928,0.027506338197150093,0.6152552777697833,72.95069665057407,0.6541051550308775,-2.67298606698852,0.012735413433372617
2021-12-13,35.54999923706055,35.61249923706055,35.375,35.375,30.783342361450195,56.28148630380592,0.0242489151495493,0.5840095733200036,65.57370488030617,0.5715038415646572,-2.7371829802136243,0.00263903163866569
2021-12-14,35.087501525878906,35.17499923706055,34.98749923706055,35.025001525878906,30.478771209716797,48.4755001223369,0.01521734476034542,0.4737389667342019,42.62300822973209,0.3415258970966588,-2.9369015684018325,-0.024867453174806237
2021-12-15,35.025001525878906,35.150001525878906,34.92499923706055,35.07500076293945,30.52228546142578,49.55204763267256,0.0,0.3932484533813902,45.90164344498086,0.3871904731673518,-2.9083676614053093,-0.03957364267178298
2021-12-16,35.337501525878906,35.51250076293945,35.287498474121094,35.51250076293945,30.902997970581055,57.849942017487564,0.001763063113640495,0.42472773761465277,74.59013933011481,0.6910244939681708,-2.658720364209422,-0.023876530922865236
2021-12-17,35.38750076293945,35.5,35.29999923706055,35.474998474121094,30.870365142822266,56.98472498268377,0.0010583348399240133,0.43598940959429616,70.4345703125,0.6787739134331288,-2.680118918378069,-0.016270401807059187
2021-12-20,35.45000076293945,35.462501525878906,35.07500076293945,35.162498474121094,30.598424911499023,50.24121911285105,-0.004952231168049437,0.36918172253921555,46.846656127568906,0.4709178846839353,-2.8584402031167935,-0.029369225606959037
2021-12-21,35.17499923706055,35.48749923706055,35.17499923706055,35.462501525878906,30.859481811523438,55.66520315673645,0.00035242713476235643,0.3804531956169953,55.128310464765974,0.6830232453643246,-2.6872555219251084,-0.02067728063439006
2021-12-22,35.48749923706055,35.5,35.412498474121094,35.462501525878906,30.859481811523438,55.66520315673646,-0.0035125641718454226,0.3849059065181029,55.128310464765974,0.6688550476241241,-2.6872555219251084,-0.015395863848691654
2021-12-23,35.6875,35.79999923706055,35.5625,35.662498474121094,31.033525466918945,59.11142355548896,0.004577446287800324,0.42908968273687775,75.64076982366359,0.7833842195503895,-2.573128648973161,-0.0013868108750469954
2021-12-24,35.75,35.900001525878906,35.73749923706055,35.76250076293945,31.120540618896484,60.75396190247768,0.007748971398024773,0.48121347770164036,85.89739075319554,0.8339750469105855,-2.5160695900142596,0.011807382721878118
2021-12-27,35.79999923706055,36.0625,35.775001525878906,36.037498474121094,31.359851837158203,64.9268879436182,0.01872796881309302,0.5782014278846559,97.80206513318734,1.0086061375859747,-2.321157904775528,0.03349144456246461
2021-12-28,36.07500076293945,36.32500076293945,36.07500076293945,36.32500076293945,31.610034942626953,68.67656490382669,0.03711644820344673,0.7116304578600039,100.0,1.1796083373403983,-1.983360452586206,0.05997756165526752
2021-12-29,36.36249923706055,36.537498474121094,36.26250076293945,36.48749923706055,31.751440048217773,70.59038324113943,0.04027072574055457,0.8437022467290405,96.89927065319478,1.13537067953606,-2.3500996529510965,0.08100640910245532
2021-12-30,36.48749923706055,36.5,36.337501525878906,36.375,31.65354347229004,67.51486825284996,0.024287142057333178,0.9118408448819039,89.92257048026174,0.973174498814195,-2.4108107365148888,0.08205607447454066
2022-01-03,36.5,36.837501525878906,36.5,36.599998474121094,31.849336624145508,70.30174592195272,0.03171233889829339,1.0043503006049004,87.58155463936444,1.0074114264278526,-1.990187676897025,0.08908372031213838
2022-01-04,36.92499923706055,37.400001525878906,36.92499923706055,37.400001525878906,32.54550552368164,77.64526977582354,0.06363336079599624,1.2414842942430635,100.0,1.184302742073176,-1.3434107122765324,0.13121961911497448
2022-01-05,37.525001525878906,37.63750076293945,37.275001525878906,37.32500076293945,32.48023986816406,75.75408306621298,0.0525205856190174,1.3947619566944276,87.8048780487805,1.0344730832343365,-1.2832932695417856,0.1442598067664863
2022-01-06,37.07500076293945,37.1875,36.75,36.974998474121094,32.175662994384766,67.49235510636775,0.04265078690886659,1.421052461691151,74.14625214367379,0.8607935210881715,-1.3955796114566008,0.12277869800615937
2022-01-07,37.07500076293945,37.25,36.625,36.650001525878906,31.892850875854492,60.85566373458692,0.0276902284225351,1.3539000385871143,61.4634444073933,0.7263123830620601,-1.4998420849822651,0.08189552300583036
2022-01-10,36.5,36.95000076293945,36.349998474121094,36.88750076293945,32.09952163696289,63.66730770827233,0.031457712449634245,1.3376397954759303,69.54316608058495,0.7767334046657659,-1.4236501421808938,0.062045669751103316
2022-01-11,36.900001525878906,37.125,36.67499923706055,37.07500076293945,32.26268768310547,65.75843483391533,0.028789544371427667,1.3502578645266792,74.7191271295847,0.8044972658944969,-1.3634967949529289,0.053501873285224655
2022-01-12,37.337501525878906,37.400001525878906,37.17499923706055,37.38750076293945,32.53462600708008,68.964463641198,0.02924992225194578,1.4122813025739611,87.95181165881361,0.8667954895430324,-1.2632430913586072,0.05931202517640222
2022-01-13,37.38750076293945,37.61249923706055,37.38750076293945,37.57500076293945,32.69778823852539,70.73496691797997,0.029804890388293925,1.4846817382146833,96.71052895754445,0.8863981200443668,-1.3096926924542691,0.06673735584523582
2022-01-14,37.70000076293945,37.79999923706055,37.26250076293945,37.57500076293945,32.69778823852539,70.73496691797997,0.03298982204471046,1.5236585566426195,88.88895168233049,0.8460731361891337,-1.254372057081901,0.06422106080959089
2022-01-17,37.775001525878906,38.099998474121094,37.775001525878906,38.0,33.06761932373047,74.55137604910644,0.03825143091556149,1.6276222700549157,95.0617981655524,0.9237882549388557,-1.0455976720871134,0.07906083880419379
2022-01-18,38.04999923706055,38.0625,37.537498474121094,37.57500076293945,32.69778823852539,65.37071737450825,0.0046790705012385025,1.5982295046298705,71.42866040121322,0.7735095829770456,-1.2289099639918566,0.05661743407321573
2022-01-19,37.25,37.412498474121094,37.0625,37.125,32.306190490722656,57.32144271669203,-0.005358623524575723,1.4601371174902555,44.68084185374047,0.6088630733146727,-1.5378355287063963,0.010464032926215339
2022-01-20,37.125,37.29999923706055,36.900001525878906,37.275001525878906,32.43672561645508,59.12807783565797,0.008113667218477394,1.367517403880278,52.85731724330357,0.6432964008594021,-1.61383301011741,-0.01483344653865687
2022-01-21,35.974998474121094,35.98749923706055,35.57500076293945,35.662498474121094,31.71417999267578,47.21413915699486,-0.005602223641724691,1.100915967253226,3.4652590295099204,0.28884716708157726,-1.911039314834428,-0.08014051472037015
2022-01-24,35.525001525878906,36.0,35.42499923706055,36.0,32.014312744140625,51.5786104908688,-0.002654522200858822,0.9537263872559475,21.495361754618635,0.40209425240170327,-1.6570233516581454,-0.10165371237762083
2022-01-25,35.63750076293945,35.63750076293945,35.3125,35.412498474121094,31.491851806640625,44.656702707812904,-0.023892487942611673,0.6979060528218978,3.5873911698776286,0.10074624996540259,-1.7526368734655677,-0.1468543211762851
2022-01-26,35.287498474121094,35.54999923706055,35.26250076293945,35.38750076293945,31.469623565673828,44.383794527368174,-0.03273443011683885,0.4836842837280514,4.405289897060227,0.10188011410925775,-1.7186978878323498,-0.17227385701179415
2022-02-07,35.650001525878906,35.70000076293945,35.29999923706055,35.57500076293945,31.63636589050293,47.000340787872965,-0.032461594658315884,0.35171797217994166,11.013224742650568,0.20127485071879106,-1.6599340255137918,-0.17151015845782536
2022-02-08,35.82500076293945,35.875,35.70000076293945,35.724998474121094,31.769760131835938,49.06486708285267,-0.02838198412441939,0.27757606827412934,16.299491955855682,0.2673585473220982,-1.6129228012201666,-0.1561126406196772
2022-02-09,35.875,35.875,35.662498474121094,35.849998474121094,31.880922317504883,50.7853349069133,-0.035886980390329226,0.24409918287418303,20.70478185291591,0.32727481998135094,-1.5737466689431636,-0.13341307725470317
2022-02-10,35.974998474121094,36.26250076293945,35.875,36.26250076293945,32.24775695800781,56.05991563198391,-0.01376335540601914,0.3067091546722068,35.242319176481814,0.5387696423188318,-1.4444656340872215,-0.09070618767869554
2022-02-11,36.17499923706055,36.26250076293945,36.01250076293945,36.23749923706055,32.22551727294922,55.67036808082119,-0.0024971442484561512,0.3465987873117789,34.36120742155833,0.5338490457801028,-1.4523034148794154,-0.062320936120369846
2022-02-14,35.98749923706055,35.98749923706055,35.54999923706055,35.67499923706055,31.725296020507812,47.65008166484137,-0.02193284255505612,0.24911774518829335,14.537402884787312,0.2680086132525472,-1.6285929852534107,-0.07476183656501514
2022-02-15,35.67499923706055,35.79999923706055,35.48749923706055,35.51250076293945,31.580785751342773,45.605951440918,-0.004206138748150345,0.13373909823795707,8.928573861414735,0.20583404338632325,-1.6795217555553468,-0.08926856429692553
2022-02-16,35.974998474121094,36.11249923706055,35.95000076293945,36.099998474121094,32.103240966796875,53.39082200934892,0.00277776453822276,0.17237173545354945,38.953423383941704,0.48666420665608723,-1.4953964209708366,-0.06154200572121288
2022-02-17,36.099998474121094,36.25,36.0,36.125,32.12547302246094,53.69452397338097,0.02012016377159198,0.20617943228746788,42.331282600474054,0.5023135029089905,-1.4875613289542144,-0.0405807202646868
2022-02-18,35.875,36.037498474121094,35.76250076293945,36.025001525878906,32.03654098510742,52.228480490653915,0.018014750581636152,0.20809004732630643,76.25007629394531,0.46708691240561406,-1.5189030414084885,-0.03196034320133767
2022-02-21,35.86249923706055,35.962501525878906,35.70000076293945,35.95000076293945,31.9698486328125,51.10166100357448,0.010541120413886773,0.1905688541828595,68.75,0.44785078630004066,-1.5424069730705685,-0.030034774014314106
2022-02-22,35.650001525878906,35.662498474121094,35.1875,35.462501525878906,31.536325454711914,44.39640005669152,-0.007347700333755536,0.06639398303183736,25.58151913557247,0.22240798726139313,-1.6356228182539752,-0.05574815321665448
2022-02-23,35.462501525878906,35.599998474121094,35.412498474121094,35.5625,31.6252498626709,45.962674484814976,-0.008019606593803075,-0.009542513518460178,34.8836961728855,0.2783807886846818,-1.6210435260275136,-0.06396870625953825
2022-02-24,35.275001525878906,35.275001525878906,34.57500076293945,34.70000076293945,30.858238220214844,36.43043471038887,-0.043088849236936455,-0.2615698335231728,7.4074074074074066,-0.1581971863202183,-1.6918733183389285,-0.11527220127740725
2022-02-25,34.76250076293945,34.79999923706055,34.462501525878906,34.625,30.79153823852539,35.736356547317186,-0.04449824722061302,-0.4738704648191494,9.027696833164145,-0.07436240280221647,-1.6757325985805958,-0.1459348528877975
2022-03-01,34.76250076293945,35.20000076293945,34.712501525878906,35.11249923706055,31.225072860717773,43.29813771438691,-0.015767328363671895,-0.5258993008805918,36.110999260372274,0.2075227055202105,-2.1805722429793652,-0.12979641803510678
2022-03-02,35.0,35.025001525878906,34.79999923706055,34.912498474121094,31.047212600708008,41.158416285018646,-0.016895499524171242,-0.6059230660954692,24.999841054213228,0.14118925456911902,-2.2793835404220335,-0.12389193305794846
2022-03-03,35.125,35.20000076293945,34.962501525878906,34.98749923706055,31.113906860351562,42.309706942060984,-0.030817265691913898,-0.6450721042657908,29.166551872487332,0.21164135371172624,-2.242331158248545,-0.10882213956089741
2022-03-04,34.625,34.712501525878906,34.48749923706055,34.61249923706055,30.780426025390625,38.27692469607084,-0.04186855073324225,-0.7534477151065764,8.39148750912327,0.07926912362285295,-2.427598367308879,-0.11408790370902964
2022-03-07,34.224998474121094,34.224998474121094,33.4375,33.5,29.791091918945312,29.341678963526178,-0.07009024685923282,-1.0834968566854626,2.2222222222222223,-0.18407653071707872,-1.6727635739045073,-0.17341855554918106
2022-03-08,33.11249923706055,33.287498474121094,32.75,32.787498474121094,29.1574764251709,25.272674570649386,-0.08796951902847305,-1.4961771145379654,1.0713849748883928,-0.18162349207278414,-1.404782290251428,-0.24042943397086372
2022-03-09,33.04999923706055,33.3125,33.04999923706055,33.125,29.457612991333008,30.209813634489066,-0.06591485955978171,-1.7285921419072579,10.714285714285714,0.00626560843499724,-1.319334176096162,-0.24860344628207276
2022-03-10,33.79999923706055,34.13750076293945,33.79999923706055,34.087501525878906,30.313552856445312,41.982238282084644,-0.04147625748164785,-1.6696787553607138,40.68447594447887,0.26458330392903456,-1.0756502816630666,-0.18343446991994272
2022-03-11,33.962501525878906,33.962501525878906,33.54999923706055,33.599998474121094,29.88002586364746,38.44496507460343,-0.031700201080389845,-1.7181001529230873,26.459083903113267,0.18238180182626876,-1.1990743097435765,-0.15758447275491505
2022-03-14,33.75,33.837501525878906,33.5,33.599998474121094,29.88002586364746,38.44496507460344,-0.02960269044751629,-1.7372983865445926,29.18451225549906,0.2119519733922736,-1.2019926103864407,-0.12970810281017214
2022-03-15,33.287498474121094,33.287498474121094,32.849998474121094,32.912498474121094,29.268640518188477,33.78865241086707,-0.06265581352703764,-1.894303308243428,5.70170389902424,0.10307995372565636,-1.3766741376604361,-0.1407445204764871
2022-03-16,33.29999923706055,33.3125,32.775001525878906,33.04999923706055,29.39091682434082,35.471958586491056,-0.053347648230727684,-1.9652214288756045,11.881150723507888,0.17312528336530894,-1.341738050188338,-0.12845081443025674
2022-03-17,33.86249923706055,34.125,33.79999923706055,34.099998474121094,30.324665069580078,46.63025701444248,-0.025366206639167332,-1.7519611574134581,55.10196137659147,0.42111447708045363,-1.0749528372628359,-0.050099686410804034
2022-03-18,34.150001525878906,34.150001525878906,33.875,34.025001525878906,30.25797462463379,46.018192021638804,-0.01697349478937904,-1.5824710002379883,52.040862401576945,0.4228883951252641,-1.140030884267542,0.0018161856756613859
2022-03-21,34.20000076293945,34.412498474121094,34.20000076293945,34.25,30.458059310913086,48.214400960839534,0.02238814857080218,-1.3787440536666469,61.22447073038195,0.5005038160079963,-1.0954442336054186,0.05146226186259928
2022-03-22,34.20000076293945,34.25,34.07500076293945,34.20000076293945,30.41359519958496,47.74948403069326,0.043080503816499194,-1.2150981911474381,59.183686179745365,0.5117312130478727,-1.184199493381743,0.08135931874573948
2022-03-23,34.400001525878906,34.587501525878906,34.38750076293945,34.525001525878906,30.702613830566406,51.053350320416605,0.04226414542141277,-0.9968855063427756,90.44586730112078,0.6306206768179871,-1.1003814967006191,0.118407474999972
2022-03-24,34.375,34.525001525878906,34.26250076293945,34.5,30.680377960205078,50.787277941276045,0.012101026412077998,-0.8204582661015573,95.23801615146671,0.653218205537284,-1.2016517976655579,0.13786226651484618
2022-03-25,34.599998474121094,34.625,34.474998474121094,34.54999923706055,30.724851608276367,51.3335867338757,0.02827392949671892,-0.6612522012398728,95.99995930989583,0.6748053882176421,-1.208590922891757,0.14921305516118816
2022-03-28,34.25,34.25,33.88750076293945,34.17499923706055,30.39136505126953,47.110421684538814,0.01711307714241883,-0.6164155773374858,75.67561437296635,0.551667539624469,-1.3447078425480297,0.13042876067348536
2022-03-29,34.25,34.29999923706055,34.150001525878906,34.212501525878906,30.424713134765625,47.5748867494276,0.039498678316088,-0.5655239574521589,77.70276679189881,0.5868983836055077,-1.3310963841352235,0.11685433988325267
2022-03-30,34.51250076293945,34.67499923706055,34.51250076293945,34.63750076293945,30.80265998840332,52.65001828210243,0.048033314935358895,-0.4201912884659517,98.02639372140229,0.7621388229103284,-1.1768324102806833,0.12898211435014173
2022-03-31,34.63750076293945,34.662498474121094,34.525001525878906,34.525001525878906,30.702613830566406,51.23605550615836,0.012463410894040239,-0.32777719738108346,92.10537411182698,0.7387070572821609,-1.4252532879263229,0.12578539524968538
2022-04-01,34.150001525878906,34.23749923706055,34.037498474121094,34.23749923706055,30.446941375732422,47.709788819742535,0.006245188365806564,-0.31848623433964535,76.97365647204325,0.6308686171494159,-1.5783945646982829,0.10293276070108234
2022-04-06,33.8125,34.087501525878906,33.75,34.0625,30.291318893432617,45.65031477171294,-0.005474426843102398,-0.3483132642947888,67.76315921561698,0.545054961505199,-1.6592374446868685,0.07510850294252885
2022-04-07,33.775001525878906,33.775001525878906,33.45000076293945,33.45000076293945,29.74663734436035,39.26212714210564,-0.021929595986524886,-0.5106822662015321,0.0,0.24231148538876848,-1.9758778050607038,0.020626693441833904
2022-04-08,33.525001525878906,33.63750076293945,33.4375,33.63750076293945,29.913379669189453,41.94064157750328,-0.02570576452325435,-0.5887830600674185,16.16168777724004,0.30725612727303514,-1.888118581011217,-0.002353129357487549
2022-04-11,33.537498474121094,33.61249923706055,33.04999923706055,33.11249923706055,29.44649887084961,37.01806010107508,-0.04021720628591696,-0.7668342159918595,3.8461538461538463,0.0974828028176769,-2.1338456129924728,-0.04481446110749793
2022-04-12,33.037498474121094,33.212501525878906,32.900001525878906,33.13750076293945,29.46872901916504,37.394841102749794,-0.040882950555014785,-0.892617197244552,13.380255961143767,0.13801942775398635,-2.122145520837307,-0.06594447288880351
2022-04-13,33.349998474121094,33.79999923706055,33.29999923706055,33.76250076293945,30.0245361328125,46.08019811864876,-0.012070169202278325,-0.8340201516388495,48.59156897089006,0.41391270925714885,-1.8296151086286547,-0.038394820249489064
2022-04-14,33.9375,33.9375,33.63750076293945,33.63750076293945,29.913379669189453,44.743292358159685,-0.016806517231936824,-0.8081265251420414,41.549306368940805,0.3252188336544299,-1.888118581011217,-0.024254443139192727
2022-04-15,33.212501525878906,33.26250076293945,33.0,33.0625,29.40203285217285,39.120451021635795,-0.045470979998408656,-0.9147113735867881,9.154855417414383,0.03816754520795634,-2.3526891178904155,-0.04474393473749727
2022-04-18,33.0,33.0625,32.787498474121094,32.88750076293945,29.246408462524414,37.57288487603912,-0.04742936142434384,-1.0299686287726588,5.298132365394293,0.0333488186850631,-2.2580734200086092,-0.0630613093832271
2022-04-19,33.0625,33.23749923706055,32.962501525878906,33.0,29.346454620361328,39.23703224097708,-0.03614441075674779,-1.082456805885313,11.25835443626376,0.13090384796435986,-2.205068854499926,-0.06259698962944726
2022-04-20,33.04999923706055,33.17499923706055,32.912498474121094,33.162498474121094,29.4909610748291,41.65630031971107,-0.02642201950397871,-1.0728978752306142,19.867541638288024,0.22834691317063258,-2.1285091744695297,-0.047404984631637115
2022-04-21,33.3125,33.400001525878906,33.162498474121094,33.1875,29.513193130493164,42.03864985798244,-0.007847751366473199,-1.0473953853180296,21.333414713541668,0.26295929062382867,-2.11673060669325,-0.031473562778464415
2022-04-22,32.849998474121094,32.9375,32.712501525878906,32.900001525878906,29.25752830505371,38.88290856330794,-0.021925017212657605,-1.0843677167985788,12.295100420492835,0.18090643254826308,-2.1424979619287927,-0.03357683534243461
2022-04-25,32.5,32.51250076293945,32.162498474121094,32.3125,28.735071182250977,33.370082720197885,-0.02416000936881857,-1.2423863054765139,7.792274705327489,0.020304479485429124,-1.7461497516841609,-0.06382318069630999
2022-04-26,32.4375,32.45000076293945,32.212501525878906,32.3125,28.735071182250977,33.370082720197885,-0.02489614792809447,-1.353238403284791,8.45078292564463,0.07335562997934272,-1.7461497516841609,-0.07663603648873007
2022-04-27,31.75,31.75,31.512500762939453,31.637500762939453,28.134801864624023,28.067534244463275,-0.06293966573969045,-1.5892815726302543,5.154640796980961,-0.05330898868032582,-1.4500475977950145,-0.11598336417731125
2022-04-28,31.837499618530273,31.850000381469727,31.487499237060547,31.774999618530273,28.257078170776367,30.490527502702477,-0.05536992197906221,-1.7248677693582983,11.73470579351128,0.05759471334428032,-1.395465432559742,-0.12352380959719717
2022-04-29,32.224998474121094,32.375,32.0625,32.1875,28.62390899658203,37.312591239761595,-0.026464967898752523,-1.7120034449633226,28.57145081455439,0.20655872598437397,-1.2839184027047714,-0.0948446009351715
2022-05-03,32.13750076293945,32.17499923706055,31.862499237060547,31.950000762939453,28.41270637512207,35.17221712688858,-0.028506135666901744,-1.7410999350689536,18.87760742262006,0.1555269402059998,-1.5001064952503549,-0.08163960047645513
2022-05-04,32.07500076293945,32.11249923706055,31.875,31.950000762939453,28.41270637512207,35.17221712688858,-0.031818093780616286,-1.7447896391252469,18.87760742262006,0.1812584388473305,-1.5646115981366693,-0.0651612308213983
2022-05-05,32.375,32.45000076293945,32.23749923706055,32.3125,28.735071182250977,41.148229621083765,-0.0256312397096915,-1.639150634957332,43.137243168957475,0.3272891679040488,-1.505439672527804,-0.026773915622506916
2022-05-06,31.612499237060547,31.712499618530273,31.487499237060547,31.662500381469727,28.157033920288086,34.93030320076416,-0.045950948249103174,-1.6979732999256234,9.150375684899402,0.1282868792921738,-1.7413731753685848,-0.03406735767482355
2022-05-09,31.375,31.387500762939453,31.125,31.137500762939453,27.690156936645508,30.87244586586145,-0.053571557790733415,-1.8557022453932401,0.5494837167031648,0.012566387455450787,-1.603277533637154,-0.06243864343365868
2022-05-10,30.537500381469727,31.024999618530273,30.387500762939453,31.0,27.567880630493164,29.89298250167539,-0.04061902420059993,-1.9942702101552239,20.331919732458413,0.042639738656514076,-1.1762593629346738,-0.08039992311540806
2022-05-11,30.962499618530273,31.112499237060547,30.825000762939453,31.049999237060547,27.612340927124023,30.753245631446234,-0.03907177567113318,-2.0694257457365395,21.991645023673275,0.11146639342729633,-1.1637353330231426,-0.08007086455232015
2022-05-12,30.75,30.75,30.299999237060547,30.3125,26.956497192382812,25.73640406514454,-0.041880681367896244,-2.291737594358627,0.4739624388021492,-0.0284424522749448,-1.3011756270522021,-0.11280429566099148
2022-05-13,30.524999618530273,30.587499618530273,30.387500762939453,30.587499618530273,27.2010498046875,30.302186358173415,-0.03737217130895787,-2.373245611756763,12.994358562329955,0.09162225507629566,-1.381660369139368,-0.1068264190347108
2022-05-16,30.862499237060547,31.0,30.625,30.75,27.345558166503906,32.92638259959435,-0.04466024644749855,-2.370472005094225,20.93025318926208,0.17379039683422493,-1.3350448029710318,-0.08303952618034882
2022-05-17,30.787500381469727,31.125,30.787500381469727,31.087499618530273,27.645692825317383,38.13619004907665,-0.026995441394357167,-2.256345522696755,36.627898724295164,0.2913806505259247,-1.2382272425788812,-0.03921626462132388
2022-05-18,31.337499618530273,31.5,31.3125,31.424999237060547,27.945825576782227,42.91148917416447,-0.016432112878505656,-2.0555851852101017,52.32554425932826,0.40634641385691833,-1.1414102974600289,0.014957376964556901
2022-05-19,30.862499237060547,30.950000762939453,30.662500381469727,30.825000762939453,27.412261962890625,37.38644684605902,-0.0460346595618466,-2.0275995485695546,24.418658292081403,0.24545028511633019,-1.3135274651847606,0.019539919163466868
2022-05-20,30.9375,31.237499237060547,30.912500381469727,31.162500381469727,27.712387084960938,41.91661932091417,-0.01579167878924792,-1.8970004001401035,40.1163038271145,0.37175788401450044,-1.3630848923568675,0.045959028623408726
2022-05-23,31.325000762939453,31.399999618530273,31.125,31.225000381469727,27.767969131469727,42.74283436775468,0.002810103063057845,-1.7572007835628778,43.023278508188284,0.4148818920174322,-1.5264195974441108,0.06896902431664487
2022-05-24,31.25,31.299999237060547,30.850000381469727,30.875,27.45671844482422,39.365905391659204,-0.0040323080021605895,-1.7170526103892196,26.744202551409664,0.2927157611910974,-1.7044552438743095,0.06506842915079658
2022-05-25,30.924999237060547,31.174999237060547,30.862499237060547,31.112499237060547,27.667922973632812,42.67551207110261,0.002012942207815227,-1.6056253651369548,57.52210835897844,0.4132329020252851,-1.606220649030357,0.07769883981087977
2022-05-26,31.25,31.25,30.712499618530273,30.725000381469727,27.323328018188477,38.940818802592204,0.013608252703890544,-1.5992820286164717,35.41673951674174,0.25984004091475577,-1.7664972587427468,0.06438154165742105
2022-05-27,31.037500381469727,31.450000762939453,31.012500762939453,31.375,27.901365280151367,47.27601834579505,0.02574589879774347,-1.409937424874817,89.58333995606743,0.5645664408762423,-1.4976429091038121,0.09423233120663987
2022-05-30,31.8125,32.150001525878906,31.762500762939453,32.13750076293945,28.57944679260254,55.03112537874533,0.045122085955811464,-1.0508892496320654,99.32428392034922,0.9225110238203353,-1.1822563829598474,0.15574502990929717
2022-05-31,32.11249923706055,32.45000076293945,31.899999618530273,32.45000076293945,28.85734748840332,57.7724940275745,0.04382797243469083,-0.6788977555333824,100.0,1.013599058907861,-1.0530003371125416,0.2079846233148881
2022-06-01,32.32500076293945,32.51250076293945,32.25,32.287498474121094,28.71283721923828,55.865315121853065,0.027446376216321067,-0.42162852812239854,89.41165699678308,0.9179125293603605,-1.099360869250371,0.22424220817944357
2022-06-02,32.11249923706055,32.11249923706055,31.899999618530273,31.950000762939453,28.41270637512207,52.024076383752025,0.03649623710680272,-0.3007099386955609,70.19868754256797,0.7999053980703568,-1.2350131346186333,0.2066522828275139
2022-06-06,32.0625,32.25,31.862499237060547,32.17499923706055,28.612791061401367,54.2809842176722,0.03249102914447466,-0.14603035696129169,81.75667803858617,0.8673831563079201,-1.1445794404769698,0.20022107096118982
2022-06-07,31.987499237060547,31.987499237060547,31.712499618530273,31.850000381469727,28.323774337768555,50.57963567795043,0.020016055321414594,-0.10498609616222614,64.1891759533906,0.7147554566179647,-1.275208378017703,0.16945140560875277
2022-06-08,32.125,32.275001525878906,32.037498474121094,32.20000076293945,28.635025024414062,54.20152607578065,0.04291505490569514,0.01618257319090711,83.108111591213,0.8188806342070651,-1.1345301985882605,0.1629613155876132
2022-06-09,32.04999923706055,32.125,31.912500381469727,32.099998474121094,28.54609489440918,53.00621902723148,0.03173971250437746,0.08571726922645165,77.08322074685367,0.7540065435631735,-1.1747245799094468,0.146119387628685
2022-06-10,31.700000762939453,31.850000381469727,31.600000381469727,31.774999618530273,28.257078170776367,49.208142855688585,0.034174100313340894,0.057794551515029574,59.02774024895122,0.6116567043955543,-1.3845518080767463,0.11056991528446483
2022-06-13,31.024999618530273,31.0625,30.862499237060547,30.887500762939453,27.467836380004883,40.64365524111269,-0.015537909912060499,-0.18758944845757414,9.722279619251069,0.23109466493906172,-2.054668791443764,0.032983272257152266
2022-06-14,30.649999618530273,30.887500762939453,30.524999618530273,30.837499618530273,27.423370361328125,40.21893996024357,-0.04045132292671427,-0.3912041870553309,15.723261386744822,0.20504873014741257,-1.9425672811444663,-0.01942956063187136
2022-06-15,30.75,30.899999618530273,30.662500381469727,30.6875,27.28997802734375,38.905519856304295,-0.054314398150746124,-0.5850864285259146,8.176115114541616,0.16205646403343027,-2.0096828822396438,-0.058947155511788946
2022-06-16,31.024999618530273,31.25,30.5625,30.625,27.234399795532227,38.34366364833049,-0.05149046791918799,-0.7471049338807135,5.031462837192653,0.16979021678018547,-2.0376467563575855,-0.08321042070260265
2022-06-17,30.25,30.375,30.100000381469727,30.212499618530273,26.867568969726562,34.774096194406255,-0.0543819157878046,-0.9718174969346846,4.663180073447735,0.051538943826682136,-1.7218677308286778,-0.11631440714068891
2022-06-20,30.225000381469727,30.237499237060547,29.875,29.9375,26.623010635375977,32.59548015137672,-0.06954164037179866,-1.2090230108454856,2.3696675609809015,0.026227872747523973,-1.6149813929607104,-0.1451559718968189
2022-06-21,30.237499237060547,30.549999237060547,30.087499618530273,30.549999237060547,27.167701721191406,41.40122093694736,-0.04081633340213331,-1.2247056075851626,25.592380731987763,0.24700491876977967,-1.4084635054707444,-0.1191151168501583
2022-06-22,30.424999237060547,30.424999237060547,29.837499618530273,29.875,26.567434310913086,35.84383533087092,-0.07220495570505558,-1.398083401310368,1.5384759846410627,0.07920882604880569,-1.604453797618632,-0.13283721791536712
2022-06-23,29.950000762939453,29.950000762939453,29.3125,29.475000381469727,26.211719512939453,33.01558269676802,-0.08177564707552765,-1.6237066913015568,5.4852421188716995,0.035737840514575576,-1.3509936711803263,-0.15485309503485578
2022-06-24,29.662500381469727,29.825000762939453,29.487499237060547,29.537500381469727,26.267295837402344,33.8932344160031,-0.07041712951878609,-1.7678435851347665,7.594945673588273,0.09762344134161706,-1.333626073926431,-0.1543126615399218
2022-06-27,29.950000762939453,30.362499237060547,29.950000762939453,30.237499237060547,26.889799118041992,42.91527621146161,-0.021044149745397145,-1.678315029413513,31.22358685658806,0.2908014530189421,-1.1390938451066384,-0.10313103628869791
2022-06-28,30.200000762939453,30.200000762939453,29.8125,29.950000762939453,26.634130477905273,40.47220411829216,-0.028779828045345623,-1.6647178954630935,22.66669379340278,0.2468038673724316,-1.2189902761005695,-0.07869934241809651
2022-06-29,29.674999237060547,29.887500762939453,29.625,29.700000762939453,26.41180992126465,38.423818419433225,-0.03217914302456393,-1.7014216435287481,15.270963731442347,0.21248343290449614,-1.2884654334865964,-0.07000716856660644
2022-06-30,29.424999237060547,29.450000762939453,28.875,28.950000762939453,25.74484634399414,33.02386558694273,-0.05469382335286288,-1.9101744510404626,3.157926860608553,0.07619216518717392,-1.3026330150680476,-0.09985239736562762
2022-07-01,28.912500381469727,28.912500381469727,27.799999237060547,27.887500762939453,24.799976348876953,27.19335198667534,-0.07695495722665868,-2.3385581046949637,2.5362755515553457,-0.06325548742334643,-1.052395833244537,-0.16979534187713397
2022-07-04,27.8125,28.049999237060547,27.5,27.612499237060547,24.555423736572266,25.91790131059406,-0.07766164868132364,-2.7283340302699006,2.9999796549479165,-0.0302785029577409,-0.9986649889992956,-0.21612461581665665
2022-07-05,28.137500762939453,28.237499237060547,27.25,27.75,24.67770004272461,27.742791725369727,-0.09165301150684158,-2.971572444282029,12.5,0.05936075599334521,-0.8939003335676553,-0.22132188510543038
2022-07-06,27.75,27.762500762939453,27.112499237060547,27.212499618530273,24.19970703125,25.136123629405247,-0.08912141277754082,-3.280931949807168,2.9091020063920454,0.01925079324043655,-0.9631055885211308,-0.23826930946166414
2022-07-07,27.362499237060547,28.037500381469727,27.137500762939453,28.024999618530273,24.922252655029297,35.06783063701937,-0.0491942872070491,-3.2666935564187414,26.545465642755683,0.19484168981116795,-0.8443210665850718,-0.18453445640887467
2022-07-08,28.325000762939453,28.475000381469727,28.075000762939453,28.3125,25.17792320251465,38.192423341406396,-0.04147258406921828,-3.140260201613048,34.90911310369319,0.27051754990332766,-0.8495711608017916,-0.11868847631916868
2022-07-11,28.412500381469727,28.424999237060547,27.962499618530273,28.0625,24.95560073852539,36.54556765856384,-0.07193056262807229,-3.0757659379942734,28.6792683151533,0.2443147511453421,-0.9033046769332329,-0.07893711378360202
2022-07-12,27.737499237060547,27.737499237060547,27.287500381469727,27.387500762939453,24.35533332824707,32.474012003581876,-0.08555928460096007,-3.1801998078812206,8.461585411658653,0.14146549227528,-1.0483843868042386,-0.08156483397856618
2022-07-13,28.25,28.412500381469727,28.149999618530273,28.362499237060547,25.22238540649414,42.44804588886336,-0.04503381321902067,-2.9548076071249003,38.46153846153847,0.36425404899014346,-0.8388250107641287,-0.016790388187704952
2022-07-14,28.174999237060547,28.5625,27.950000762939453,28.5,25.34466552734375,43.710804369433205,-0.01554411361805419,-2.7061175666271136,42.69233116736778,0.41270663347845304,-0.8962788973721589,0.03934350825608102
2022-07-15,28.649999618530273,28.912500381469727,28.4375,28.875,25.678146362304688,47.1185213194243,0.035410114956319294,-2.375447750491658,57.08501674141616,0.5157361672807314,-0.799266290838068,0.10050770851344148
2022-07-18,28.662500381469727,28.712499618530273,28.487499237060547,28.549999237060547,25.791065216064453,48.26071347075555,0.050320511376549915,-2.053734614320809,51.8017733177538,0.5597153860733715,-0.7664171697443181,0.147313649535864
2022-07-19,28.487499237060547,28.662500381469727,28.399999618530273,28.575000762939453,25.81365203857422,48.50032814130529,0.04603151808648831,-1.7711219567642773,62.566869355475696,0.5934543940065685,-0.7741048146373817,0.17656593025592449
2022-07-20,28.962499618530273,29.049999237060547,28.674999237060547,28.762500762939453,25.9830322265625,50.35703291641432,0.0736920158995984,-1.4765851274281958,85.16136907762096,0.6607766015118883,-0.7295283109224755,0.20224804405503005
2022-07-21,28.850000381469727,29.087499618530273,28.75,29.087499618530273,26.27662467956543,53.48726967090036,0.05434388469145146,-1.1377430954501526,100.0,0.7528340493798438,-0.6391921715369586,0.23181211991844275
2022-07-22,29.149999618530273,29.299999237060547,29.075000762939453,29.200000762939453,26.37825584411621,54.555506197566984,0.04767401314027686,-0.8282131838667985,95.42864118303571,0.7812941942424775,-0.6079210439828722,0.24948066900406463
2022-07-25,29.075000762939453,29.237499237060547,29.0,29.174999237060547,26.355669021606445,54.2572658371484,0.056102367470548975,-0.5836739747989358,94.28571428571428,0.798464630643713,-0.6271270741440872,0.250271199173315
2022-07-26,29.149999618530273,29.149999618530273,28.825000762939453,28.912500381469727,26.1185359954834,51.098910059245796,0.0723949306491889,-0.4587276358863376,82.08096513231938,0.7387232261891212,-0.7401847549659776,0.22617921698645999
2022-07-27,28.875,29.174999237060547,28.787500381469727,29.174999237060547,26.355669021606445,53.9836083019261,0.04493165879625782,-0.28276003303916586,93.78881634378355,0.8247017076391837,-0.705777420923621,0.2175053429210244
2022-07-28,29.462499618530273,29.487499237060547,29.225000381469727,29.225000381469727,26.400835037231445,54.53375105535368,0.04167226072674812,-0.12805246714852841,88.06822763004007,0.8158518213521805,-0.6816480841385696,0.20620331432573835
2022-07-29,29.537500381469727,29.625,29.412500381469727,29.5,26.649261474609375,57.540572790381525,0.037818738884138225,0.07030214654088518,94.6524055444084,0.8555571383590413,-0.5663731828002372,0.20634810660051608
2022-08-01,29.524999618530273,29.524999618530273,29.299999237060547,29.412500381469727,26.570220947265625,56.265607766452966,0.03021029665404673,0.20032808969900187,87.3134498315839,0.7994616457645508,-0.5978320896032258,0.19229146844370243
2022-08-02,29.137500762939453,29.137500762939453,28.774999618530273,28.887500762939453,26.147071838378906,49.89202660760908,0.01291641335005389,0.17086669833604012,55.970174747375836,0.6413695440267917,-0.7662495942377968,0.1476720440926385
2022-08-03,28.912500381469727,29.0625,28.875,29.0625,26.30546760559082,52.08024141233957,0.012409459227729958,0.19408240316356695,54.08164695221353,0.6810415758343445,-0.7164857939863487,0.12301174234743936
2022-08-04,29.087499618530273,29.200000762939453,28.799999237060547,29.137500762939453,26.373353958129883,53.02703364716072,0.00368119116302168,0.2306837091601561,60.20415630600402,0.687317352039214,-0.7730787476040843,0.10609769770438707
2022-08-05,29.5,29.875,29.475000381469727,29.875,27.0408878326416,61.15451731730725,0.0251203867473746,0.4591651686997774,100.0,0.9053578829142003,-0.47730921166597184,0.13295180496426318
2022-08-08,29.75,29.8125,29.575000762939453,29.8125,26.984317779541016,60.20384616278465,0.02385250616932555,0.6148854323346049,94.79166997803371,0.8515445792570749,-0.49917203734349536,0.1393175601517062
2022-08-09,29.600000381469727,29.875,29.5,29.787500381469727,26.96169090270996,59.803394300266746,0.0322818594186276,0.7224097021008105,92.22225613064236,0.8634775506186554,-0.8954079230798202,0.1343565510910904
2022-08-10,29.5,29.549999237060547,29.375,29.475000381469727,26.678836822509766,54.88833610076768,0.01226179463091559,0.7129888969343444,63.63641092598276,0.70675830617794,-1.0423451658353604,0.10564289199002341
2022-08-11,29.950000762939453,30.112499237060547,29.899999618530273,30.012500762939453,27.165348052978516,60.84859693998117,0.028957910409611154,0.8433243902777521,92.52347643799868,0.9512030157712327,-1.102964578439661,0.11240506469508825
2022-08-12,30.137500762939453,30.25,30.075000762939453,30.200000762939453,27.335060119628906,62.69995455525918,0.025734245794126087,0.9857986349058427,96.61022209291048,0.9875984873873526,-0.9576428536816455,0.12057474081408015
2022-08-15,30.362499237060547,30.524999618530273,30.3125,30.475000381469727,27.583969116210938,65.29223614618226,0.03815354682060468,1.159282384335184,97.14290073939732,1.0381313091807833,-0.7660143540326286,0.13397769370883336
2022-08-16,30.5,30.575000762939453,30.475000381469727,30.524999618530273,27.629228591918945,65.75823258294702,0.05668538193116213,1.2941190401702902,97.2221604100373,0.9925091149381257,-0.9324051606789355,0.13665635923850994
2022-08-17,30.524999618530273,30.575000762939453,30.450000762939453,30.537500381469727,27.640541076660156,65.88153698787613,0.05075269868175947,1.3872507115268427,97.91664679846437,0.9393837596027457,-0.989922443579083,0.1299949439957931
2022-08-18,30.350000381469727,30.362499237060547,30.237499237060547,30.337499618530273,27.459514617919922,62.03201303548006,0.04118401707702479,1.390320513006506,86.80550036610474,0.8143901054984124,-1.1128245356933577,0.1052576426600833
2022-08-19,30.3125,30.5,30.225000381469727,30.387500762939453,27.50477409362793,62.62008937791311,0.0171549937212625,1.389783400203467,89.58333995606743,0.8020535285068751,-1.0876803985084542,0.0846886325540922
2022-08-22,30.0,30.0625,29.9375,30.012500762939453,27.165348052978516,55.6576514485584,0.006708721521755612,1.273629135368167,68.30988639733853,0.6255943466227849,-1.2762503012019466,0.04306773465333835
2022-08-23,29.637500762939453,29.75,29.549999237060547,29.549999237060547,26.746721267700195,48.49590043052821,-0.007973151082603658,1.0450883377432203,42.25348480354863,0.4038673335505031,-1.508820589603473,-0.014718809004920896
2022-08-24,29.700000762939453,29.737499237060547,29.412500381469727,29.475000381469727,26.678836822509766,47.430098957473355,0.0,0.8340403935278285,8.333359824269724,0.35652928279641827,-1.546534146287189,-0.05719129624769925
2022-08-25,29.625,29.862499237060547,29.612499237060547,29.75,26.92774772644043,51.62792412196943,-0.008746448824241582,0.7326040096668883,31.249980131797706,0.4728020472355555,-1.4082503986885926,-0.06749126202613914
2022-08-26,29.962499618530273,30.024999618530273,29.862499237060547,29.899999618530273,27.06351661682129,53.79520531294577,-0.009933890820771452,0.6848777013159413,43.749940395393125,0.5363162483125963,-1.3328232853211601,-0.06415280615619082
2022-08-29,29.0625,29.237499237060547,29.0,29.137500762939453,26.373353958129883,43.199396978261426,-0.04388835968387095,0.4356383792284424,8.730202941796225,0.16725915252448292,-1.7162467408200957,-0.1050038639034939
2022-08-30,29.137500762939453,29.299999237060547,29.049999237060547,29.1875,26.418609619140625,43.978599986215194,-0.04381660417158384,0.24841678875419812,11.90475613802658,0.16818159821434656,-1.7236268004281055,-0.12423856860463
2022-08-31,28.987499237060547,29.399999618530273,28.950000762939453,29.399999618530273,26.61094856262207,47.288264590879756,-0.0372493617683729,0.1558632031345723,27.692237267127407,0.257518616239707,-1.6152669254211207,-0.1192465706878621
2022-09-01,28.875,28.899999618530273,28.6875,28.787500381469727,26.056556701660156,39.96016157243726,-0.051091868730418266,-0.08383347344594091,5.2980313138519435,-0.025683978006369006,-1.775876680739778,-0.14671426208365568
2022-09-02,28.774999618530273,28.774999618530273,28.462499618530273,28.475000381469727,25.77370262145996,36.824658682991675,-0.06293712743377922,-0.35628528451898644,0.591751771237469,-0.05315097870578959,-1.6548026227045247,-0.17542385783372386
2022-09-05,28.524999618530273,28.6875,28.424999237060547,28.537500381469727,25.830272674560547,37.87458327124731,-0.04914626441797365,-0.5498427469712648,5.232607654228988,0.04838597274372988,-1.5888487074395408,-0.18134576903660177
2022-09-06,28.700000762939453,28.850000381469727,28.5625,28.725000381469727,25.99998664855957,41.04036519110032,-0.02791873484853613,-0.6447442663768441,14.457881161653022,0.1606436419116982,-1.5099120313692085,-0.16504046026834227
2022-09-07,28.274999618530273,28.287500381469727,28.024999618530273,28.049999237060547,25.389019012451172,34.27001334349302,-0.04834610364160763,-0.8975097838626336,1.0100854414991218,0.002432446815419403,-1.415717420817018,-0.18510342781311973
2022-09-08,28.262500762939453,28.262500762939453,28.100000381469727,28.25,25.57004737854004,37.55699245625192,-0.05042012282992614,-1.0316913020641731,11.04296144020475,0.11980174792579804,-1.3447259365638569,-0.17594436970141902
2022-09-12,28.825000762939453,28.912500381469727,28.75,28.850000381469727,26.113128662109375,46.242158233377594,-0.03511694241986285,-0.959954421947264,41.250038146972656,0.32388883353528,-1.131752979763414,-0.1254432608133839
2022-09-13,29.024999618530273,29.100000381469727,28.9375,29.0,26.248897552490234,48.18255443541837,-0.004719020790349027,-0.8514098753596171,48.75001907348633,0.3884565271932998,-1.0785103015479436,-0.07738492181571524
2022-09-14,28.262500762939453,28.487499237060547,28.200000762939453,28.412500381469727,25.71712875366211,41.81607775693047,-0.026552527767028433,-0.9189528455057315,19.375038146972656,0.2226970341421162,-1.287046991813364,-0.07580128114928295
2022-09-15,28.375,28.5625,28.299999237060547,28.462499618530273,25.762388229370117,42.51231223034254,-0.03188763945242623,-0.9479460682371493,21.875,0.2589373472995354,-1.296186278959905,-0.06643273520252621
2022-09-16,28.162500381469727,28.212499618530273,28.075000762939453,28.137500762939453,25.468217849731445,39.22675513171885,-0.02257930158098076,-1.050426758322509,8.181901411576705,0.16907225669600925,-1.415042979686547,-0.0741860828607663
2022-09-19,28.237499237060547,28.237499237060547,27.975000381469727,28.012500762939453,25.35507583618164,38.01000374311551,-0.016242399915398997,-1.1542872396744568,2.6316071261260054,0.14252727092045253,-1.6370539037380383,-0.08054276593070708
2022-09-20,28.137500762939453,28.287500381469727,28.0625,28.262500762939453,25.581361770629883,41.89215602884453,-0.009636402490470375,-1.153346502422597,20.175476168168007,0.2615559362714422,-1.5496290252049232,-0.0638457469328034
2022-09-21,28.200000762939453,28.200000762939453,27.950000762939453,28.024999618530273,25.366390228271484,39.36971334898939,-0.024369105601951824,-1.2062208700752115,6.521641779905163,0.19180792605433178,-1.627114197391848,-0.06158890336954037
2022-09-22,27.600000381469727,27.6875,27.375,27.6875,25.060909271240234,36.0480317261787,-0.012923293375377232,-1.3292707618531483,18.115938022793088,0.09790408297028338,-1.2552419101415535,-0.07413691531385558
2022-09-23,27.5625,27.587499618530273,27.337499618530273,27.424999237060547,24.82331085205078,33.66864273429688,-0.029203564445327013,-1.4857045833397826,4.964515214412948,0.03804265225750995,-1.3175120991551597,-0.09080545834645015
2022-09-26,27.012500762939453,27.012500762939453,26.787500381469727,26.912500381469727,24.35942840576172,29.565486975701972,-0.06715779939813593,-1.738419148880517,5.405405405405405,-0.09868408682055403,-1.3114058123591852,-0.12341683182911678
2022-09-27,26.950000762939453,26.987499237060547,26.75,26.875,24.325485229492188,29.284260708233234,-0.07327592784237036,-1.9300463498613067,5.319148072725974,-0.017711270553349114,-1.2969113658561509,-0.136592308767722
2022-09-28,26.899999618530273,26.912500381469727,26.3125,26.3125,23.816349029541016,25.383973158724856,-0.0739110396937459,-2.222565409120313,0.0,-0.09005556261123973,-1.190470049835088,-0.16690944914818223
2022-09-29,26.612499237060547,26.612499237060547,26.149999618530273,26.225000381469727,23.737152099609375,24.829988256169372,-0.07861212678457719,-2.45582896490548,2.5423980861862736,-0.03232615776194695,-1.1999142016616564,-0.17856323729630508
2022-09-30,25.825000762939453,25.975000381469727,25.75,25.862499237060547,23.40903663635254,22.626740389211392,-0.08085297626746268,-2.720314931431814,3.358185798509991,-0.03246192391781798,-1.0807949543517434,-0.19338670454303275
2022-10-03,25.625,25.899999618530273,25.512500762939453,25.549999237060547,23.126182556152344,20.90467111960848,-0.08790718254719909,-2.9933141882473704,1.2294584754464761,-0.012886918648765601,-1.047175877500089,-0.20609055144858424
2022-10-04,26.137500762939453,26.200000762939453,26.024999618530273,26.200000762939453,23.714521408081055,32.42499011879137,-0.07297658268889184,-2.984889100001256,22.54098924505246,0.18092275330614205,-0.883178967538119,-0.16073268502374694
2022-10-05,26.625,26.962499618530273,26.587499618530273,26.8125,24.2689151763916,41.12675138315788,-0.043264928198444186,-2.763680031224062,46.846825793405586,0.3432612133740993,-0.7286441027963992,-0.08316054946660179
2022-10-06,26.950000762939453,27.0,26.875,27.0,24.438627243041992,43.52426987743349,-0.024830784129304062,-2.50328798933453,53.603583478990636,0.4003704728166119,-0.6813375983514125,-0.013823541438682918
2022-10-07,26.850000381469727,26.850000381469727,26.524999618530273,26.549999237060547,24.03131866455078,39.37942005663901,-0.03190517945895077,-2.4042172206665033,37.387337540269115,0.31203141257257205,-0.7948731026863446,0.009924484759707641
2022-10-11,25.5,25.537500381469727,25.125,25.174999237060547,22.78675651550293,29.98353238620959,-0.06456111629806571,-2.7103672509715095,1.625991045698201,0.04263865825049481,-0.9702372981389554,-0.04960087722658113
2022-10-12,25.100000381469727,25.174999237060547,24.887500762939453,25.049999237060547,22.673616409301758,29.29913556437174,-0.06790692167520285,-2.9621975470438864,5.8035185142295065,0.06113969042770333,-0.9844176362573815,-0.08588220581838191
2022-10-13,25.137500762939453,25.137500762939453,24.75,24.75,22.40207862854004,27.666895678909626,-0.05938233434716467,-3.2218848610444737,0.0,0.05388750891279004,-0.9978482285796623,-0.11560552401880053
2022-10-14,25.4375,25.575000762939453,25.274999618530273,25.462499618530273,23.04698371887207,36.68810419253986,-0.029075450072574727,-3.1754161764655793,31.4916852273053,0.23580245727609211,-0.863417978086656,-0.08091153147077268
2022-10-17,24.987499237060547,25.024999618530273,24.762500762939453,24.987499237060547,22.617042541503906,33.67296799588492,-0.033832835889483936,-3.250306331292037,10.555521647135418,0.1617081513654308,-0.9849561069926764,-0.07607049695559798
2022-10-18,25.375,25.387500762939453,24.987499237060547,25.274999618530273,22.87727165222168,37.0453812054973,-0.010763164362569855,-3.185827985306116,23.333316379123264,0.2515357900899909,-0.9113931154292223,-0.04597605774417546
2022-10-19,25.200000762939453,25.25,24.887500762939453,24.9375,22.57179069519043,34.80798910490829,-0.04818696077506435,-3.2049478907198385,8.333333333333332,0.19261130357926992,-1.0133648762656224,-0.03762838012733749
2022-10-20,24.549999237060547,24.862499237060547,24.337499618530273,24.799999237060547,22.44733238220215,33.909417254386554,-0.07505827025846867,-3.2283710938853667,17.370875202465477,0.1791316248911115,-0.9462289615199573,-0.031710545497088516
2022-10-21,24.825000762939453,24.962499618530273,24.674999237060547,24.725000381469727,22.37944793701172,33.4029059158667,-0.08425920513258578,-3.235596711739963,14.554017180104548,0.181813131582859,-0.9844774404672472,-0.023943225223476805
2022-10-24,25.1875,25.200000762939453,24.649999618530273,24.649999618530273,22.311561584472656,32.87407208048933,-0.0715631590627186,-3.2299926713690064,11.737087520246547,0.18385550190891373,-1.1393596887208364,-0.015369409211752227
2022-10-25,24.649999618530273,24.649999618530273,24.125,24.174999237060547,21.881622314453125,29.67026916066682,-0.0397219411386609,-3.3409403674147677,1.739103897758152,0.09042962242930996,-1.1623052819293478,-0.02980989227815911
2022-10-26,24.212499618530273,24.5,24.125,24.399999618530273,22.08527946472168,33.001133728165726,-0.025948085826251965,-3.321521983734841,9.56520412279212,0.1854299518471193,-1.09146801227072,-0.017415712041127906
2022-10-27,24.625,24.837499618530273,24.625,24.75,22.40207862854004,37.9260247578296,0.0,-3.158634799442578,22.93577660575984,0.3114683122496415,-0.9812769987686821,0.018408344787201436
2022-10-28,24.649999618530273,24.649999618530273,24.3125,24.4375,22.11922264099121,35.42237873062113,-0.0402552060259912,-3.095389322558832,21.551712798171053,0.24294738182117356,-1.0796616900900136,0.02872929089754528
2022-10-31,24.712499618530273,24.837499618530273,24.524999618530273,24.762500762939453,22.413389205932617,39.86820404209957,-0.009004419353130344,-2.9076580152576397,43.965546724755264,0.3584631217765372,-0.9773428848930028,0.059283091642297614
2022-11-01,24.712499618530273,24.987499237060547,24.700000762939453,24.899999618530273,22.537845611572266,41.6970188949138,-0.01483682345558246,-2.6836802129902226,53.44822143122104,0.4106834272791386,-0.9340537003226903,0.08995114892321232
2022-11-02,24.899999618530273,25.012500762939453,24.850000381469727,25.0,22.628358840942383,43.05349494388774,0.002506143465347943,-2.4456542266402077,60.34479583487894,0.4581577689642383,-0.9025708379330843,0.11671195867253614
2022-11-03,24.625,24.712499618530273,24.587499618530273,24.674999237060547,22.334190368652344,39.81159439697552,-0.005040332259681368,-2.3352372862603876,43.564269678538295,0.3707194241394098,-1.0048903065557067,0.11480543782225028
2022-11-04,24.524999618530273,24.737499237060547,24.375,24.712499618530273,22.368131637573242,40.36951990150295,-0.0005056558799093613,-2.210434931024773,46.53459512867231,0.39960299053273574,-1.0267222445815558,0.11570826484830998
2022-11-07,24.950000762939453,25.212499618530273,24.887500762939453,25.137500762939453,22.75281524658203,46.43047995505851,0.019776906266231853,-1.9514726637243713,90.00006781684029,0.7434058416511162,-1.3283338147741839,0.14044444321798288
2022-11-08,25.362499237060547,25.487499237060547,25.3125,25.399999618530273,22.99040985107422,49.82280216418762,0.05067209006202078,-1.642397474175937,93.578006053123,0.924698619982771,-1.1644755530650426,0.1691152151997466
2022-11-09,25.637500762939453,26.125,25.637500762939453,26.125,23.64663314819336,57.775948859327585,0.07069657805171703,-1.1512021995956891,100.0,1.2091645562043365,-0.62118342590332,0.22507960237490537
2022-11-10,25.862499237060547,25.962499618530273,25.799999237060547,25.875,23.420352935791016,54.56435072429502,0.045454456442881375,-0.8333989491180489,87.5,0.9765906308797035,-0.7343235321044919,0.23838503890431528
2022-11-11,27.137500762939453,27.25,26.950000762939453,27.25,24.6649112701416,65.81861539600418,0.11508942563075131,-0.144556855081492,100.0,1.2901105648760496,-0.20922839355468795,0.3175773308238575
2022-11-14,27.450000762939453,27.600000381469727,27.350000381469727,27.5,24.89119529724121,67.39973540935661,0.1105502638865854,0.4687376866400822,97.12229149662906,1.1564025822386566,-0.1615121688829415,0.368207126069409
2022-11-15,27.799999237060547,28.737499237060547,27.799999237060547,28.674999237060547,25.954727172851562,73.58440932273393,0.1516063966435579,1.2965116375632737,98.58757037794389,1.204085058508597,0.014688883577487592,0.4508723874260382
2022-11-16,28.75,28.9375,28.462499618530273,28.625,25.909469604492188,72.95017837743895,0.14499994394702465,1.9034789968331567,93.24324324324324,1.0585569764672382,-0.011201121144480354,0.47749542735990924
2022-11-17,28.487499237060547,28.662500381469727,28.212499618530273,28.637500762939453,25.920787811279297,73.01282391705945,0.16058775283213333,2.3522693524046145,93.4246742562072,0.9744347256191953,-0.008849285967938146,0.4701188900105995
2022-11-18,28.725000381469727,28.962499618530273,28.512500762939453,28.5625,25.8528995513916,71.93666163974905,0.15579164010125734,2.648202781819833,91.28066154132077,0.9034390232675398,-0.02481143407788584,0.4356924988704178
2022-11-21,28.587499618530273,28.662500381469727,28.424999237060547,28.462499618530273,25.762388229370117,70.44583597484981,0.13227255397505977,2.8158102247342565,89.10081653237961,0.8453758602764089,-0.04352178635879899,0.38367968941711394
2022-11-22,28.350000381469727,28.75,28.262500762939453,28.700000762939453,25.977359771728516,71.93357392805041,0.12992156033767843,2.9804374578080752,94.27795362575053,0.8409186264528017,0.0009167788733179672,0.3419913702077675
2022-11-23,28.912500381469727,28.975000381469727,28.762500762939453,28.899999618530273,26.158382415771484,73.15888114933387,0.10622016469900819,3.129332462461703,98.36954876696142,0.831951760750932,0.013899681447236944,0.3060136051542363
2022-11-24,29.0,29.212499618530273,28.975000381469727,29.174999237060547,26.40729522705078,74.78874516221201,0.12753617759086433,3.285149928809128,99.13293892734212,0.8322616799721934,0.04550926329237221,0.2791362436711766
2022-11-25,29.162500381469727,29.237499237060547,29.087499618530273,29.174999237060547,26.40729522705078,74.78874516221201,0.07064221467597354,3.3657591992957028,98.40764300258039,0.8014918446928979,0.03595281150097113,0.2428505524707345
2022-11-28,28.649999618530273,28.825000762939453,28.475000381469727,28.587499618530273,25.87552833557129,65.00821478164974,0.03954543068645555,3.2215601460338665,81.94444738788495,0.6983742760360353,-0.07340800596230382,0.1680804321225563
2022-11-29,28.462499618530273,28.850000381469727,28.274999618530273,28.850000381469727,26.113128662109375,67.07978314427868,0.006102991882862119,3.1451684930804067,88.72730601917613,0.7140426297071165,-0.02454417792770677,0.12182471958008279
2022-11-30,28.774999618530273,29.100000381469727,28.712499618530273,29.087499618530273,26.328096389770508,68.87514276700585,0.01615728888582657,3.1149902880042344,93.4426352529959,0.7269137326812868,0.019665130327338635,0.094144063554782
2022-12-01,29.799999237060547,29.875,29.5,29.587499618530273,26.780662536621094,72.30013717559616,0.03317317095461214,3.1939590842835583,88.61384455823911,0.782747627475797,0.05539318847656267,0.09450536149997713
2022-12-02,29.325000762939453,29.487499237060547,29.25,29.325000762939453,26.543067932128906,68.0654768208783,0.026695975798202376,3.1436620056459885,73.49402241754282,0.7256715005941641,-0.05005665715446088,0.06816402945098099
2022-12-05,29.325000762939453,29.625,29.299999237060547,29.362499237060547,26.577007293701172,68.3506417727797,0.031620479323510864,3.077401158055167,69.17289351318048,0.7197860965799875,-0.10484771644905855,0.04364016614062605
2022-12-06,29.200000762939453,29.200000762939453,28.799999237060547,28.825000762939453,26.090499877929688,60.070002919417234,0.004355335076211331,2.840515175693959,36.84216564616368,0.5891345697076075,-0.275097534737382,-0.011772123773721832
2022-12-07,28.625,28.962499618530273,28.549999237060547,28.649999618530273,25.932100296020508,57.622287130395634,-0.008650463020012489,2.57400909958414,24.030948150846804,0.5174928033584364,-0.34958256828774886,-0.06267397078470738
2022-12-08,28.512500762939453,28.524999618530273,28.112499237060547,28.3125,25.626615524291992,53.12622301846261,-0.029563031580723376,2.2422375234779013,11.347556105785568,0.32332241486259106,-0.8344395158398008,-0.11732418717342008
2022-12-09,28.5,28.8125,28.487499237060547,28.75,26.022615432739258,57.7304796867889,-0.01456717891794801,2.0786158282850877,36.17024039616561,0.4791389770013624,-0.9076970888190079,-0.12642443517430324
2022-12-12,28.549999237060547,28.549999237060547,28.3125,28.475000381469727,25.77370262145996,54.131211784677824,-0.003935212946795996,1.8502091488034271,20.567431914446928,0.23634563621463953,-1.3585281303945778,-0.14736647168002104
2022-12-13,28.625,28.625,28.3125,28.350000381469727,25.660560607910156,52.528106340822646,-0.01733105443071259,1.615422404603741,13.475236402909774,0.17174654263095604,-1.7731702512179965,-0.16563244252441356
2022-12-14,28.524999618530273,28.75,28.5,28.700000762939453,25.977359771728516,56.41987994694647,-0.013321761393211395,1.5107605262039614,33.33340547887686,0.413145822796558,-1.5934261226026931,-0.15344822352238163
2022-12-15,28.575000762939453,28.762500762939453,28.475000381469727,28.725000381469727,25.99998664855957,56.69296300199745,-0.02915073094229803,1.4184520270487162,34.75182293752124,0.4272375620124325,-1.5805881838585885,-0.14124078091100756
2022-12-16,28.125,28.325000762939453,28.0625,28.25,25.57004737854004,50.249685136616264,-0.03665817968280449,1.1974720626026871,10.344827586206897,0.12303287947495128,-1.7571462739089432,-0.1582185144099405
2022-12-19,28.087499618530273,28.237499237060547,28.0,28.087499618530273,25.422962188720703,48.23018830319645,-0.04342268834963903,0.9652267053938182,4.666646321614584,0.05860456041067424,-1.7564201660156242,-0.1741872514412836
2022-12-20,28.037500381469727,28.125,27.512500762939453,27.575000762939453,24.959081649780273,42.43748410764116,-0.04336514185021412,0.6282149092271472,2.645503499834495,-0.10029136349489737,-1.4628126720651042,-0.20850659256069976
2022-12-21,27.700000762939453,27.850000381469727,27.575000762939453,27.6875,25.060909271240234,44.02671614343361,-0.03359508157208402,0.3880280393779676,8.283990544964688,0.038427827673974964,-1.4197110194327605,-0.2159512583404029
2022-12-22,27.9375,28.1875,27.9375,28.149999618530273,25.479534149169922,50.12333528908754,-0.005739399140813117,0.32579642929412,30.177471518421612,0.2776368690197217,-1.2425152466838363,-0.1854516791723051
2022-12-23,27.674999237060547,27.762500762939453,27.600000381469727,27.674999237060547,25.049592971801758,44.73422704110809,-0.037391416840958036,0.13892861966791795,9.629539207175926,0.10790673677696795,-1.4245009889959068,-0.1864990420654909
2022-12-26,27.700000762939453,27.799999237060547,27.674999237060547,27.774999618530273,25.140106201171875,46.04933512816787,-0.024583057762160077,0.018997276750743922,18.103383639145136,0.18558912089635946,-1.386188498583112,-0.17362525917992488
2022-12-27,27.850000381469727,28.0625,27.850000381469727,27.899999618530273,25.253246307373047,47.72388359348641,-0.015873164532950623,-0.039813546670437294,29.807621769609753,0.2632040931910889,-1.3382984910748166,-0.15086111528413532
2022-12-28,27.625,27.625,27.350000381469727,27.5,24.89119529724121,43.112396955805444,-0.04181196565131273,-0.19937629578966748,10.256386848224567,0.13910360963955276,-1.3557843388902031,-0.1530729626677259
2022-12-29,27.299999237060547,27.399999618530273,27.100000381469727,27.375,24.778053283691406,41.754559130457906,-0.04699746124430648,-0.3582612723953596,16.541326642413228,0.11435592957426581,-1.3015831479490907,-0.1545896539146675
2022-12-30,27.649999618530273,27.6875,27.549999237060547,27.549999237060547,24.936450958251953,44.39495770753449,-0.024778852025899578,-0.42901063851376386,27.067594125482287,0.21044052947440534,-1.2388513861705501,-0.13790975768066405
2023-01-03,27.399999618530273,27.725000381469727,27.112499237060547,27.6875,25.060909271240234,46.449116375191906,-0.014241177514754733,-0.4403052842057136,35.3383148105444,0.28582625304981535,-1.3529955903924142,-0.11255058719586977
2023-01-04,27.575000762939453,27.700000762939453,27.524999618530273,27.625,25.004335403442383,45.62404738372161,0.0018131177379481223,-0.4621260381886802,31.578917176918157,0.27480829619407326,-1.5071897108611907,-0.09437731067574788
2023-01-05,27.8125,27.924999237060547,27.737499237060547,27.825000762939453,25.18536376953125,48.760461922914196,0.004966080717344168,-0.41661264999605246,59.183686179745365,0.40120697847718334,-1.5000362268236211,-0.06628236199777428
2023-01-06,27.799999237060547,28.049999237060547,27.787500381469727,27.950000762939453,25.298503875732422,50.675357771368226,-0.007104928699938506,-0.3403523113584499,74.7253834403406,0.48233698749668463,-1.433968996806792,-0.03762288429653547
2023-01-09,28.5,28.950000762939453,28.475000381469727,28.950000762939453,26.20363998413086,62.68866809514563,0.04607048959351179,0.009025065505307451,100.0,1.0282886263647386,-0.8665190337889312,0.040517136857900406
2023-01-10,28.987499237060547,29.100000381469727,28.9375,29.0625,26.30546760559082,63.75808317452125,0.04635467309062613,0.3130921858578206,98.12498092651367,1.0178130940035601,-0.7792663879394528,0.09421675731020679
2023-01-11,29.162500381469727,29.1875,28.975000381469727,29.087499618530273,26.328096389770508,64.00498720977023,0.04256284793308507,0.5533890595717779,95.20956168891983,0.9656701706726654,-0.7517744348536386,0.12451356143283471
2023-01-12,29.125,29.149999618530273,28.912500381469727,28.962499618530273,26.214954376220703,61.74017473141781,0.05318182044581077,0.6990682005427276,89.2215366425724,0.8899745148143238,-0.8059742117280716,0.12960535841395138
2023-01-13,29.625,29.649999618530273,29.237499237060547,29.299999237060547,26.520437240600586,65.30942921479067,0.07031964686491299,0.8990418633261705,86.27449073776268,0.9849211529301096,-0.6092797310862021,0.14505248970648432
2023-01-16,29.524999618530273,29.637500762939453,29.5,29.524999618530273,26.724090576171875,67.48704065421363,0.07168781238808797,1.1069049362473826,95.09803774905868,0.9890503773607402,-0.5294156540263024,0.15935125318035928
2023-01-17,29.587499618530273,29.587499618530273,29.450000762939453,29.524999618530273,26.724090576171875,67.48704065421363,0.06636556107883518,1.2556627186858165,95.09803774905868,0.9247360319372689,-0.5294156540263024,0.15882080329991616
2023-01-30,30.200000762939453,30.25,30.0,30.174999237060547,27.92725372314453,77.26528393763655,0.11689646105529938,1.722332660062029,97.61902311040764,1.1518603697446184,-0.11937985972811534,0.22544457333229267
2023-01-31,30.149999618530273,30.149999618530273,29.575000762939453,29.575000762939453,27.371950149536133,67.21735837784573,0.08681972593344756,1.8956757643706579,78.48608532518234,0.9240364206985178,-0.2956667298412908,0.21793170750296398
2023-02-01,29.774999618530273,29.862499237060547,29.612499237060547,29.75,27.533912658691406,68.5038819414901,0.08836130365413819,2.0562832299149134,84.06374889510589,0.9080115766605277,-0.2442500540415515,0.20962280671519773
2023-02-02,30.075000762939453,30.274999618530273,30.0625,30.25,27.996665954589844,71.89732919293895,0.06842659918793181,2.294163981715982,99.09092296253552,0.9514897434180346,-0.09958557839835566,0.21996852547533657
2023-02-03,30.237499237060547,30.299999237060547,30.049999237060547,30.25,27.996665954589844,71.89732919293895,0.06429075408792895,2.450949673975972,98.04881026105183,0.8962661462102728,-0.10179190818974088,0.21143107166239106
2023-02-06,30.024999618530273,30.024999618530273,29.8125,29.8125,27.591758728027344,64.81119347384642,0.047996722571549855,2.4241313276066196,80.59703645333958,0.7763167277861606,-0.2283254617424472,0.16518343110229394
2023-02-07,29.774999618530273,29.8125,29.637500762939453,29.75,27.533912658691406,63.84310792287568,0.05031320152390251,2.357587081765089,69.86303660543986,0.7394484554563078,-0.246402364874732,0.11949629959896246
2023-02-08,30.024999618530273,30.237499237060547,30.0,30.212499618530273,27.961959838867188,67.68915428232515,0.054355159577073264,2.403281993820435,93.69371598558799,0.8066080051058837,-0.11550255629595531,0.10729169505155922
2023-02-09,30.125,30.25,30.075000762939453,30.225000381469727,27.973529815673828,67.78889089906508,0.04675329309862453,2.413579711098097,94.59467261622464,0.7838693479133334,-0.11187275965073472,0.08988993364509512
2023-02-10,30.225000381469727,30.274999618530273,30.149999618530273,30.25,27.996665954589844,68.00159590128048,0.04761903402440337,2.3996639733808087,96.39644841081643,0.7665997780613719,-0.21203012580254685,0.07067617219651812
2023-02-13,30.174999237060547,30.225000381469727,29.975000381469727,30.1875,27.93882179260254,66.81366641386154,0.0004142215189752996,2.3436657509853798,89.41183651194852,0.735341106182611,-0.30343510027629517,0.046004842438532756
2023-02-14,30.3125,30.450000762939453,30.3125,30.412500381469727,28.147064208984375,68.91872745404206,0.028317823728806424,2.3325805730382645,96.24996185302734,0.7764866149667655,-0.24695257239506344,0.03608229593124401
2023-02-15,29.987499237060547,30.0625,29.700000762939453,29.712499618530273,27.49920654296875,56.83923391395968,-0.0012604861558497271,2.1094735825499344,26.24988555908203,0.5611936118365126,-0.87607273419098,-0.018792388785618952
2023-02-16,29.825000762939453,30.125,29.825000762939453,30.075000762939453,27.83470344543457,60.682423529963344,-0.005785064172211585,2.0076372792670423,57.14285714285714,0.6597519592843143,-1.083005963331775,-0.036167358295366214
2023-02-17,29.825000762939453,29.825000762939453,29.600000381469727,29.6875,27.4760684967041,55.04042199258411,-0.018594980514113457,1.801220978226592,12.8570556640625,0.5046375147824561,-1.3162644086972601,-0.07334284859034645
2023-02-20,29.637500762939453,29.837499618530273,29.524999618530273,29.75,27.533912658691406,55.75496185944715,-0.0020964980850306514,1.635767260475626,24.32433547024849,0.5040466655468315,-1.2786421988529866,-0.09423423402029396
2023-02-21,29.75,29.774999618530273,29.637500762939453,29.737499237060547,27.522342681884766,55.564739676806845,-0.0004202082337537716,1.4841865833622727,22.97290331094693,0.4635137249442627,-1.7965603271983646,-0.10803896634354482
2023-02-22,29.375,29.4375,29.274999618530273,29.412500381469727,27.221553802490234,50.7199958548623,-0.026479046556235564,1.2614451432645195,11.702181193073816,0.24931501162545916,-2.1296117583464684,-0.1348892869479148
2023-02-23,29.487499237060547,29.950000762939453,29.487499237060547,29.850000381469727,27.626462936401367,56.25005217483977,-0.012406974792219305,1.1899839432446118,48.936187481636715,0.4679013300641386,-1.7850085757557559,-0.12316535283752705
2023-02-24,29.975000381469727,30.024999618530273,29.700000762939453,29.700000762939453,27.487638473510742,54.01213863467902,-0.01818171784828726,1.0801668999722462,36.17027493389217,0.2916946720226703,-1.903156939739205,-0.12229750031253461
2023-03-01,29.325000762939453,29.862499237060547,29.212499618530273,29.837499618530273,27.614896774291992,55.750089801800144,-0.011594082982995135,1.018707182923077,50.505003799280836,0.4251455731371869,-1.6729910034879405,-0.11102000257029698
2023-03-02,29.837499618530273,29.837499618530273,29.575000762939453,29.8125,27.591758728027344,55.34058092690704,-0.019728717596763867,0.9522049992739972,48.48483447311758,0.38823336481491605,-1.6916883973200045,-0.10315403241334403
2023-03-03,29.950000762939453,30.024999618530273,29.799999237060547,29.837499618530273,27.614896774291992,55.69108538173387,0.004207038888284664,0.8959282151047292,50.505003799280836,0.40640875200214405,-1.6729910034879405,-0.094650347786493
2023-03-06,30.037500381469727,30.225000381469727,29.975000381469727,30.125,27.880979537963867,59.61628280832138,0.0016625322637267015,0.9185511758924169,73.737336372758,0.6839079952414985,-1.4579748276452014,-0.07047284169411971
2023-03-07,30.137500762939453,30.350000381469727,30.049999237060547,30.325000762939453,28.066083908081055,62.1296412279775,0.021473793146487674,0.9789653427032264,89.89899924014382,0.8635015734124112,-1.3083956769886889,-0.04274594281530453
2023-03-08,30.125,30.149999618530273,29.950000762939453,30.075000762939453,27.83470344543457,57.32677652585112,0.010924374987011376,0.9481199505575492,75.82422557505475,0.6178242334966454,-1.4953696153093297,-0.04072950554903476
2023-03-09,30.1875,30.200000762939453,30.049999237060547,30.049999237060547,27.811565399169922,56.85346927111214,0.010508651847995543,0.9064000741618372,73.6262907082421,0.5815085667163445,-1.5140670091413937,-0.04155121719749133
2023-03-10,29.712499618530273,29.737499237060547,29.5,29.575000762939453,27.371950149536133,48.63703349833802,0.005524899428486663,0.7366856348902744,31.868211101013117,0.17115820638386242,-1.8693113267890147,-0.07059264864258036
2023-03-13,29.487499237060547,29.774999618530273,29.350000381469727,29.700000762939453,27.487638473510742,50.65793558910169,-0.005025053811999469,0.6286874249220168,42.857214719523526,0.30733677142186616,-1.7758258989190934,-0.08020018222136638
2023-03-14,29.387500762939453,29.487499237060547,29.287500381469727,29.375,27.186847686767578,45.630879845943625,-0.010942765673851218,0.4499347337177392,14.285738239841175,0.06348998217402665,-2.018888936155128,-0.10351921376557832
2023-03-15,29.600000381469727,29.674999237060547,29.362499237060547,29.399999618530273,27.209985733032227,46.07419207612437,-0.014662775840491915,0.31130726468891107,16.483505427765614,0.13062320868761243,-2.000191542323064,-0.11330160183854499
2023-03-16,29.299999237060547,29.350000381469727,29.125,29.262500762939453,27.08272933959961,43.951585230202475,-0.018448602477473375,0.16206669284496406,11.224548581322313,0.04572516065026732,-2.04915920361602,-0.12342625960817905
2023-03-17,29.462499618530273,29.737499237060547,29.450000762939453,29.737499237060547,27.522342681884766,52.15225372076816,-0.0033516001585560673,0.17097048735256745,49.99992214905964,0.4739889432844707,-1.690291280850381,-0.09677707846768038
2023-03-20,29.737499237060547,29.762500762939453,29.462499618530273,29.524999618530273,27.325672149658203,48.718028753990474,-0.019917068822834394,0.11883839224483168,32.653019915827564,0.3030475663486785,-1.8508386041014986,-0.08886133749539245
2023-03-21,29.625,29.6875,29.549999237060547,29.662500381469727,27.452930450439453,50.967949529906015,-0.021846776331522877,0.11363299338768906,43.87756849714988,0.43097139049336813,-1.7469543092831015,-0.07222739578671263
2023-03-22,29.862499237060547,30.225000381469727,29.862499237060547,30.225000381469727,27.973529815673828,58.910125842648355,0.004987528267057062,0.259381323361461,89.79592154493633,0.8960594350109713,-1.3219753679624693,-0.02573430480468139
2023-03-23,30.162500381469727,30.575000762939453,30.112499237060547,30.462499618530273,28.19333839416504,61.72887472640484,0.013727130764329853,0.4337556686997442,92.24130446792893,1.0009028421761554,-1.0245249073292142,0.01789956619690651
2023-03-24,30.5,30.575000762939453,30.387500762939453,30.549999237060547,28.274322509765625,62.74294940173845,0.03296704675040418,0.5881071302226785,98.27575774317367,0.9846572992899323,-0.9686738225088074,0.04855372425309695
2023-03-27,30.4375,30.475000381469727,30.299999237060547,30.362499237060547,28.100786209106445,59.12749130048979,0.0223063082041981,0.6518748119698304,85.34473006427103,0.8204979365978614,-1.0883539668884459,0.05311194595646235
2023-03-28,30.237499237060547,30.287500381469727,30.049999237060547,30.100000381469727,27.85784149169922,54.40131809477671,0.024680824075761665,0.6244373547346089,67.24137023853685,0.6326521825526099,-1.255901959701034,0.03652425492796241
2023-03-29,30.162500381469727,30.262500762939453,30.037500381469727,30.149999618530273,27.904117584228516,55.13692054230085,0.02551018798784699,0.6090768774232533,70.68959166975789,0.6539284340663624,-1.223987429921418,0.025926419889632596
2023-03-30,30.350000381469727,30.424999237060547,30.1875,30.299999237060547,28.042943954467773,57.359285211593125,0.035454868777356374,0.629857387419708,81.03438750463683,0.7312334853390556,-1.1282451559947286,0.02548571752177231
2023-03-31,30.424999237060547,30.587499618530273,30.350000381469727,30.399999618530273,28.135496139526367,58.823728810175595,0.022278389042992952,0.6653267136234492,87.17948383546064,0.768881779773926,-1.0585840126974024,0.028423213982987416
2023-04-06,30.212499618530273,30.25,30.049999237060547,30.25,27.996665954589844,55.73177526625418,0.024555436413666865,0.6456746538450696,76.92309698723608,0.6701054287270167,-1.153510659636319,0.018493047049427586
2023-04-07,30.3125,30.362499237060547,30.200000762939453,30.25,27.996665954589844,55.73177526625418,0.019806100668633198,0.6228768009834297,76.92309698723608,0.6737416692095508,-1.153510659636319,0.009835902422610426
2023-04-10,30.3125,30.412500381469727,30.225000381469727,30.25,27.996665954589844,55.73177526625418,0.0008270725599688333,0.5978828333877818,70.32967401492681,0.6665298873101458,-1.153510659636319,0.0024080673304853195
2023-04-11,30.25,30.287500381469727,30.100000381469727,30.212499618530273,27.961959838867188,54.83188461314622,-0.00820685198975013,0.5615473993111493,66.66666666666666,0.6374061419696031,-1.1772413432432889,-0.006080232669685742
2023-04-12,30.212499618530273,30.212499618530273,30.037500381469727,30.137500762939453,27.892545700073242,52.98899566916938,-0.013502597968899965,0.5068418965457802,56.626632276187664,0.5764149277682896,-1.2247040146275745,-0.01698936768531828
2023-04-13,30.012500762939453,30.037500381469727,29.875,29.875,27.649600982666016,47.03107031730166,-0.01605596452295055,0.3887425244044626,1.7242422568263316,0.40505303615234006,-1.39082010404671,-0.03987955422774331
2023-04-14,30.0,30.225000381469727,29.962499618530273,30.162500381469727,27.915685653686523,53.233241105402136,0.002076405022425787,0.36791160137085344,40.350952336336015,0.567982956143285,-1.2088818199958005,-0.03650333039794132
2023-04-17,30.087499618530273,30.125,29.950000762939453,30.087499618530273,27.846271514892578,51.537881414968446,-0.002073029873147947,0.3275335768565615,29.824523831831996,0.4918969819549837,-1.2563444913800859,-0.03816836842599092
2023-04-18,30.087499618530273,30.100000381469727,29.9375,29.987499237060547,27.753719329833984,49.28411289887672,-0.010313632730693079,0.26567392709112697,15.78937505855898,0.36119648844828284,-1.8732379250038154,-0.04429551030189752
2023-04-19,30.0,30.012500762939453,29.700000762939453,29.762500762939453,27.545480728149414,44.562291983729274,-0.0209704996297565,0.15448057775009302,7.042262601949259,0.1448029473283425,-2.0860167914496515,-0.06018009593903523
2023-04-20,29.712499618530273,29.850000381469727,29.600000381469727,29.725000381469727,27.51077651977539,43.80898610475153,-0.017355260644340897,0.05553722705030981,12.658237627816602,0.06378985231143358,-2.347515149398196,-0.07013603988056327
2023-04-21,29.862499237060547,29.887500762939453,29.625,29.649999618530273,27.441360473632812,42.26978184196753,-0.019834700383886017,-0.04268800864742879,5.063217791375494,-0.010525287181852413,-2.5679661525030233,-0.07790949320258332
2023-04-24,29.450000762939453,29.625,29.424999237060547,29.537500381469727,27.337244033813477,39.99973762101083,-0.02355358748237879,-0.14930304743079742,9.677514623001386,-0.017694193620506865,-2.177917865082815,-0.08594443298152371
2023-04-25,29.575000762939453,29.575000762939453,29.137500762939453,29.149999618530273,26.978607177734375,33.35490160608228,-0.03516751568199983,-0.33502242437997365,0.9803026925786912,-0.16234617072599308,-1.8708933028332693,-0.10976907619756822
2023-04-26,29.137500762939453,29.149999618530273,28.912500381469727,29.024999618530273,26.862918853759766,31.53503428504773,-0.03691405070677267,-0.5109386264662742,7.499949137369792,-0.11054512437354662,-1.6056313201591472,-0.12648687878936965
2023-04-27,29.012500762939453,29.162500381469727,28.875,29.0,26.839778900146484,31.168717654656135,-0.02928874391450431,-0.6503888113931459,8.130079283655856,-0.022516151442567103,-1.570450542021267,-0.13167936655453444
2023-04-28,29.212499618530273,29.387500762939453,29.212499618530273,29.350000381469727,27.163711547851562,41.42625768611809,-0.026937332479084364,-0.6582301490016764,33.62833650887103,0.21175962853435906,-1.3812927494005083,-0.10692632497635518
2023-05-02,29.362499237060547,29.5,29.274999618530273,29.424999237060547,27.23311996459961,43.37349645217997,-0.02201916152275707,-0.6367038770000956,40.74067271460845,0.2767101834817427,-1.3407622780374748,-0.08070103617014185
2023-05-03,29.337499618530273,29.337499618530273,29.200000762939453,29.299999237060547,27.117433547973633,40.93105539319075,-0.022926144575382112,-0.6464204143610833,31.481416071738895,0.23516926893190518,-1.4083164049839454,-0.06655613016310008
2023-05-04,29.25,29.375,29.174999237060547,29.375,27.186847686767578,43.00495170414798,-0.013019668994752376,-0.6264641437931641,37.03702657147822,0.2978106745110244,-1.4799849719573306,-0.048760093503093974
2023-05-05,29.424999237060547,29.512500762939453,29.350000381469727,29.450000762939453,27.256261825561523,45.081449973515966,-0.00925145439027919,-0.583424529546429,46.00006103515625,0.359506692610719,-1.4348375758132133,-0.029497362415994488
2023-05-08,29.625,29.725000381469727,29.587499618530273,29.637500762939453,27.429794311523438,49.987073822935734,-0.00042148646822692815,-0.49233173374187317,62.24494085664061,0.4890002211323469,-1.3219709462803926,-0.0036132997378582055
2023-05-09,29.649999618530273,29.75,29.575000762939453,29.725000381469727,27.51077651977539,52.13579252872589,0.00634784127278043,-0.39171250245198475,74.72525814164842,0.5645269078050041,-1.347821672065756,0.019165892899928122
2023-05-10,29.700000762939453,29.700000762939453,29.412500381469727,29.450000762939453,27.256261825561523,45.51699878900147,0.01029165983247271,-0.3826990923669944,56.79015601629111,0.39905120960670537,-1.5810649755788801,0.017350578748636852
2023-05-11,29.5625,29.612499237060547,29.387500762939453,29.387500762939453,27.198415756225586,44.1452563136454,0.012489219964972875,-0.38819130858937323,50.617321161475544,0.37296020800482227,-1.623913903719894,0.012726452691512583
2023-05-12,29.287500381469727,29.375,29.1875,29.299999237060547,27.117433547973633,42.226649273862385,0.01034489325937149,-0.4117840674875963,48.571341378348215,0.32545584595243654,-1.6839007076967853,0.005078721581104936
2023-05-15,29.237499237060547,29.337499618530273,29.162500381469727,29.299999237060547,27.117433547973633,42.226649273862385,-0.0017036699788394172,-0.4256451247618645,48.571341378348215,0.34228112097604785,-1.788053161621093,0.001093280009974995
2023-05-16,29.475000381469727,29.75,29.462499618530273,29.649999618530273,27.441360473632812,51.9203589476747,0.007646590229246408,-0.33691200091002016,88.57138497488839,0.6880942633936732,-1.5523176162664865,0.020281981841429625
2023-05-17,29.662500381469727,30.174999237060547,29.662500381469727,30.137500762939453,27.892545700073242,61.58802418603908,0.028583536518245856,-0.13192427790526615,97.11550029784,1.11775297489225,-1.1377345203895677,0.06106498506005764
2023-05-18,30.450000762939453,30.600000381469727,30.399999618530273,30.537500381469727,28.262752532958984,67.38330610608733,0.039574461099257,0.1372456494413534,95.65217391304348,1.221598056347332,-0.7369259893608661,0.10793793426809453
2023-05-19,30.649999618530273,30.712499618530273,30.549999237060547,30.625,28.343732833862305,68.5027446882149,0.03989802472769499,0.36897821890240334,94.35486054198262,1.11768214970933,-0.6711250483973606,0.13746701221807095
2023-05-22,30.625,30.662500381469727,30.524999618530273,30.575000762939453,28.29745864868164,67.08585713998644,0.031632185327532314,0.5320849098570777,91.12910172449013,0.9975496372536984,-0.6963082836557584,0.1461429254697293
2023-05-23,30.575000762939453,30.662500381469727,30.450000762939453,30.549999237060547,28.274322509765625,66.34695791305299,0.027754432501800874,0.6465285823797076,89.5160992609328,0.9215466978826209,-0.7088993822784189,0.142437200141598
2023-05-24,30.412500381469727,30.450000762939453,30.274999618530273,30.399999618530273,28.135496139526367,61.93855692804412,0.03225806677349574,0.6886125964067491,79.83869975364428,0.8153945574722814,-0.784451164079766,0.12345744038819176
2023-05-25,30.75,30.850000381469727,30.612499237060547,30.762500762939453,28.470991134643555,67.54998872225522,0.0467885846669831,0.8093825068599578,94.81483742042825,0.9235842142135414,-0.586561411302511,0.12588785908941838
2023-05-26,31.25,31.512500762939453,31.25,31.487499237060547,29.141983032226562,75.37083896901993,0.07465859483609627,1.0848284927246803,98.93610545444805,1.1002559205404072,-0.3907307854947384,0.16273406093560647
2023-05-29,31.862499237060547,31.887500762939453,31.625,31.6875,29.32708740234375,77.01649638416819,0.0814846231838644,1.3383872258455678,92.66052348838268,1.051922288638315,-0.3216011017124138,0.18784075940269618
2023-05-30,31.6875,31.762500762939453,31.612499237060547,31.6875,29.32708740234375,77.01649638416819,0.06871841979273774,1.5195983375349604,92.66052348838268,0.9698772039938673,-0.3216011017124138,0.192032174412969
2023-05-31,31.674999237060547,31.674999237060547,31.287500381469727,31.537500381469727,29.188261032104492,72.78626695675553,0.04645382124543218,1.6037813475971145,87.1559511018874,0.87601021306812,-0.3725465515491518,0.17359731925350014
2023-06-01,31.337499618530273,31.399999618530273,31.225000381469727,31.287500381469727,28.956884384155273,66.2545396573564,0.02455995219810303,1.5859977588848149,77.98164045958347,0.7732550320871793,-0.457455401295597,0.13564513595011723
2023-06-02,31.450000762939453,31.75,31.450000762939453,31.6875,29.32708740234375,70.7736981921639,0.034693897739066726,1.6565131965654927,91.75254975031442,0.8493552018352379,-0.3216011017124138,0.1255316318314783
2023-06-05,31.6875,31.700000762939453,31.5625,31.587499618530273,29.234535217285156,68.31070948506468,0.03311522000040701,1.6662930113430945,86.51680481011812,0.7890338436202171,-0.3555652015664754,0.10357897112659487
2023-06-06,31.587499618530273,31.8125,31.537500381469727,31.674999237060547,29.315519332885742,69.31691659592443,0.03682481950754091,1.67676301481167,86.82162015105007,0.7831090663624063,-0.3258462642219943,0.08619515505378955
2023-06-07,31.75,32.0625,31.75,32.025001525878906,29.639448165893555,73.00867682859318,0.053453901040484864,1.7544877783491422,97.902183713647,0.8447244333868034,-0.21753522511649623,0.0878939987549921
2023-06-08,31.975000381469727,32.04999923706055,31.637500762939453,31.712499618530273,29.350223541259766,65.43799782128765,0.030881692964540353,1.7148956864091698,80.4195632572706,0.7358497234549041,-0.31726786741952134,0.062134078285262184
2023-06-09,31.875,32.04999923706055,31.850000381469727,31.950000762939453,29.57003402709961,68.1418258200598,0.014688464899581088,1.7242322122687055,93.70633773134934,0.7869360028193015,-0.24147113819400365,0.05285772941387912
2023-06-12,32.125,32.32500076293945,32.125,32.25,29.847684860229492,71.20602536428507,0.017751420410202057,1.7871249468083013,96.34142824046722,0.8679246768791457,-0.24743752394596175,0.0579700077978651
2023-06-13,32.54999923706055,32.98749923706055,32.54999923706055,32.88750076293945,30.437700271606445,76.40056265211128,0.037869865971550176,1.9753314615146707,95.78953793174342,1.0336060309700221,-0.14885709565485788,0.09163505718017467
2023-06-14,32.849998474121094,32.900001525878906,32.75,32.875,30.426128387451172,76.11055095076749,0.04240976720007872,2.0947868333373654,93.617060419433,0.9706235274699989,-0.3262843169862688,0.10283090213322987
2023-06-15,32.88750076293945,33.0,32.875,32.974998474121094,30.518678665161133,76.86688122422784,0.05393516306127344,2.187555500768295,98.59146302805361,0.9421347046737626,-0.29257650916752115,0.10576704105352974
2023-06-16,32.95000076293945,32.95000076293945,32.775001525878906,32.88750076293945,30.437700271606445,74.64021886042374,0.037869865971550176,2.2119661930232604,93.66201345137765,0.8705859846188991,-0.322293346678939,0.09205698010912122
2023-06-19,32.73749923706055,32.875,32.63750076293945,32.8125,30.3682861328125,72.69624442441416,0.038781219099286446,2.1862424607056705,89.43661744810667,0.8163265581901613,-0.3477664215694852,0.06916029487325148
2023-06-20,32.775001525878906,32.8125,32.587501525878906,32.63750076293945,30.206323623657227,68.23094803689395,0.030386781849441435,2.097286791637522,79.57750338218655,0.7391867254861461,-0.40720219642538413,0.03564204249272662
2023-06-21,32.63750076293945,32.76250076293945,32.5625,32.63750076293945,30.206323623657227,68.23094803689395,0.019125708906280625,2.0033593526620717,76.61294093615179,0.7262077981106716,-0.5521258570084149,0.007478313311803042
2023-06-26,32.587501525878906,32.587501525878906,32.349998474121094,32.4375,30.02121925354004,63.094079331821185,0.022861690008493696,1.8574355671338294,61.53845150638195,0.6309360495722066,-1.060186696697117,-0.02768288829200649
2023-06-27,32.287498474121094,32.38750076293945,32.17499923706055,32.224998474121094,29.824548721313477,58.08998350777173,0.008607183000892693,1.6695432058442046,47.008428852943055,0.5233805430925106,-1.1709870203554447,-0.06606179230077558
2023-06-28,32.337501525878906,32.42499923706055,32.20000076293945,32.275001525878906,29.870826721191406,58.91570356681956,0.0007753318580747681,1.515700258616168,46.789073021045944,0.5333778846152588,-1.1449149021449356,-0.0887906283390294
2023-06-29,32.4375,32.625,32.224998474121094,32.26250076293945,29.859256744384766,58.60482486708971,-0.0190041797527416,1.3748417125417989,45.87158531907686,0.5147580536905035,-1.1514332003382732,-0.10400817274892182
2023-06-30,32.20000076293945,32.275001525878906,32.07500076293945,32.275001525878906,29.870826721191406,58.83872657023671,-0.018250815851049706,1.2519275541144392,36.95663351196074,0.5034141521967775,-1.1449149021449356,-0.11200626281545756
2023-07-03,32.400001525878906,32.67499923706055,32.400001525878906,32.67499923706055,30.24102783203125,65.54686890568112,-0.009097734412952696,1.2400435481743892,64.86475340539337,0.6856170606602069,-1.1619829199922227,-0.09191777959037362
2023-07-04,32.6875,32.787498474121094,32.63750076293945,32.75,30.310443878173828,66.64457673467102,-0.004180880693911315,1.234810388991072,72.97295068107867,0.7059131098361876,-1.2210132125497704,-0.0742641487662315
2023-07-05,32.75,32.79999923706055,32.599998474121094,32.70000076293945,30.264169692993164,65.15430732299163,-0.0034284595239914006,1.204084681641516,67.56762329730331,0.6594910155109818,-1.2526536893022817,-0.06627588602756224
2023-07-06,32.42499923706055,32.42499923706055,31.924999237060547,31.975000381469727,29.593172073364258,48.29127915733674,-0.020298781074197136,0.9878548368459109,4.651265946310392,0.1731833222248777,-1.8824255664653642,-0.1044817806564543
2023-07-07,31.887500762939453,32.07500076293945,31.774999618530273,31.924999237060547,29.546894073486328,47.380464456784104,-0.02183084437506455,0.7947883402186097,12.765912547744543,0.14933145478137283,-1.916391089982111,-0.12953218027891855
2023-07-10,32.025001525878906,32.125,31.75,31.862499237060547,29.489051818847656,46.20738341965528,-0.017726376473854555,0.6189386212765586,9.999932183159723,0.08756880991052307,-2.1907585449218745,-0.14546656083571202
2023-07-11,32.0,32.29999923706055,32.0,32.29999923706055,29.893962860107422,54.66850330881331,0.0023274162315938263,0.5823295880287734,51.76463407628676,0.3692077184640775,-1.8668297119140618,-0.12498850870451372
2023-07-12,32.32500076293945,32.36249923706055,32.212501525878906,32.36249923706055,29.951805114746094,55.73950877081666,0.0027109525394299894,0.5624510175201727,58.33330305793621,0.4094500066209544,-1.8205559082031244,-0.10462558757389967
2023-07-13,32.82500076293945,32.974998474121094,32.712501525878906,32.724998474121094,30.287303924560547,61.4313927383545,0.014335493473268679,0.6299387455017029,79.59181131393908,0.6836362644657434,-1.5521568603515619,-0.06744443072514944
2023-07-14,32.86249923706055,33.125,32.86249923706055,33.0625,30.599666595458984,65.83648656897489,0.024399722212927966,0.7584182173979911,95.45454545454545,0.9111680609883638,-1.2186061123934657,-0.022993802067756225
2023-07-17,33.0,33.04999923706055,32.9375,33.0,30.541820526123047,64.37024417225297,0.009946510276122256,0.8344919160379528,90.9090909090909,0.863579774299654,-1.2606759810014203,0.00010956588026225789
2023-07-18,32.75,32.75,32.42499923706055,32.462501525878906,30.483131408691406,62.84109010169991,0.005697294675447662,0.868658038717946,51.81829279119318,0.8139200491257707,-1.3033589754971588,0.008567716573714135
2023-07-19,32.537498474121094,32.625,32.1875,32.1875,30.224899291992188,56.48307203269577,-0.0012975872591035609,0.8170326720056593,31.818181818181817,0.62446723169147,-1.4911641512784088,-0.005350757022342556
2023-07-20,32.26250076293945,32.42499923706055,32.25,32.337501525878906,30.365753173828125,58.924289032302674,0.026106734977533463,0.8044765088261798,42.727383700284086,0.7235818124695015,-1.3887249644886361,-0.007083904284264281
2023-07-21,31.850000381469727,31.850000381469727,31.625,31.799999237060547,29.86102294921875,48.43824392637963,0.010631536260669261,0.6519758711904676,11.666615804036457,0.3529186979965404,-1.5579847005208336,-0.0422721944459562
2023-07-24,31.75,31.912500381469727,31.649999618530273,31.8125,29.872764587402344,48.66710251419137,0.013012041584512524,0.5281383100636856,12.5,0.36842948672017223,-1.550156941731771,-0.06352851713429813
2023-07-25,31.924999237060547,32.29999923706055,31.924999237060547,32.212501525878906,30.248374938964844,55.475326015655824,0.01185564056916566,0.5246305227087045,39.16676839192708,0.635714991391356,-1.2997500406901044,-0.05157221539244883
2023-07-26,32.275001525878906,32.29999923706055,32.087501525878906,32.125,30.166208267211914,53.79451513919691,0.007158271484621226,0.49410654796258874,33.33333333333333,0.562969736005413,-1.3545278218587242,-0.048522369853908676
2023-07-27,32.287498474121094,32.375,32.25,32.375,30.400964736938477,57.73464109495306,0.003752754377247758,0.5266622572273685,50.0,0.7193200029551259,-1.1980235087076825,-0.03087890966468418
2023-07-28,32.349998474121094,32.474998474121094,32.25,32.375,30.400964736938477,57.73464109495306,-0.006493595539697639,0.5460471058642526,50.0,0.6986887473502259,-1.1980235087076825,-0.01992458405801595
2023-07-31,32.57500076293945,32.662498474121094,32.0625,32.20000076293945,30.236637115478516,53.996589677798404,-0.00999231235687148,0.5115378178778078,38.333384195963546,0.5750994137463058,-1.3075752563476566,-0.024178715011980656
2023-08-01,32.25,32.38750076293945,32.212501525878906,32.36249923706055,30.389225006103516,56.79394478162861,-0.0030806022297668045,0.5189406306875697,49.166615804036454,0.6856166194368212,-1.2058499959309898,-0.017462287535948473
2023-08-02,32.349998474121094,32.36249923706055,31.862499237060547,31.962499618530273,30.01361656188965,48.90981829630206,-0.006990353485098799,0.41963755464297586,22.499974568684898,0.4141911183478645,-1.4562556254069012,-0.03789026883861449
2023-08-04,31.8125,31.875,31.725000381469727,31.8125,29.872764587402344,46.313423618989916,-0.01623501922062265,0.29978277512274387,13.1579017815315,0.28679269492351944,-1.550156941731771,-0.05919300210253059
2023-08-07,31.912500381469727,32.17499923706055,31.887500762939453,32.125,30.166208267211914,52.02711762222032,0.010220189660352874,0.2800813238662107,44.44444444444444,0.4937361048653968,-1.3545278218587242,-0.05207664158150921
2023-08-08,32.025001525878906,32.04999923706055,31.600000381469727,31.75,29.814071655273438,45.73660170300616,-0.0019647639895257196,0.16821337523952912,14.11763649908896,0.12345432810308957,-1.5531010970071482,-0.06860152784906713
2023-08-09,31.700000762939453,31.912500381469727,31.662500381469727,31.799999237060547,29.86102294921875,46.66259836736953,-0.012805712390424051,0.09101556095261211,18.823455493622713,0.17499928171713927,-1.5223133555711457,-0.07345281318240379
2023-08-10,31.725000381469727,31.75,31.575000762939453,31.600000381469727,29.673219680786133,43.46734149916668,-0.01634241141806403,-0.020457034523894302,2.298820335273133,0.03989089202606875,-1.6089561408042368,-0.08554707313413495
2023-08-11,31.75,31.837499618530273,31.537500381469727,31.575000762939453,29.64974594116211,43.07035192708385,-0.02471036042035879,-0.11396587304690756,3.3333728932238995,0.08208935656658936,-1.5711369410566056,-0.09086498245656408
2023-08-14,31.412500381469727,31.424999237060547,31.024999618530273,31.125,29.227182388305664,36.59159360653144,-0.038610036187654795,-0.29888962917423567,6.1068977928320916,-0.1243553790983112,-1.2698111451346583,-0.11691871274897647
2023-08-15,31.3125,31.362499237060547,31.149999618530273,31.174999237060547,29.274133682250977,37.712715846982206,-0.031832357201351025,-0.4283803713700799,9.160288449554525,-0.005103136445899109,-1.3969945212113697,-0.12437365226491019
2023-08-16,31.037500381469727,31.100000381469727,30.899999618530273,31.012500762939453,29.121543884277344,35.514956992464434,-0.041714822328360324,-0.5663733044197294,6.383047798999413,-0.016708201971772207,-1.3910535540556483,-0.1322312034026505
2023-08-17,30.899999618530273,31.162500381469727,30.725000381469727,31.149999618530273,29.25065803527832,38.76667660118842,-0.025420412932845582,-0.6337700516045647,21.935466087554033,0.11707399865018127,-1.1429516374665663,-0.12165012831847849
2023-08-18,31.049999237060547,31.200000762939453,30.924999237060547,30.962499618530273,29.0745906829834,36.09381451236971,-0.026719117411568405,-0.7271571361852346,12.258037205886552,0.07323682463992612,-1.2338251990781715,-0.11926546230525628
2023-08-21,31.049999237060547,31.112499237060547,30.75,30.75,28.87504768371582,33.292233070753525,-0.0428015537139772,-0.846506129691818,1.5037361079082958,0.0388922994090001,-1.3368152355713243,-0.1233694856726448
2023-08-22,31.0,31.087499618530273,30.924999237060547,31.0,29.10980224609375,39.26495200184354,-0.023622047244094446,-0.8672319373844449,16.793881570747832,0.1915937455426083,-1.2156514711948236,-0.10332831435165218
2023-08-23,31.0,31.287500381469727,31.0,31.212499618530273,29.30934715270996,43.865766869243195,-0.018474778893106336,-0.8195802220840912,33.620663573690145,0.309773347810654,-1.1126604502626978,-0.07121548593219881
2023-08-24,31.600000381469727,31.774999618530273,31.5625,31.75,29.814071655273438,53.46751024593336,0.00474677085946662,-0.6360174295740223,70.68968465582853,0.5694019559603746,-0.8521572247484022,-0.013581620883959172
2023-08-25,31.375,31.375,31.125,31.137500762939453,29.238922119140625,44.19130770883648,-0.01385589687131672,-0.6408100404380648,31.132131150844778,0.299269233372763,-1.1490088904683666,-0.011857010048374722
2023-08-28,31.212499618530273,31.424999237060547,31.1875,31.337499618530273,29.42672348022461,47.40028258634391,0.006827243531993155,-0.5863987729747727,51.57888312088815,0.41805679259620104,-1.052079060293934,0.00345112483147067
2023-08-29,31.5,31.512500762939453,31.174999237060547,31.512500762939453,29.591054916381836,50.10385533185719,0.010825981652294203,-0.49254389950674954,70.78659968796612,0.5327302052355739,-1.0640723036980193,0.02496501010939134
2023-08-30,31.6875,31.762500762939453,31.524999618530273,31.649999618530273,29.720170974731445,52.183443042347086,0.02055615913884634,-0.37845716872634677,83.1460558574931,0.6504370743423709,-0.9956367077800076,0.0469364826451005
2023-08-31,31.637500762939453,31.637500762939453,31.375,31.424999237060547,29.508892059326172,48.61299120478294,0.008828315032653355,-0.341926181160583,66.66660611587241,0.5221160865208571,-1.2206960565207032,0.046212791374059564
2023-09-01,31.375,31.575000762939453,31.274999618530273,31.475000381469727,29.55584144592285,49.440835732888374,0.016552279899201272,-0.29670911264240846,71.4286233292522,0.5710775874387771,-1.1883171436576654,0.04767634686554295
2023-09-04,31.475000381469727,31.700000762939453,31.399999618530273,31.6875,29.75538444519043,52.912906621703165,0.030487802864169078,-0.20398281893518103,91.66669694206378,0.76917080551538,-1.1137862443337314,0.060063608092209675
2023-09-05,31.637500762939453,31.649999618530273,31.512500762939453,31.612499237060547,29.684955596923828,51.56686587219629,0.019758064516129048,-0.14806153231479682,84.52376194818547,0.7196788080094723,-1.2578271869860187,0.061282406025227054
2023-09-06,31.649999618530273,31.674999237060547,31.462499618530273,31.5,29.57931900024414,49.53157166997718,0.009211117740956398,-0.13107298714770774,73.17075893895552,0.6469923237710209,-1.411826666895264,0.05305058488177039
2023-09-07,31.325000762939453,31.375,31.174999237060547,31.212499618530273,29.30934715270996,44.67822684460451,-0.01692906988348908,-0.18915962121963986,45.12193079578336,0.409783966975458,-1.6544981569427548,0.028718419650476806
2023-09-08,31.024999618530273,31.125,30.962499618530273,31.075000762939453,29.18023109436035,42.531785057692275,-0.0020072909849796483,-0.26752822498018203,17.647230418831132,0.30732533362204845,-1.853209913860441,0.004494035282274378
2023-09-11,31.112499237060547,31.125,30.850000381469727,30.950000762939453,29.062854766845703,40.62122311424459,-0.012365247310779703,-0.3578554943629942,10.810860967572983,0.21068883675699557,-1.9649969736713044,-0.01765395249125548
2023-09-12,31.024999618530273,31.262500762939453,30.962499618530273,31.262500762939453,29.356298446655273,47.027779026566336,-0.007933359266505846,-0.3451082593670333,44.59467261622464,0.48126755390221554,-1.6855265993584045,-0.0110816509430781
2023-09-13,31.299999237060547,31.399999618530273,31.174999237060547,31.299999237060547,29.391511917114258,47.756223889747226,-0.011058451107048395,-0.32164468417202186,49.31492246239128,0.501696399190585,-1.6519899364579973,-0.0033069507237045437
2023-09-14,31.475000381469727,31.737499237060547,31.387500762939453,31.737499237060547,29.802335739135742,55.45284260547032,0.009944245931687856,-0.18825540716464165,97.26010789840576,0.8527140216345311,-1.306550842490162,0.028791939407940906
2023-09-15,31.75,31.837499618530273,31.6875,31.837499618530273,29.896238327026367,57.01175515313324,0.011517076302034024,-0.0563656475292589,100.0,0.8904698387730872,-1.1670684804170048,0.05416328824675755
2023-09-18,31.649999618530273,31.649999618530273,31.462499618530273,31.5,29.57931900024414,50.578594988325584,-0.005917095283060503,-0.0381005478853932,65.82279703477076,0.5873603519216666,-1.668766949823655,0.0476467925775257
2023-09-19,31.462499618530273,31.512500762939453,31.337499618530273,31.362499237060547,29.450199127197266,48.19260088015289,-0.007908264136022192,-0.058235000929686365,51.898658384421346,0.4338336199350386,-1.7995213526637235,0.03336154493722036
2023-09-20,31.262500762939453,31.299999237060547,31.125,31.1875,29.285873413085938,45.26594716450076,-0.009920633641220089,-0.11779068479915776,34.17720296522925,0.25648074188219444,-1.9659272676702713,0.012633058115010289
2023-09-21,30.950000762939453,30.962499618530273,30.662500381469727,30.6875,28.816356658935547,38.13917993793839,-0.01682024820292971,-0.2904685235576961,2.1276284904502645,-0.10573623078703677,-1.953187167025412,-0.030552677156933647
2023-09-22,30.612499237060547,30.700000762939453,30.512500762939453,30.662500381469727,28.792882919311523,37.818595651093204,-0.013274335415516703,-0.429367378643491,11.32073570458959,-0.034675674382382365,-1.6798259085825018,-0.05701525420329884
2023-09-25,30.6875,30.9375,30.6875,30.887500762939453,29.00416374206543,42.50324107757626,-0.002019451469964517,-0.47611578689264594,28.301911236956244,0.17458616977446054,-1.5203685461384446,-0.05649743060035255
2023-09-26,30.662500381469727,30.75,30.5,30.524999618530273,28.663766860961914,37.58969355764366,-0.023590562241755042,-0.6004605514047006,1.8691308905003317,0.0029549111174214655,-1.7548849814969298,-0.07417397290444722
2023-09-27,30.462499618530273,30.575000762939453,30.387500762939453,30.537500381469727,28.675504684448242,37.856475040222506,-0.02436102078331992,-0.6883095043749893,10.344809442567056,0.0742528741919135,-1.5626878825388006,-0.0796862860348003
2023-09-28,30.6875,30.787500381469727,30.512500762939453,30.662500381469727,28.792882919311523,40.591327477260315,-0.033871600825522874,-0.7174294731383767,18.96550590160441,0.18790161344638273,-1.4817373118464852,-0.0703619859928099
2023-10-02,30.899999618530273,31.125,30.899999618530273,31.0625,29.168495178222656,48.414806856986466,-0.024342298213010483,-0.6290807485029783,46.55170826224617,0.439323166030191,-1.2226941702171872,-0.03558691813142237
2023-10-03,30.987499237060547,31.037500381469727,30.862499237060547,30.875,28.9924259185791,45.39690701737255,-0.019841331764946846,-0.6009898121995843,33.620663573690145,0.34466059495754964,-1.3441213416695488,-0.021808684485134594
2023-10-04,30.524999618530273,30.549999237060547,30.337499618530273,30.475000381469727,28.6168155670166,39.71012512637698,-0.028298061978502376,-0.6753879415599617,9.166717529296875,0.13556270431673959,-1.5291227010091148,-0.0345976774422988
2023-10-05,30.600000381469727,30.912500381469727,30.600000381469727,30.912500381469727,29.02764129638672,47.462184401722446,-0.008817634121980222,-0.6131762872503657,38.333384195963546,0.42160540239720984,-1.2552388814290367,-0.013100704665853419
2023-10-06,30.950000762939453,31.075000762939453,30.950000762939453,31.024999618530273,29.133277893066406,49.26849286300494,0.010997963340122263,-0.5283993964433811,52.38095238095239,0.49919816209426826,-1.1848144836425785,0.00931254205296661
2023-10-11,31.475000381469727,31.600000381469727,31.462499618530273,31.5625,29.63800621032715,56.89425139988836,0.02935181216080296,-0.3174826871658737,97.029674549866,0.8133166329171124,-0.8483289388020836,0.05657302818794613
2023-10-12,31.625,31.837499618530273,31.575000762939453,31.825000762939453,29.884498596191406,60.05235914376767,0.030352016419256556,-0.08163245725001123,99.16674296061197,0.9127561696114248,-0.6840006815592451,0.10032085461021274
2023-10-13,31.75,31.850000381469727,31.625,31.737499237060547,29.802335739135742,58.51348044026684,0.03972153707838322,0.0811296804199553,92.56191155959878,0.8335433444098729,-0.7358271797988877,0.1183710193001154
2023-10-16,31.575000762939453,31.575000762939453,31.424999237060547,31.5625,29.63800621032715,55.45276948471898,0.03356528634702305,0.16274121218662163,80.9917199042606,0.727801362886572,-0.8444747473473689,0.11385469147115712
2023-10-17,31.674999237060547,31.75,31.600000381469727,31.637500762939453,29.70843505859375,56.502907250836365,0.03179786275128982,0.2438055101245094,85.95044553119476,0.7736781970960647,-0.7979102430559943,0.11015310999892414
2023-10-18,31.5625,31.5625,31.200000762939453,31.200000762939453,29.297609329223633,49.21482529462921,0.004426493386514352,0.19301482693322305,57.02484028721818,0.5604689578772589,-1.0695304229835088,0.07619263471047048
2023-10-19,31.100000381469727,31.299999237060547,31.100000381469727,31.212499618530273,29.30934715270996,49.415583737670026,0.010931173369930658,0.1542024876486566,57.85121048795313,0.577527887547092,-1.0617698824443316,0.05184009555294494
2023-10-20,31.1875,31.362499237060547,30.975000381469727,31.350000381469727,29.438465118408203,51.67846304703564,0.02871212380243393,0.1570901237413998,66.94216543545537,0.6585061295258795,-0.9764026754570707,0.04215899735953985
2023-10-23,31.212499618530273,31.212499618530273,30.887500762939453,30.962499618530273,29.0745906829834,45.50093754139832,0.0016174027409703307,0.05872539951514308,41.32229320568081,0.43813034898450015,-1.2169806932278764,0.010623461091552395
2023-10-24,30.950000762939453,30.987499237060547,30.674999237060547,30.987499237060547,29.098068237304688,45.94987685561047,-0.0012085717196312906,-0.012716481860092565,42.97515971278181,0.4427957283346065,-1.2014583510932106,-0.008261182605598747
2023-10-25,31.049999237060547,31.225000381469727,31.049999237060547,31.049999237060547,29.156753540039062,47.122426670252395,-0.0162376870722295,-0.052619740336817995,47.1073890333499,0.4676864610286679,-1.1626581705099468,-0.015960822541644527
2023-10-26,30.462499618530273,30.600000381469727,30.399999618530273,30.4375,28.58160400390625,38.34315369277834,-0.04359767282330118,-0.2403102159726436,2.586231844023688,0.12686037676657733,-1.542922134817009,-0.056659771680893714
2023-10-27,30.537500381469727,30.6875,30.524999618530273,30.575000762939453,28.71072006225586,41.0005892916982,-0.03662852759041968,-0.34980379981031046,12.069038091705274,0.20301417240090724,-1.4575561888860593,-0.07083481833237398
2023-10-30,30.600000381469727,30.712499618530273,30.4375,30.5,28.64029312133789,39.98817953190341,-0.03366329981541105,-0.4512311090899497,6.896574403657898,0.16227092120931155,-1.5041194321211229,-0.08021503855431296
2023-10-31,30.600000381469727,30.612499237060547,30.274999618530273,30.287500381469727,28.440750122070312,37.18640745702963,-0.04267087559554017,-0.5808083559567988,0.7936988497785056,0.07578737813138127,-1.5466022907548749,-0.09415528672384031
2023-11-01,30.5,30.537500381469727,30.3125,30.4375,28.58160400390625,40.3628087097312,-0.02443903587052021,-0.6373191826425,10.317479539911401,0.18929210030301213,-1.4571712979894749,-0.08828496855734069
2023-11-02,30.787500381469727,31.125,30.787500381469727,31.125,29.227182388305664,52.27501860286584,-0.002803363854411156,-0.496374801098256,57.627129602689685,0.5429815805954622,-1.0472804588291438,-0.03789394505770209
2023-11-03,31.25,31.399999618530273,31.174999237060547,31.362499237060547,29.450199127197266,55.57616204322826,0.00039859444919643217,-0.31901992206244173,73.72876862897229,0.6489312352663069,-0.9056825979650124,0.010879684246971319
2023-11-06,31.637500762939453,31.799999237060547,31.587499618530273,31.637500762939453,29.70843505859375,59.103661441004064,0.02180062937158822,-0.10586785166270887,89.34435968726979,0.7701606868289957,-0.741723355866276,0.05830557754769798
2023-11-07,31.625,31.700000762939453,31.524999618530273,31.625,29.69669532775879,58.87478223502744,0.020572743371556346,0.05866526403385204,88.52463732225695,0.7416031841813352,-0.7491771496111443,0.085038486080261
2023-11-08,31.662500381469727,31.862499237060547,31.625,31.799999237060547,29.86102294921875,61.143067037819854,0.024154589371980784,0.2313003973224838,96.06299117993721,0.8166676659729895,-0.6427727677407498,0.10844243659728905
2023-11-09,31.725000381469727,31.850000381469727,31.662500381469727,31.8125,29.872764587402344,61.30728527340519,0.0451745319583754,0.3666166089668826,96.85044100313947,0.8237765970053691,-0.6353764584462226,0.11854814373084174
2023-11-10,31.674999237060547,31.712499618530273,31.600000381469727,31.6875,29.75538444519043,58.6392480917909,0.036385864954600056,0.43626296924018715,88.9764233630139,0.7640505885383588,-0.7093167232763874,0.11127856610238547
2023-11-13,32.3125,32.400001525878906,32.125,32.17499923706055,30.213157653808594,65.0307949272565,0.0549178922787934,0.6093543155977482,89.41166650061528,0.9545558651019156,-0.4111020749241767,0.12995089669738646
2023-11-14,32.29999923706055,32.400001525878906,32.23749923706055,32.25,30.283586502075195,65.90378365557757,0.06479563204540173,0.7562022671769499,92.94111100041019,0.9406317822063219,-0.37795911725291714,0.1388886818136959
2023-11-15,32.724998474121094,32.75,32.51250076293945,32.63750076293945,30.647462844848633,70.06222276755351,0.07227931786683639,0.9593769468507429,95.45457698096428,1.0064570023282084,-0.2315098307430638,0.1596670871010865
2023-11-16,32.70000076293945,32.79999923706055,32.57500076293945,32.650001525878906,30.659196853637695,70.18848847803957,0.04899598073829403,1.109464094093845,94.05949568939144,0.940621557971745,-0.22984265617788488,0.16394091070591688
2023-11-17,32.650001525878906,32.875,32.63750076293945,32.75,30.753101348876953,71.23409567252213,0.04424086289034479,1.238303213886916,95.192308397688,0.9150767932426846,-0.19811474607691426,0.1625162153461437
2023-11-20,32.76250076293945,32.76250076293945,32.61249923706055,32.73749923706055,30.741361618041992,70.89929760736052,0.03476879739410732,1.3210273975797642,94.63411656821647,0.8635701038065946,-0.20263002650480585,0.15048210855067265
2023-11-21,32.86249923706055,33.17499923706055,32.86249923706055,33.13750076293945,31.116975784301758,74.95514859463515,0.04782621234004347,1.4690052750264124,98.42938253003626,0.9195529766066417,-0.09166335292202556,0.15680611758785967
2023-11-22,32.8125,32.95000076293945,32.787498474121094,32.837501525878906,30.83526611328125,67.37117021011905,0.03262591391190073,1.492904751138641,83.12511444091797,0.8016781253673824,-0.1888046315692548,0.13199885844200643
2023-11-23,32.837501525878906,32.86249923706055,32.6875,32.82500076293945,30.82352638244629,67.0666310297706,0.03182704407093584,1.4909942389457098,78.78796636129816,0.7721235259420928,-0.19285281514829633,0.10590755981301053
2023-11-24,32.82500076293945,32.912498474121094,32.76250076293945,32.79999923706055,30.800050735473633,66.42006557464705,0.03510847901184011,1.46595113187013,77.27272201832211,0.7418215607081636,-0.20094786689335614,0.0793888555975415
2023-11-27,32.79999923706055,32.962501525878906,32.525001525878906,32.587501525878906,30.60051155090332,61.03398279529915,0.012820702209717538,1.3771748703369817,62.698530916630034,0.6624333445435047,-0.26975449131334117,0.04257550922217096
2023-11-28,32.599998474121094,32.95000076293945,32.57500076293945,32.8125,30.811786651611328,64.33203039471042,0.017441796383659502,1.3470611554132192,76.98415870120968,0.7194557896592858,-0.207576669105408,0.02735966678123669
2023-11-29,32.82500076293945,33.04999923706055,32.76250076293945,32.787498474121094,30.78830909729004,63.68695480948471,0.004595690454196388,1.3017681061307211,75.39675907928884,0.7034730594006822,-0.38166127069823774,0.011434636763104078
2023-11-30,32.82500076293945,32.875,32.662498474121094,32.837501525878906,30.83526611328125,64.45466668330003,0.005742787734593469,1.2635252305475067,67.85733748469579,0.7087302400675123,-0.5518665618896481,0.000368825978431242
2023-12-01,32.75,32.95000076293945,32.70000076293945,32.95000076293945,30.94090461730957,66.18659885441863,0.006106807450152463,1.2464857073344333,76.00016276041667,0.7439058558138586,-0.7359970522787025,-0.003327157395858038
2023-12-04,32.95000076293945,33.0,32.724998474121094,32.82500076293945,30.82352638244629,62.54025237736454,0.002672775702819763,1.1881964060843364,47.1699199631485,0.6621896870875292,-0.8071353928850082,-0.016434950174373852
2023-12-05,32.650001525878906,32.650001525878906,32.474998474121094,32.587501525878906,30.60051155090332,56.20460989595554,-0.016597507321357008,1.0709317365873892,16.07184701990725,0.5080298720476277,-1.0165965440028697,-0.041458772831207635
2023-12-06,32.599998474121094,32.849998474121094,32.599998474121094,32.70000076293945,30.70615005493164,58.356647694037996,-0.004187285359408599,0.9943536322885941,32.14314908365622,0.5550219772708926,-0.94952442921794,-0.0515711610187638
2023-12-07,32.650001525878906,32.662498474121094,32.5,32.5,30.518342971801758,53.33857114731099,-0.009900989486340217,0.8741551120380849,3.5716426613478944,0.3781091854380592,-1.0687671083241619,-0.07041671358704504
2023-12-08,32.787498474121094,32.900001525878906,32.724998474121094,32.76250076293945,30.764835357666016,58.395257415518124,-0.0011433545389279987,0.8341994982603813,41.07171078086768,0.5628320415552465,-1.6773958387072136,-0.0658716579506729
2023-12-11,32.76250076293945,32.837501525878906,32.662498474121094,32.79999923706055,30.800050735473633,59.07756928308999,0.006520779374501018,0.8025005801191148,56.521796819541834,0.585090358040176,-1.9152784016927096,-0.06023715180943995
2023-12-12,32.974998474121094,33.01250076293945,32.837501525878906,32.875,30.87047576904297,60.473636534565955,0.0019047619047618536,0.7867635364671074,69.56539045862552,0.6867354867134214,-2.6741727946986624,-0.051830878692190274
2023-12-13,32.900001525878906,32.95000076293945,32.849998474121094,32.88750076293945,30.882217407226562,60.714275525754196,0.003050128853772982,0.7684350543860453,71.73943330259466,0.6884762420451522,-2.6573990441468944,-0.045754890601495235
2023-12-14,33.162498474121094,33.36249923706055,33.125,33.287498474121094,31.257829666137695,67.52539843703205,0.013703904850506321,0.8425812492457379,91.54921707435537,1.1736789993400256,-1.7534566328394667,-0.018132335758475893
2023-12-15,33.412498474121094,33.54999923706055,33.412498474121094,33.42499923706055,31.386940002441406,69.48387879383245,0.014415718953553425,0.9240162686617518,88.37210127570484,1.151284259067996,-1.3941466971842222,0.005857320163182189
2023-12-18,33.412498474121094,33.474998474121094,33.150001525878906,33.474998474121094,31.43389129638672,70.18798465798702,0.019801917093043242,0.9888994441170064,93.02318979436134,1.0671322113611628,-1.3504711059065657,0.021055819855159696
2023-12-19,33.45000076293945,33.45000076293945,33.1875,33.349998474121094,31.316511154174805,66.0828345455556,0.023398288688097013,0.9978502215049497,81.39529107006618,0.913278161326847,-1.4596618583772458,0.01941222384723129
2023-12-20,33.38750076293945,33.462501525878906,33.349998474121094,33.4375,31.398681640625,67.51519538534673,0.022553514017695342,1.014368238262294,89.5349621191959,0.926858607880414,-1.3832242508117307,0.019989099108589314
2023-12-21,33.04999923706055,33.17499923706055,33.01250076293945,33.150001525878906,31.12870979309082,58.73828867349631,0.019999998750031223,0.946260495113424,62.790936995440106,0.6718085000597539,-1.6343606749347945,-0.0005909782970145439
2023-12-22,33.150001525878906,33.275001525878906,33.150001525878906,33.23749923706055,31.210872650146484,60.42448547351453,0.014498283098054232,0.9031756904300378,70.93025318926209,0.7223302478569932,-1.5579301644754344,-0.010879220936290845
2023-12-25,33.25,33.45000076293945,33.23749923706055,33.375,31.339990615844727,62.98448919738628,0.017530486719270932,0.8921661855390333,83.33339388412759,0.8023155090884163,-1.4378205141853402,-0.011156052967307206
2023-12-26,33.375,33.599998474121094,33.375,33.5625,31.51605796813965,66.19565948476449,0.020912609314044817,0.9183008632323171,96.59104307839561,0.8976566961262783,-1.2343915608723945,-0.002121787718191548
2023-12-27,33.599998474121094,33.974998474121094,33.587501525878906,33.9375,31.86819076538086,71.51758432365605,0.03192689647743929,1.0179137668376186,97.14297340029762,1.0546656663348106,-0.7865384724934898,0.023515823166303795
2023-12-28,33.9375,34.0,33.86249923706055,33.9375,31.86819076538086,71.51758432365605,0.019526662783769133,1.0837180832146749,95.32710813477917,0.970840806112926,-0.7799062961202706,0.035690233716813013
2023-12-29,33.92499923706055,34.0,33.837501525878906,33.86249923706055,31.79776382446289,68.9979687200762,0.01308900523560208,1.104552790228533,88.17196185625875,0.8752223950390263,-0.8260878505140471,0.03421214030395503
2024-01-02,33.900001525878906,33.98749923706055,33.662498474121094,33.724998474121094,31.668649673461914,64.51078857098933,0.007468320573539078,1.0752593657331924,76.08685556580178,0.7685807354185289,-0.9107527828501403,0.02043114896731718
2024-01-03,33.42499923706055,33.474998474121094,33.07500076293945,33.13750076293945,31.116975784301758,49.65242626006796,-0.006371570858922038,0.9000249148928268,12.658237627816602,0.4207029169791224,-1.3040161437988285,-0.027351980137340914
2024-01-04,33.13750076293945,33.1875,33.07500076293945,33.125,31.10523223876953,49.391634729048036,-0.009345914749356532,0.7494764186226803,11.392336605283795,0.395725433870964,-1.311845174153646,-0.0594226860285072
2024-01-05,33.13750076293945,33.23749923706055,33.025001525878906,33.037498474121094,31.023067474365234,47.51135906893044,-0.00339372622340528,0.6020431132356464,2.531415746309881,0.3052114780638248,-1.607741405176002,-0.08432263140271257
2024-01-08,33.25,33.400001525878906,33.1875,33.1875,31.163925170898438,50.958147612244304,-0.0015042027108405076,0.5155500777565838,17.721455419192093,0.387115342094269,-1.5024273596906017,-0.08899782595429928
2024-01-09,33.462501525878906,33.48749923706055,33.1875,33.25,31.222614288330078,52.361821246649065,-0.003745257264222257,0.45688239278122633,24.050574233100395,0.4103505604633465,-1.771152135248834,-0.08579241979473523
2024-01-10,33.099998474121094,33.162498474121094,33.0,33.07500076293945,31.058284759521484,48.20171447455165,-0.014525078265845925,0.3637797944751335,7.5000762939453125,0.2532548631002317,-1.940009858491505,-0.0918526291816901
2024-01-11,33.11249923706055,33.3125,33.087501525878906,33.212501525878906,31.187400817871094,51.464570729867496,-0.021362679561003572,0.3196540365548416,21.250152587890625,0.3435724207994522,-2.194599182128904,-0.08446629814649426
2024-01-12,33.04999923706055,33.26250076293945,32.98749923706055,33.162498474121094,31.140443801879883,50.225456446649204,-0.022836155615446607,0.26944644022151704,17.283862241495587,0.30741483605545816,-2.2062509070495575,-0.08008319624204263
2024-01-15,33.162498474121094,33.162498474121094,33.162498474121094,33.162498474121094,31.140443801879883,50.225456446649204,-0.020671894609057828,0.22703900398173207,17.283862241495587,0.321346470741651,-2.2062509070495575,-0.07463301675528228
2024-01-16,33.01250076293945,33.07500076293945,32.775001525878906,32.912498474121094,30.905689239501953,44.07287579475334,-0.024091978717972196,0.13116880359207098,11.22425465393646,0.14973081700039576,-1.9079711141421103,-0.08361110512695143
2024-01-17,32.5,32.5,31.825000762939453,31.862499237060547,30.617414474487305,37.9285171697733,-0.01605430146159892,-0.01944300459632864,1.7240683804455919,-0.0024842471672788255,-0.9372122814002325,-0.10438687372020997
2024-01-18,31.975000381469727,32.13750076293945,31.975000381469727,32.07500076293945,30.821609497070312,43.89514337935677,-0.009118168272208238,-0.08500512862762684,11.494256905481414,0.18884656416603784,-0.8433294794646456,-0.09980190945156349
2024-01-19,32.92499923706055,33.275001525878906,32.775001525878906,33.224998474121094,31.926673889160156,64.04057470038953,0.029126920332477768,0.1480399811421695,64.73982423273816,0.932121690481888,-0.33525371867343334,-0.021842833241057735
2024-01-22,33.45000076293945,33.587501525878906,33.337501525878906,33.45000076293945,32.142879486083984,66.56975452958932,0.03141306205226413,0.3832801463817052,92.19854164998301,0.9862552859665029,-0.2358488116556156,0.041343863709649126
2024-01-23,33.474998474121094,33.5625,33.375,33.51250076293945,32.20294189453125,67.25869771822116,0.03139799880779304,0.5774837619308334,95.74463940575158,0.9497085546111412,-0.20823390153342247,0.08190024392561673
2024-01-24,33.537498474121094,33.599998474121094,33.48749923706055,33.5,32.19092559814453,66.96137998521118,0.03646823536434396,0.7191506241004982,94.36627588356025,0.8953638460906989,-0.2137586374422766,0.10135978579104975
2024-01-25,33.76250076293945,33.92499923706055,33.724998474121094,33.912498474121094,32.58730697631836,71.44547310096652,0.04488691336038131,0.9210911005493441,99.40472514177968,1.016974221095277,-0.03151426171112605,0.13240810279631832
2024-01-26,33.912498474121094,33.98749923706055,33.82500076293945,33.912498474121094,32.58730697631836,71.44547310096652,0.04646250977165378,1.0675690740988917,96.53175417985274,0.959064618915192,-0.03151426171112605,0.1434945170794658
2024-01-29,33.912498474121094,34.162498474121094,33.900001525878906,34.125,32.79150390625,73.58723834865721,0.053019800066897105,1.2201500923720494,98.39578563257126,0.9722324744768688,0.03147768542710848,0.15419234730315015
2024-01-30,34.087501525878906,34.162498474121094,34.01250076293945,34.037498474121094,32.707420349121094,71.21839874882457,0.05829771650315663,1.3037320332396463,94.65240118088455,0.8920306538051277,-0.004493925037656742,0.1453369998710075
2024-01-31,33.8125,33.82500076293945,33.587501525878906,33.587501525878906,32.27500915527344,60.44265578058758,0.05413895030775251,1.246298219358958,75.40117598868075,0.7190406883505884,-0.1894828522050189,0.10212960299747476
2024-02-01,33.587501525878906,33.625,33.400001525878906,33.587501525878906,32.27500915527344,60.44265578058758,0.047155216159015856,1.1869931440788988,75.40117598868075,0.6983816278566962,-0.1894828522050189,0.06701870836085033
2024-02-02,33.75,33.79999923706055,33.662498474121094,33.775001525878906,32.45518112182617,63.13788048769603,0.016553783037369874,1.1715987493800333,83.42257421735391,0.7355676440582497,-0.1124038605590101,0.05016852038385361
2024-02-05,33.775001525878906,34.04999923706055,33.75,33.98749923706055,32.65937423706055,65.96793447808409,0.016068714416210828,1.1965109228604054,92.51339429239133,0.7758149176367409,-0.02504843160710225,0.04706573365487621
2024-02-15,35.54999923706055,35.67499923706055,35.349998474121094,35.587501525878906,34.19685363769531,79.02543913123654,0.0619170680024943,1.5802645016962786,97.63519626365752,1.1186912576250025,0.23406592592152137,0.13772214851114828
2024-02-16,35.587501525878906,35.587501525878906,35.29999923706055,35.32500076293945,33.944610595703125,74.00840021329783,0.0544776195456671,1.7973398699014467,87.93107757390324,0.9696315016072871,0.16854822671002456,0.16786285362880726
2024-02-19,35.25,35.3125,35.150001525878906,35.275001525878906,33.896568298339844,73.0570683391353,0.040177033437373,1.932856673581522,82.88778169628942,0.9016217451785475,0.15606970296872655,0.1711424797724611
2024-02-20,35.13750076293945,35.5,35.099998474121094,35.412498474121094,34.028690338134766,74.04517827872766,0.04423143535192642,2.047095078116911,88.58691956459363,0.8851079128079546,0.19038712950357306,0.16852177734974527
2024-02-21,35.349998474121094,35.375,35.26250076293945,35.29999923706055,33.920589447021484,71.72733637966637,0.03443225855085852,2.0855955133726236,83.5164669328294,0.8241634602450263,0.16230896483937554,0.14662568337645865
2024-02-22,35.73749923706055,35.76250076293945,35.462501525878906,35.70000076293945,34.30495834350586,74.75349654920421,0.048843289300487314,2.1828537396879644,97.35449650016551,0.8773452453774252,0.24783049665178522,0.14489005858684645
2024-02-23,35.86249923706055,36.025001525878906,35.82500076293945,35.9375,34.53317642211914,76.37069258577446,0.06996643303745542,2.2867747569504564,96.66660853794643,0.9045731693375076,0.24964822661367617,0.14558619547631269
2024-02-26,35.92499923706055,36.0,35.75,35.98749923706055,34.58121871948242,76.70892050455963,0.07145496235536064,2.3516124415119948,98.57134137834821,0.8951199316013821,0.17375913649338878,0.13593980300466368
2024-02-27,35.98749923706055,36.04999923706055,35.662498474121094,35.837501525878906,34.43708801269531,73.31823212360918,0.06106596304083811,2.340007214576081,91.98121152010779,0.8222524620884614,0.023377848719877824,0.10774272684829178
2024-02-29,35.75,35.98749923706055,35.67499923706055,35.82500076293945,34.425071716308594,73.02840925778165,0.054064032777590754,2.3004583159449967,91.50948420929895,0.7887749070654265,0.010550286280634091,0.07758224443017947
2024-03-01,35.88750076293945,35.98749923706055,35.70000076293945,35.70000076293945,34.30495834350586,70.04769776726255,0.0031612471415025656,2.214304868455177,86.79249900313957,0.7327392524581977,-0.04050656632324898,0.04069687082017359
2024-03-04,36.25,36.79999923706055,36.212501525878906,36.73749923706055,35.30191421508789,78.05428031154558,0.03998583561764524,2.3545537737256854,98.00796861188823,0.9448867550183843,0.17738646163029045,0.07272605102717455
2024-03-05,36.9375,37.13750076293945,36.837501525878906,37.037498474121094,35.59019088745117,79.7406784771656,0.04996442631610809,2.502201119776931,97.04790357798817,0.9505028123874768,0.2040039621826911,0.10087850764617745
2024-03-06,36.75,37.26250076293945,36.599998474121094,37.212501525878906,35.758358001708984,80.67366639614966,0.050829686549406894,2.625527400220123,97.68789899927145,0.9302790242451644,0.22857784897450037,0.117230276804132
2024-03-07,37.75,38.25,37.6875,38.07500076293945,36.5871467590332,84.46961840356732,0.07861176222118593,2.8796085772709197,94.44447135587596,1.0214588579449169,0.2751435537888212,0.1672205553333208
2024-03-08,38.900001525878906,39.11249923706055,38.25,38.61249923706055,37.10364532470703,86.27839932844172,0.08158257920552114,3.1582838381142437,87.53894317932259,1.0275348044851433,0.266340530899227,0.21536346690952368
2024-03-11,38.462501525878906,38.54999923706055,38.13750076293945,38.224998474121094,36.731285095214844,79.12373179627554,0.06365208477282658,3.2511617821026495,77.88160512923383,0.9108936710046817,0.20115709480553198,0.20260900501591061
2024-03-12,38.04999923706055,38.650001525878906,38.025001525878906,38.625,37.11565399169922,80.88576441410684,0.0732893566526891,3.3697554386900515,87.33767713578544,0.9363067089053722,0.2516064282889511,0.2001847572343951
2024-03-13,38.88750076293945,39.037498474121094,38.73749923706055,38.8125,37.29582977294922,81.66690590050237,0.08301345802525528,3.4606374678171665,91.78083766623992,0.9271082432230752,0.27922709136138985,0.19087498146656579
2024-03-14,38.724998474121094,38.95000076293945,38.57500076293945,38.775001525878906,37.259796142578125,80.95436576374729,0.08234476458408091,3.481015491256381,90.2174598102382,0.8872149660423894,0.15626722935619253,0.16350450174332565
2024-03-15,38.57500076293945,38.6875,38.25,38.25,36.755313873291016,71.54299430848357,0.07142861114271026,3.343724399131689,75.0000276427277,0.7613161164102552,0.030539584903973432,0.09598077086226908
2024-03-18,38.25,38.625,38.25,38.599998474121094,37.09163284301758,73.73517939691534,0.05069749524134215,3.2710485964203775,85.14490870712751,0.7943568982926315,0.11435738073666107,0.060268676820834255
2024-03-19,38.349998474121094,38.63750076293945,38.25,38.51250076293945,37.00755310058594,72.23697096320683,0.0398245184359074,3.1570764821515636,82.5454989346591,0.7528833591145863,0.09340293177848917,0.01940135925027664
2024-03-20,38.54999923706055,38.82500076293945,38.25,38.29999923706055,36.8033561706543,68.59184532377195,0.029223885752678314,2.9862735711874624,76.19046554418567,0.6924366832586096,0.018222342443031322,-0.030264638150786505
2024-03-21,38.88750076293945,39.42499923706055,38.88750076293945,39.349998474121094,37.81232452392578,75.24018729392023,0.0334865621788365,3.0378969776282436,97.66534423733906,0.8596849811839256,0.21101561018344267,-0.005351550526959015
2024-03-22,39.375,39.5625,39.125,39.29999923706055,37.764278411865234,74.4322135419729,0.017805072288093804,3.0310049752806614,91.13921931697317,0.8183605638707764,0.1569177219028094,-0.0024437189994777064
2024-03-25,39.29999923706055,39.5,39.23749923706055,39.375,37.83635330200195,74.86820829083939,0.030085204041256697,3.004912493310831,93.67088933585028,0.8032195419851347,0.1753984557329009,-0.0058093775485912325
2024-03-26,39.57500076293945,39.79999923706055,39.099998474121094,39.400001525878906,37.86037063598633,75.02106606079448,0.02006475877950753,2.9538991761723135,81.0651902654308,0.7823062952064167,0.14920767530778112,-0.01598438497324861
2024-03-27,39.349998474121094,39.462501525878906,39.224998474121094,39.412498474121094,37.87238311767578,75.10263224140868,0.015458922572215705,2.881624795382895,78.16894295139747,0.7653116835293585,0.15069912257339033,-0.03062365963277025
2024-03-28,39.32500076293945,39.32500076293945,38.974998474121094,39.224998474121094,37.69221115112305,71.33986237034668,0.011605404573075129,2.7526491055818925,67.60554904847358,0.7103408866855009,0.10390515356488307,-0.059488600534038705
2024-03-29,39.224998474121094,39.48749923706055,39.224998474121094,39.45000076293945,37.90842056274414,73.08269670333863,0.03137251645920647,2.665893146557742,80.28175067966173,0.7719971265086613,0.09073034672031594,-0.07032504544978369
2024-04-01,39.54999923706055,39.6875,39.3125,39.349998474121094,37.81232452392578,71.01566301122622,0.019430033828879312,2.546366239697545,70.96767842332332,0.7312372708453845,-0.003148199761343894,-0.08906383324363576
2024-04-02,39.61249923706055,39.912498474121094,39.599998474121094,39.912498474121094,38.35284423828125,75.25511038233968,0.036351799159453524,2.5381618735680105,100.0,0.9176328217601761,0.14716098540683997,-0.07094301363033573
2024-04-03,39.662498474121094,39.724998474121094,39.45000076293945,39.63750076293945,38.088592529296875,69.87422396419947,0.03492171617944395,2.44567460929068,83.45876910792218,0.8134164805454059,-0.20173357107343184,-0.08186616815726921
2024-04-08,39.662498474121094,39.962501525878906,39.63750076293945,39.86249923706055,38.30479431152344,71.65967831781715,0.013024054823343345,2.3905456123638205,94.16045549115437,0.8805868344318359,-0.2375908203124995,-0.07957290425088115
2024-04-09,40.0,40.837501525878906,39.974998474121094,40.8125,39.21767807006836,77.67591671124237,0.038486096367366995,2.5116022887692315,99.03375802375946,1.1331143175838647,0.0420627712673599,-0.024474083101222455
2024-04-10,40.6875,40.82500076293945,40.61249923706055,40.75,39.15761947631836,76.52493716729747,0.03492054754247409,2.5628961374583747,96.61830051098484,1.0195303027519256,0.020708604600693233,-0.0012012595030207462
2024-04-11,40.51250076293945,40.625,40.412498474121094,40.625,39.03750228881836,74.15817335358707,0.031091392742816026,2.547127284674182,89.10249011602544,0.9149838231659828,-0.0776514688234363,-0.0029264156994834867
2024-04-12,40.650001525878906,40.70000076293945,40.48749923706055,40.525001525878906,38.941410064697266,72.23349422436844,0.02822708419747033,2.4846526732353484,83.22150400209732,0.8398722306878819,-0.11478853837103926,-0.0186894988719013
2024-04-15,40.0625,40.13750076293945,39.900001525878906,40.0,38.43692398071289,62.99036422067068,0.01975773792107849,2.3018849947023927,55.0335487993708,0.6526705340106659,-0.3097588906350884,-0.06844510075138799
2024-04-16,39.57500076293945,39.57500076293945,38.6875,38.912498474121094,37.39192199707031,49.00250315487101,-0.013624903332992822,1.9147323108425744,10.465037880804102,0.27325349995103426,-0.713624153395704,-0.1712367456870295
2024-04-17,38.98749923706055,39.42499923706055,38.974998474121094,39.349998474121094,37.81232452392578,53.4782556943615,0.0,1.677456334420277,30.813860648320645,0.40773775706504034,-0.5511498426945077,-0.2079728714598138
2024-04-18,39.087501525878906,39.73749923706055,38.95000076293945,39.73749923706055,38.18468475341797,57.07194917251864,-0.004384537527869603,1.5504230247765944,48.83713915650893,0.528732419139135,-0.4072425924888459,-0.20397284405230875
2024-04-19,38.525001525878906,38.537498474121094,37.375,37.724998474121094,36.25082778930664,39.85341087299865,-0.048249741404245095,1.0273567464944855,10.108254725815655,-0.1728535852956397,-0.7066705314903813,-0.32136237124911393
2024-04-22,37.599998474121094,37.9375,37.42499923706055,37.61249923706055,36.142723083496094,39.142480846390534,-0.056443880378099776,0.5811598442851612,6.85918071906874,-0.07563837427625643,-0.7378920934167998,-0.3914350728891962
2024-04-23,38.037498474121094,38.11249923706055,37.82500076293945,37.974998474121094,36.491058349609375,42.69003499860572,-0.06952527162845956,0.29760956175472114,17.328468150459305,0.0862293998841963,-0.6372898948300826,-0.3981560857484807
2024-04-24,38.5,39.125,38.5,39.087501525878906,37.56008529663086,51.94776073511156,-0.04079753062245406,0.2995122672970908,49.45850602749445,0.3959904000734786,-0.32854578626246905,-0.3179168231395851
2024-04-25,38.525001525878906,38.61249923706055,38.3125,38.375,36.87542724609375,46.74019849177339,-0.0553845639695012,0.15161873566181733,28.880853698574597,0.22496477409870635,-0.5262808761736045,-0.2985703021711585
2024-04-26,39.0,39.20000076293945,38.875,39.0,37.47600173950195,51.34753889133622,-0.03763110587831009,0.1621289022987634,46.93138726018372,0.3959006050912411,-0.35282983538142587,-0.235703308042083
2024-04-29,39.32500076293945,39.775001525878906,39.32500076293945,39.70000076293945,38.148651123046875,55.94437165875166,-0.007499894055275291,0.3117904646560137,67.39131155897245,0.5734492782600963,-0.15856295101545306,-0.14371724955726645
2024-04-30,39.650001525878906,39.837501525878906,39.5625,39.5625,38.01652145385742,54.848115903427875,0.016704128149284347,0.39701676068764635,65.78945858845908,0.5358849307488267,-0.1967231274664696,-0.08933354520196735
2024-05-02,39.337501525878906,39.337501525878906,39.0,39.037498474121094,37.51203918457031,50.758395535993515,-0.007941467316177953,0.3520164548556264,49.9999426361445,0.4027338166327348,-0.34242191359452884,-0.08492821541834727
2024-05-03,39.63750076293945,39.662498474121094,39.11249923706055,39.23749923706055,37.7042236328125,52.22001699078339,-0.012582560880313731,0.35355728659990976,67.42076824184277,0.46351203804191754,-0.2869174042662898,-0.06742608628656763
2024-05-06,39.75,40.037498474121094,39.75,39.79999923706055,38.2447395324707,56.16128064598913,0.055003205850991055,0.46525781078419326,91.07983574942905,0.608951535902399,-0.1308117980684699,-0.020249250427384347
2024-05-07,40.0625,40.13750076293945,39.875,40.025001525878906,38.46095275878906,57.6656044506942,0.0641409799128152,0.5927671985515464,95.92763055236802,0.6649454908650244,-0.06836757249849654,0.022403942177520952
2024-05-08,40.0,40.20000076293945,39.912498474121094,40.17499923706055,38.60508728027344,58.68344101978137,0.05793279302590282,0.7157443097142365,99.11499047338692,0.7216052318317585,-0.025453041087043816,0.055334894321187544
2024-05-09,40.1875,40.3125,40.099998474121094,40.125,38.557037353515625,58.18124060479565,0.02654285923504518,0.793295700309418,93.61702127659575,0.7263540958099844,-0.026500125626844524,0.06805495764150143
2024-05-10,40.3125,40.525001525878906,40.13750076293945,40.412498474121094,38.83330535888672,60.28565583481189,0.05309438449964987,0.902454018516796,96.37087197762374,0.8166998754144158,0.05658797722425382,0.08798252240722576
2024-05-13,40.837501525878906,40.974998474121094,40.73749923706055,40.82500076293945,39.22968673706055,63.15085638050458,0.046794879820653446,1.059716828580331,95.23816443900294,0.9199670584494516,0.13319097866099774,0.11884779845260773
2024-05-14,40.79999923706055,41.11249923706055,40.67499923706055,41.099998474121094,39.49394226074219,64.96553067654905,0.035264448364271894,1.22463299062115,99.55354405908423,0.9446530836336487,0.18494118883852523,0.14624776971993614
2024-05-15,41.400001525878906,41.962501525878906,41.375,41.662498474121094,40.03445816040039,68.394068649055,0.053080519452371355,1.4501517980215513,91.78074174405796,0.9945969974012485,0.19771820726334752,0.18733636686648197
2024-05-16,42.23749923706055,42.4375,41.775001525878906,41.86249923706055,40.22664260864258,69.53563206738495,0.07236619184352033,1.6476550453934165,83.85962770696271,0.9613529005656352,0.18128742886766966,0.2121941204253458
2024-05-17,41.88750076293945,41.92499923706055,41.67499923706055,41.8125,40.17859649658203,68.86596219247504,0.06562588021614069,1.7717908407698384,81.81818181818183,0.8980388197464798,0.17179683883101843,0.20976102469105717
2024-05-20,41.8125,41.849998474121094,41.32500076293945,41.79999923706055,40.16658401489258,68.68785049036157,0.05025121117089015,1.8449259591226803,81.45452325994317,0.8606205152083959,0.16494949836262923,0.19217159453391064
2024-05-21,41.599998474121094,41.787498474121094,41.462501525878906,41.75,40.1185417175293,67.93113535763811,0.04309796923482212,1.8703248774931691,80.0,0.8274537145806804,0.11524473364931634,0.16326719798115652
2024-05-22,41.79999923706055,42.5,41.79999923706055,42.5,40.8392333984375,72.77631448549012,0.05787180590848373,2.0134351710184495,100.0,0.9387463070321226,0.2213990205223873,0.17747270354929034
2024-05-23,42.57500076293945,42.86249923706055,42.5,42.82500076293945,41.15153503417969,74.56936641256542,0.06728986091114941,2.1632415469323822,98.79522945179876,0.9401182727636203,0.24196384840138993,0.19148698971453548
2024-05-24,42.32500076293945,42.70000076293945,42.32500076293945,42.650001525878906,40.983375549316406,71.82614842921453,0.0553666542304172,2.2202290657120702,92.88710408539816,0.873000004100935,0.14674632043080463,0.1735484273686395
2024-05-27,42.9375,43.349998474121094,42.9375,43.23749923706055,41.54791259765625,75.13343230566858,0.05909366231073321,2.3502368748082403,96.727294921875,0.9349063858448604,0.20372723940346912,0.1828862367508599
2024-05-28,43.23749923706055,43.349998474121094,43.125,43.29999923706055,41.607975006103516,75.46344737701206,0.053528025422337366,2.434915229936508,98.46156193659856,0.8940650978856416,0.2175346944645657,0.17621961640247097
2024-05-29,43.11249923706055,43.125,42.63750076293945,42.712501525878906,41.043434143066406,66.52648679690407,0.025202688609484714,2.3606068512963145,80.15572288119391,0.7582780460343025,0.08775514019675106,0.11960884306065578
2024-05-30,42.0,42.25,41.92499923706055,41.974998474121094,40.33475112915039,57.34541788585193,0.0026874855443339563,2.135482661485763,48.59811618073827,0.599888867874116,-0.09356292338646215,0.025190244410574048
2024-05-31,42.0625,42.224998474121094,41.5,41.5,39.87831115722656,52.335702579474365,-0.007473763783187759,1.8447773277640795,30.841158812666226,0.476577434128405,-0.3463579967744607,-0.07193583973113948
2024-06-03,42.162498474121094,42.4375,41.82500076293945,42.38750076293945,40.73112869262695,59.46157902388497,0.014055083138886149,1.7645583607313529,52.4691951073862,0.6606689731326711,-0.135631922718042,-0.0819497017192986
2024-06-04,42.1875,42.1875,41.625,41.712501525878906,40.0825080871582,52.97473855988649,-0.0008981789673414564,1.5534108503631419,19.13586177405287,0.4723492016484882,-0.33254265802556804,-0.13246986188332477
2024-06-05,41.849998474121094,42.20000076293945,41.537498474121094,42.11249923706055,40.46687698364258,56.03557653258913,-0.0091176151903275,1.446309274745494,38.888857492168086,0.5582242830816438,-0.2691143047626208,-0.13950533235622142
2024-06-06,43.1875,43.650001525878906,43.162498474121094,43.54999923706055,41.848201751708984,64.8820556016924,0.01692930086206168,1.6179323775611696,95.69882769879489,0.9460678465487717,0.10503220418318777,-0.0549752752562761
2024-06-07,43.32500076293945,43.349998474121094,43.099998474121094,43.212501525878906,41.523895263671875,61.740919966185,0.013188755369968108,1.668753336266548,80.0,0.8260724542113075,-0.09665701730653199,-0.02620902699143879
2024-06-11,43.287498474121094,43.5625,43.224998474121094,43.32500076293945,41.631996154785156,62.394460062556746,0.002023773322697542,1.709821483417843,84.88369617288551,0.8388243605079454,-0.06032061127431417,-0.0062474636190194
2024-06-12,43.32500076293945,44.11249923706055,43.32500076293945,44.099998474121094,42.376708984375,66.62419981346349,0.018475640262683335,1.8664676409138634,99.52150175731656,1.0283258045914145,-0.00470536425418064,0.04779040160635706
2024-06-13,44.724998474121094,45.125,44.45000076293945,44.73749923706055,42.98929977416992,69.64839482601764,0.04740991273587758,2.0842634316366526,89.31032378098061,1.0917099275760518,0.055973511941511477,0.11181323456623948
2024-06-14,44.73749923706055,45.0,44.45000076293945,45.0,43.241539001464844,70.82080157850807,0.07206658751920947,2.276618477349473,96.55172413793103,1.0456911791597487,0.12235226929358903,0.15548662931380863
2024-06-17,44.79999923706055,45.11249923706055,44.70000076293945,45.0,43.241539001464844,70.82080157850807,0.0843372687217927,2.398532468935603,96.55172413793103,0.9673432833725777,0.12235226929358903,0.16766425521544948
2024-06-18,45.625,45.76250076293945,45.5,45.75,43.96223449707031,74.13188401536785,0.07932767659905893,2.600910248394341,99.70672702165496,1.0319320950616793,0.1993333522589667,0.20507353420738383
2024-06-19,46.1875,47.224998474121094,46.1875,46.98749923706055,45.15138244628906,78.4725635113271,0.12646100758237844,2.949277807235571,95.85154060504779,1.119230489323353,0.2557962304784067,0.28576460544999027
2024-06-20,46.98749923706055,47.4375,46.95000076293945,47.4375,45.58379364013672,79.79993190981799,0.12644703614174357,3.2622847998456543,100.0,1.061984088133413,0.3057968236019741,0.34040941908464717
2024-06-21,46.775001525878906,47.29999923706055,46.73749923706055,47.150001525878906,45.30752944946289,76.55227882643251,0.08266371201034062,3.413069584563897,95.12714576665698,0.9451220444022841,0.2592681178042767,0.3298625022544144
2024-06-24,46.625,46.625,45.88750076293945,46.0,44.20246505737305,65.13351032186316,0.06450670816628756,3.2859877244014344,75.63559952154657,0.7603794485009057,0.07315200966282934,0.22536364255774388
2024-06-25,45.48749923706055,45.974998474121094,45.20000076293945,45.974998474121094,44.178443908691406,64.90686713812777,0.061165641552202166,3.143667618086283,75.21184495522581,0.734058377964146,0.06910634251644775,0.13593153307788142
2024-06-26,46.23749923706055,46.525001525878906,46.0625,46.337501525878906,44.52677917480469,66.7155717111319,0.05073707331124866,3.059200516797881,74.63981355261421,0.7556581348144282,0.12777333470394775,0.08408425074067183
2024-06-27,45.900001525878906,46.32500076293945,45.849998474121094,46.32500076293945,44.514766693115234,66.58811515066185,0.03548480498539974,2.9549296668265357,74.35161162657755,0.7299133506545391,0.12575017989309248,0.03532413368840692
2024-06-28,46.32500076293945,46.849998474121094,46.162498474121094,46.61249923706055,44.7910270690918,68.09760040926771,0.035833323776345294,2.8888703880874735,80.41541924979308,0.7425408411341359,0.1722782432154609,0.009371467408835876
2024-07-01,46.63750076293945,47.01250076293945,46.5625,46.650001525878906,44.82706832885742,68.29881959226105,0.03666681075663991,2.809674999413988,80.85109738077504,0.7279859115167242,0.17555406847056493,-0.016277031199835035
2024-07-02,46.48749923706055,46.6875,46.125,46.337501525878906,44.52677917480469,64.64055212149478,0.01284158287659376,2.6605351785628715,63.17995799043612,0.6650255646362258,0.12465761484498707,-0.06181706936000131
2024-07-03,46.900001525878906,46.900001525878906,46.599998474121094,46.900001525878906,45.067298889160156,67.96655402238768,-0.001862258752075463,2.6104530367057057,82.00841468164029,0.733835113316371,0.21627110205928896,-0.06363810379180967
2024-07-04,47.650001525878906,48.162498474121094,47.650001525878906,48.125,46.24442672729492,73.7560744475198,0.014492718451070585,2.7515700933860474,98.91701086184122,0.9152640178177823,0.23912163025655855,0.0028104353076345845
2024-07-05,48.150001525878906,48.212501525878906,47.88750076293945,47.95000076293945,46.076263427734375,71.76072922023954,0.01696702485464252,2.797896868952436,91.28628393496845,0.8510002125378058,0.20015416665423139,0.02270593516156283
2024-07-08,47.974998474121094,49.625,47.962501525878906,49.462501525878906,47.5296630859375,77.44110004052442,0.07527177555020703,3.0574045697408203,96.3277174657992,1.0494670588988595,0.29060368523509883,0.11581254519911832
2024-07-09,49.36249923706055,50.01250076293945,48.86249923706055,49.412498474121094,47.48161315917969,76.89043451931883,0.07476880030712074,3.212291358090067,87.53241997260552,0.9948357270431901,0.2395495171948012,0.15384269334614276
2024-07-10,49.23749923706055,49.599998474121094,48.75,49.587501525878906,47.6497802734375,77.49362563343841,0.07013759262425956,3.3224011497998376,91.1688470221185,0.9709240906154825,0.1932412603142551,0.1688062067987235
2024-07-11,50.162498474121094,50.70000076293945,50.0,50.6875,48.70679473876953,80.87298842794524,0.09417162791291567,3.549813393672025,99.77271340110086,1.0561901532871372,0.29908703613281207,0.22486700634337597
2024-07-12,49.54999923706055,49.587501525878906,49.0,49.087501525878906,47.16931915283203,65.47348494667594,0.053097511697412836,3.418297152000497,70.68183205344461,0.7755788565690986,0.02955306498209609,0.1376611776120189
2024-07-15,49.412498474121094,49.525001525878906,49.025001525878906,49.17499923706055,47.253395080566406,65.85636357328931,0.05412637591887837,3.289720370685447,68.55668440827782,0.7660895537054658,-0.008655578613281084,0.0683999471487553
2024-07-16,49.13750076293945,49.75,49.0,49.212501525878906,47.53107452392578,67.15197389992962,0.0674716519990528,3.198061569589582,69.32992711178788,0.7856363445404723,0.04183159290660528,0.02621625814356321
2024-07-17,49.099998474121094,49.125,48.400001525878906,48.525001525878906,46.867061614990234,61.17406310303879,0.039935003210564535,2.975387970812938,52.45904099777455,0.6526843292635396,-0.0788980268998578,-0.05694077188571223
2024-07-18,47.150001525878906,47.724998474121094,47.04999923706055,47.650001525878906,46.02195739746094,54.52166560065814,-0.0048107273800991335,2.622377466100933,33.333361127115694,0.49969612825090876,-0.23255333917791177,-0.17284691407381159
2024-07-19,47.1875,47.25,46.54999923706055,46.5625,44.971614837646484,47.59425714302915,-0.023974352690738776,2.1355979021306646,9.562839935329427,0.3182847123979508,-0.4235247136896305,-0.31590745225795125
2024-07-22,46.349998474121094,46.349998474121094,45.01250076293945,45.17499923706055,43.63151931762695,40.520280811052594,-0.08201496739546388,1.497262265374775,2.8571160285027473,0.10018399525384356,-0.6248099244505488,-0.4862597099957313
2024-07-23,45.92499923706055,46.57500076293945,45.92499923706055,46.57500076293945,44.98368453979492,48.79084848283752,-0.05260833516777508,1.2139647193080951,27.472527472527474,0.31855269369720357,-0.38706658868475213,-0.49186566678316934
2024-07-26,44.51250076293945,44.86249923706055,44.275001525878906,44.75,43.221038818359375,40.822229175077446,-0.09294358609134945,0.6691926647880019,7.392973237743243,0.051883375124067835,-0.5460409078089984,-0.5915768565886365
2024-07-29,45.45000076293945,45.5,44.98749923706055,45.150001525878906,43.60737991333008,43.01890542651227,-0.1046961692468018,0.3006165462984608,13.618678659957547,0.13640101723169712,-0.48590999094565956,-0.6065527164760782
2024-07-30,44.8125,45.32500076293945,44.375,45.150001525878906,43.60737991333008,43.01890542651227,-0.07551389978644829,0.007136624605889694,13.618678659957547,0.1596963762589199,-0.48590999094565956,-0.5909059836292478
2024-07-31,44.712501525878906,45.287498474121094,44.650001525878906,45.212501525878906,43.66773986816406,43.39959793968826,-0.07588143045148077,-0.21312980068349535,14.591441421383088,0.18849608330167023,-0.4765154443306472,-0.5516870049352798
2024-08-01,46.25,46.275001525878906,45.67499923706055,46.0,44.4283332824707,48.1046092591872,-0.06527816323389124,-0.24803120240593535,26.848228466254024,0.3012805302799887,-0.35813513232696603,-0.4538046530944867
2024-08-02,44.537498474121094,44.724998474121094,43.67499923706055,43.67499923706055,42.182769775390625,38.04838685609005,-0.09994848574209225,-0.6753788537191279,0.0,0.041117905530201226,-0.5944169590814756,-0.5150959892826279
2024-08-05,41.662498474121094,41.662498474121094,39.599998474121094,39.6875,38.331512451171875,27.449777494254704,-0.16710382133188773,-1.708453836138045,0.8620838692073924,-0.19537611139181443,-0.4962779965214093,-0.7742389365618919
2024-08-06,41.82500076293945,42.599998474121094,40.20000076293945,41.875,40.444271087646484,37.702015199248365,-0.100671140370305,-2.123968075782427,22.413804767205786,0.08099098239410546,-0.30593941987058226,-0.7614325264090485
2024-08-07,42.462501525878906,43.6875,42.25,43.537498474121094,42.04996871948242,44.16035820032758,-0.036247891956986966,-2.131373627948649,41.33857605483872,0.2555988269445507,-0.16128200538937582,-0.6094688507135313
2024-08-08,42.76250076293945,43.099998474121094,42.25,42.63750076293945,41.180721282958984,41.64350044519466,-0.08454094625067088,-2.276204480744882,37.3846435546875,0.20697625552688215,-0.2395925691087255,-0.5348063934342335
2024-08-09,43.75,44.224998474121094,43.625,43.962501525878906,42.46044921875,46.47969311133388,-0.017597670495746898,-2.125875135847876,57.02617230859449,0.3434251613698869,-0.12430178785544993,-0.3741472518555462
2024-08-12,44.3125,44.95000076293945,44.3125,44.51250076293945,42.99165725708008,48.391598679286886,-0.014119689315747808,-1.8845669488232124,70.43011723012052,0.4133909114690556,-0.04784647555850569,-0.21492510617663863
2024-08-13,44.82500076293945,44.875,44.5,44.625,43.100311279296875,48.79452910285698,-0.01162804633163017,-1.653655813592262,72.04300898846294,0.4425974414823134,-0.037141647392739646,-0.0914268820203592
2024-08-14,45.087501525878906,45.462501525878906,44.98749923706055,45.1875,43.64359664916992,50.86042272978714,-0.0005528845565864193,-1.3526469981122733,83.70784975757395,0.5231885641037003,0.016383996764836265,0.0311518368187238
2024-08-15,45.150001525878906,45.25,44.76250076293945,44.837501525878906,43.3055534362793,49.521623782912265,-0.02527170756221908,-1.1642813027700658,78.46442932154997,0.5092997310008915,0.007034579374125459,0.09041311600031021
2024-08-16,45.75,45.912498474121094,45.587501525878906,45.849998474121094,44.2834587097168,53.34740762599582,0.049799691805721746,-0.8222775451571789,93.632915993261,0.6713995219566081,0.19442587515024062,0.1906563648096925
2024-08-19,45.875,46.17499923706055,45.787498474121094,45.912498474121094,44.34382247924805,53.58127653687316,0.1568503208876737,-0.5344480746778943,94.5692451531936,0.7058986534542593,0.23810758940102816,0.25234150182613047
2024-08-20,46.150001525878906,46.29999923706055,45.92499923706055,45.9375,44.36796951293945,53.681305356128455,0.0970149373390845,-0.29895992777554764,94.58956424205674,0.7188963876018741,0.30157985293594836,0.28373911975475047
2024-08-21,45.75,45.76250076293945,45.36249923706055,45.45000076293945,43.897125244140625,51.35732461401923,0.04392765514240171,-0.19770176897829986,87.31345705476937,0.6412875136512339,0.23407532042079213,0.26227130508851937
2024-08-22,45.525001525878906,45.650001525878906,45.087501525878906,45.212501525878906,43.66773986816406,50.216730792853156,0.06039278836609974,-0.1581738340843891,83.76869272617024,0.6199835562220074,0.225125512066114,0.22360541285573943
2024-08-23,44.75,45.337501525878906,44.724998474121094,45.23749923706055,43.6918830871582,50.341737774953764,0.029001903914488425,-0.12098563251586326,82.58196285609583,0.6194350438810653,0.22872897717729532,0.19185698942495683
2024-08-26,45.599998474121094,45.849998474121094,45.20000076293945,45.3125,43.76432418823242,50.7414131203927,0.017972485371568148,-0.07722166303971623,75.61729819541237,0.629684518878631,0.23954108058404733,0.16875358335776214
2024-08-27,45.099998474121094,45.224998474121094,44.9375,45.11249923706055,43.5711555480957,49.59513195982314,0.010924382094312124,-0.07739720340921413,70.67900682218703,0.5984716047457467,0.21070994354818065,0.13494460869174488
2024-08-28,45.125,45.75,44.962501525878906,45.75,44.18687438964844,53.22253477621878,0.01244805153996964,0.035891248064497394,79.4392749934045,0.6927540701646093,0.3026082676436847,0.1475116566610708
2024-08-29,44.875,45.287498474121094,44.787498474121094,45.125,43.583229064941406,49.46417658103316,0.0064120096991875375,0.013926287951549732,40.88051883741418,0.6040056183126769,0.21251196078263931,0.11033433040700853
2024-08-30,45.23749923706055,45.51250076293945,45.162498474121094,45.337501525878906,43.78847122192383,50.73792805828616,-0.011177706128097875,0.034041788378025156,46.52788226991538,0.6246399068104762,0.24314511505296468,0.09529692608869753
2024-09-02,45.474998474121094,45.61249923706055,45.125,45.212501525878906,43.66773986816406,49.94052726906008,-0.015246376457518473,0.027365293774632395,30.952559721176044,0.5885390440914373,0.1864819627310237,0.07390461260749602
2024-09-03,45.25,45.375,44.92499923706055,45.01250076293945,43.474571228027344,48.623805210419505,-0.02013610933111465,-0.013464452834437271,18.254104733370955,0.5074180110130476,-0.07963667686117183,0.04485936364849578
2024-09-04,42.75,43.45000076293945,42.5,42.8125,41.34973907470703,37.05150824763444,-0.058030819905994124,-0.4352442976715844,8.22368586162484,-0.0936491401445178,-0.6042866900948772,-0.11083649331764833
2024-09-05,43.212501525878906,43.662498474121094,42.9375,43.07500076293945,41.603267669677734,38.919438479998114,-0.0472768273494143,-0.7164935886513166,15.131602062747767,-0.06150125601836282,-0.6179822395690587,-0.18571861819553376
2024-09-06,43.25,43.724998474121094,42.962501525878906,43.6875,42.19484329223633,43.15794718405016,-0.034263567718871846,-0.8203373987854,31.250006274174396,0.1321063218370801,-0.4623044129029141,-0.18402615484066323
2024-09-09,42.599998474121094,43.025001525878906,42.57500076293945,43.01250076293945,41.54290771484375,39.87412019440503,-0.050758614798534385,-1.0144345427954768,15.298537205271801,0.014811765173489371,-0.6338664413987084,-0.21336549168395677
2024-09-10,43.349998474121094,43.349998474121094,42.787498474121094,43.087501525878906,41.6153450012207,40.416604169868094,-0.044887736445642146,-1.1426337184990505,17.53736696948924,0.08820678346405218,-0.6148039937880646,-0.21390285617368193
2024-09-11,43.087501525878906,43.125,42.875,42.962501525878906,41.49461364746094,39.772507544453276,-0.06092896995715569,-1.2536575934326297,13.806021986330851,0.1121585543493445,-0.6465754090510729,-0.2081995763036557
2024-09-12,44.025001525878906,44.662498474121094,44.025001525878906,44.57500076293945,43.05202102661133,50.68938556885973,-0.012188358910684371,-1.0342117995898812,61.94034949475166,0.4756770919308213,-0.2367312796203765,-0.09131433436021419
2024-09-13,44.75,44.837501525878906,44.462501525878906,44.599998474121094,43.07616424560547,50.83815355737036,-0.016266998057738236,-0.8460215699992554,64.61533766526443,0.4950966181915289,-0.23037779966209723,-0.008510922945607513
2024-09-16,44.650001525878906,44.79999923706055,44.57500076293945,44.6875,43.16067886352539,51.39100325526176,-0.011611798690967845,-0.6731861921192346,67.3076923076923,0.5306352309871676,-0.20813710627045925,0.052462125471626375
2024-09-18,44.625,44.775001525878906,44.13750076293945,44.462501525878906,42.94336700439453,49.83902820765293,-0.012218734046774316,-0.5707315270407058,63.05227331500644,0.49399525110885883,-0.24965158019636044,0.07717458489566287
2024-09-19,44.5,45.04999923706055,44.25,45.037498474121094,43.49871826171875,53.68812652190407,0.051970804051003405,-0.38044110123068264,81.52607537721084,0.6471344494281481,-0.08387500996376629,0.1269978001851349
2024-09-20,45.775001525878906,46.025001525878906,45.61249923706055,45.61249923706055,44.05406951904297,57.223106724730656,0.058908878716550594,-0.12416185844286108,88.2978124749745,0.7840535482861712,0.05887059470293045,0.1896586818248221
2024-09-23,45.63750076293945,45.912498474121094,45.63750076293945,45.8125,44.24723815917969,58.412195224476804,0.04864089321836618,0.11304578970546186,93.9715905278673,0.8173659969753478,0.11367018520482536,0.23353525806398215
2024-09-24,45.79999923706055,46.25,45.525001525878906,46.25,44.66979217529297,60.968156651269226,0.07526879153266264,0.37454158452367187,100.0,0.8905848509284815,0.19661124674479236,0.27744467767780184
2024-09-25,46.92499923706055,47.0,46.837501525878906,46.9375,45.333805084228516,64.64532965474262,0.08935309998988927,0.6953417717375246,98.58757037794389,0.9759101481792128,0.2477344631618921,0.3338498684557542
2024-09-26,47.400001525878906,47.5,47.1875,47.32500076293945,45.70806121826172,66.55768428411571,0.10154203643389281,1.0046288176856906,96.44671544832576,0.990623335183475,0.2596122436523444,0.375877801379616
2024-09-27,47.54999923706055,47.8125,47.150001525878906,47.224998474121094,45.61147689819336,65.57194494685001,0.05945030710637211,1.215765416408127,88.78278546139452,0.9166543007992828,0.20368976907169087,0.37578653456936306
2024-09-30,46.63750076293945,46.79999923706055,45.98749923706055,45.98749923706055,44.416259765625,54.7631522009668,0.031109908309819856,1.1507265549640928,63.68158788528431,0.6925564167881931,-0.021292279411765026,0.2783318806940076
2024-10-01,45.974998474121094,46.150001525878906,45.837501525878906,45.900001525878906,44.33175277709961,54.084322220614574,0.027132889111340708,1.0713699289197993,61.26585368868671,0.6696409736194768,-0.03719947725183856,0.19520902795537398
2024-10-04,46.0,46.32500076293945,45.75,45.900001525878906,44.33175277709961,54.084322220614574,0.03233062215552396,0.9969668648012477,49.50497043923172,0.6602584700935585,-0.03719947725183856,0.13037462553318357
2024-10-07,46.45000076293945,47.04999923706055,46.45000076293945,47.037498474121094,45.430381774902344,61.31449457807944,0.04440736624838815,1.1248381090191364,78.91151872731292,0.8202586087206317,0.16318022489783157,0.150216581870374
2024-10-08,46.73749923706055,46.837501525878906,46.375,46.8125,45.21307373046875,59.32459188730139,0.026308675318287733,1.1724180689875938,72.78910999720775,0.7574162790089176,0.12168942278068337,0.13776948954337587
2024-10-09,47.25,47.54999923706055,47.25,47.25,45.635623931884766,61.91299940303407,0.031377908101526186,1.2712998512768687,84.69387437342935,0.8019838415135324,0.20236727728537718,0.14625699809413018
2024-10-11,47.26250076293945,48.20000076293945,47.26250076293945,48.037498474121094,46.39621353149414,66.09531841381283,0.03864851999817587,1.4685587665884947,95.88601879921079,0.902325928465454,0.28473691110085286,0.18866051506889714
2024-10-14,48.025001525878906,48.224998474121094,47.73749923706055,48.07500076293945,46.43243408203125,66.28518585660109,0.02423421099908829,1.6109615585702792,94.44452293624644,0.881124280303504,0.28294113956091815,0.20344153070370274
2024-10-15,48.25,49.150001525878906,48.25,49.099998474121094,47.42241668701172,71.05613280948832,0.03750663281393063,1.8764874674217984,98.62060546875,1.028611804462131,0.28091027534298835,0.2605376341233947
2024-10-16,48.11249923706055,48.82500076293945,47.912498474121094,48.25,46.60145950317383,63.08389988602846,0.021704682073552473,1.9168346696434155,75.17237169989224,0.831645434806231,0.1095627661250366,0.2249991780927244
2024-10-17,48.5,48.525001525878906,47.974998474121094,48.32500076293945,46.67389678955078,63.47331696583517,0.05082906655893238,1.9382438001292845,75.7352825679633,0.8156938499109555,0.12401409287844624,0.18976368873505955
2024-10-18,49.82500076293945,50.04999923706055,49.3125,49.525001525878906,47.83289337158203,69.09134556545379,0.07897591173726393,2.1329209046340547,87.79074873649219,0.9813602437667008,0.24301371033197663,0.22547436161075052
2024-10-21,49.76250076293945,49.98749923706055,49.5,49.51250076293945,47.820823669433594,68.97237269031433,0.07870365311015459,2.2564014599592794,87.50003326771461,0.9372792053308052,0.23365933433523964,0.22853208592664487
2024-10-22,49.29999923706055,49.32500076293945,48.837501525878906,49.32500076293945,47.63972854614258,67.1052381456301,0.048631481509159746,2.2943561229207967,83.13956737776776,0.8672172722311757,0.08534322429335361,0.19965560536248284
2024-10-23,49.17499923706055,49.224998474121094,48.912498474121094,49.0,47.32583236694336,63.87740080370653,0.04672893174813808,2.2430124487751746,75.58140875907876,0.7779664129932204,0.0159738678352154,0.1433470280237622
2024-10-24,49.0,49.17499923706055,48.625,48.70000076293945,47.03608322143555,60.962403748903434,0.03068785235940008,2.1271517459900564,68.60468107794493,0.6984610321605319,-0.04805912488692866,0.07401062294972627
2024-10-25,48.75,49.13750076293945,48.75,49.099998474121094,47.42241668701172,63.36308567276242,0.02211825227550057,2.0777732313521726,74.14963373708582,0.7538474769744546,0.0069341822662678495,0.04312068437571759
2024-10-28,49.474998474121094,49.537498474121094,48.73749923706055,49.01250076293945,47.33790969848633,62.45827745570631,0.019500929347261664,2.0005116069532956,71.7687431426261,0.7136011537316914,-0.012718609249843927,0.0078013292216344565
2024-10-29,48.3125,48.3125,47.54999923706055,47.875,46.2392692565918,52.05180276049234,-0.02494911717023418,1.7298657862982274,22.32143465353684,0.47471104024872046,-0.26821643176703003,-0.09318020807383598
2024-10-30,48.23749923706055,48.51250076293945,47.875,47.95000076293945,46.31170654296875,52.6124238096313,-0.006217679945954124,1.5105424074791747,24.663690630961536,0.48251461074492313,-0.2513705482253225,-0.15507608868876188
2024-11-01,46.537498474121094,47.63750076293945,46.48749923706055,47.625,45.9978141784668,49.8902487642759,-0.014485240307497649,1.267847771981199,31.929845977247805,0.3887356184180466,-0.32436878548001746,-0.21353035857918856
2024-11-04,47.76250076293945,48.29999923706055,47.70000076293945,48.23749923706055,46.589385986328125,54.65230337879617,-0.025996909189538675,1.1646053358915458,49.122807017543856,0.5012873007456107,-0.18679392203289674,-0.20849193709305258
2024-11-05,47.88750076293945,48.67499923706055,47.849998474121094,48.412498474121094,46.75840377807617,55.94061289389588,-0.022216679049727572,1.099377083861267,54.03506630345395,0.516964752431973,-0.27767241968114403,-0.19041286393673595
2024-11-06,48.51250076293945,49.51250076293945,48.375,48.79999923706055,47.13266372680664,58.736120343593946,-0.010643738636016975,1.099672959664419,64.91228070175438,0.6189957269113691,-0.1758329567075895,-0.1515758334330658
2024-11-07,48.724998474121094,49.51250076293945,48.625,49.36249923706055,47.67594528198242,62.459665544389004,0.007397924083499374,1.1797534753122219,80.7017543859649,0.7976329097137014,-0.04840111019736844,-0.0906319826836024
2024-11-08,49.849998474121094,50.0,49.67499923706055,49.75,48.05020523071289,64.8151251412124,0.021560511416375494,1.2919448575300534,92.88256382353676,0.9139545970266052,0.05665431400767542,-0.029606778082130525
2024-11-11,49.712501525878906,49.775001525878906,49.20000076293945,49.775001525878906,48.0743522644043,64.9678533959413,0.01374741362709031,1.3682720797523413,93.59435088256599,0.8758516978763914,0.06343242872807016,0.005994466999012293
2024-11-12,48.79999923706055,48.962501525878906,48.5,48.5,46.842918395996094,52.46137501382047,-0.010456551749813747,1.203644205487111,57.29538294122055,0.38023300831338586,-0.2822332185444079,-0.05634771180758158
2024-11-13,48.462501525878906,48.5,48.125,48.1875,46.54108810424805,49.92456901138538,0.006527327367164659,1.009811608015049,48.3985877206415,0.2796629858492587,-0.3669575109649123,-0.11735729482678547
2024-11-14,48.07500076293945,48.125,47.525001525878906,47.75,46.1185417175293,46.532241219958046,-0.004170971874254525,0.7745911317941316,35.94307441183083,0.13772368878671573,-0.4855670230263158,-0.18176974762007214
2024-11-15,48.01250076293945,48.212501525878906,47.712501525878906,48.087501525878906,46.44451141357422,49.389263715698576,0.009711270917663217,0.6368501159919383,45.55165669143911,0.2692989394568162,-0.3940667574698465,-0.1967556082962677
2024-11-18,47.86249923706055,47.92499923706055,47.400001525878906,47.412498474121094,45.792572021484375,44.29174162271639,-0.017102907625302866,0.41032934906420515,26.334492132222536,0.08237218834445825,-0.5798440041660288,-0.2419356826060235
2024-11-19,47.67499923706055,48.23749923706055,47.54999923706055,48.0625,46.42036056518555,49.67786693070494,-0.007229571276535451,0.33534096741870606,44.83986963240988,0.3272515531108812,-0.401114208481713,-0.22145182336671249
2024-11-20,47.86249923706055,47.86249923706055,47.86249923706055,47.86249923706055,46.227195739746094,48.135727110458,-0.019211050584980294,0.23968163053345662,39.145898970547826,0.27900806402472966,-0.45610774114583186,-0.21277147307118216
2024-11-21,47.5,47.537498474121094,47.150001525878906,47.337501525878906,45.72013473510742,44.25231355243419,-0.04102300510891255,0.07493232872541078,6.57895089076575,0.13621766514565356,-0.6004667146693949,-0.23149154342715117
2024-11-22,47.775001525878906,48.29999923706055,47.775001525878906,48.26250076293945,46.61353302001953,51.65319533850083,-0.029899398010792777,0.09830732172132375,39.03508184872375,0.46332781035967896,-0.34611850374844855,-0.17650267340733078
2024-11-25,48.67499923706055,48.6875,48.0625,48.087501525878906,46.44451141357422,50.2928637641755,-0.03390250256240812,0.08647437505566874,32.89475445382875,0.41800135680691225,-0.3942385236011605,-0.1455959451350138
2024-11-26,47.525001525878906,47.57500076293945,47.20000076293945,47.462501525878906,45.84086608886719,45.667178638411876,-0.021391756565162234,-0.02752573353395368,10.964918151276251,0.22468505835883582,-0.5660948064740695,-0.15880844625761473
2024-11-27,47.287498474121094,47.36249923706055,46.75,46.775001525878906,45.17685317993164,41.180353581187,-0.02931248451391244,-0.23123707783592015,0.7692777193509615,0.045382396571114515,-0.7551375864619276,-0.20247196611507995
2024-11-28,46.75,46.775001525878906,46.36249923706055,46.70000076293945,45.10441589355469,40.71044739345952,-0.021989546638009783,-0.40140934138481205,9.89014797102956,0.07802670652180774,-0.7278647641599963,-0.22471823195000087
2024-11-29,46.23749923706055,47.0,46.125,46.8125,45.21307373046875,41.78357214591493,-0.026514170256629277,-0.5118706947236701,24.22906186057642,0.14201084678341472,-0.617335811491935,-0.220305145865843
2024-12-02,47.125,47.92499923706055,47.125,47.92499923706055,46.28756332397461,51.19148844340403,0.010809423464093637,-0.40617776805335837,70.24387266577745,0.46015914510328687,-0.3400481744581648,-0.13727458940390372
2024-12-03,48.57500076293945,48.712501525878906,48.4375,48.57500076293945,46.91535568237305,55.69639184783579,0.010663319094482482,-0.21005002726890457,94.68596398633049,0.640561875312463,-0.17803724325856804,-0.03751502197521478
2024-12-04,48.67499923706055,48.86249923706055,48.51250076293945,48.86249923706055,47.19302749633789,57.562102267286505,0.020893150474221356,-0.006434675384948869,100.0,0.719717262293766,-0.10638000094505999,0.04524203318641944
2024-12-05,48.9375,49.150001525878906,48.912498474121094,49.125,47.446563720703125,59.24955046020232,0.03776080266600834,0.19624366238572385,99.17350369363393,0.8021155611335195,-0.040951297883064015,0.11136058878307761
2024-12-06,49.125,49.17499923706055,48.75,48.9375,47.265464782714844,57.4910700024779,0.013985890372551602,0.32116642636655063,92.21313782066916,0.7813489636491324,-0.06954402576853018,0.1355931972714237
2024-12-09,49.037498474121094,49.0625,48.92499923706055,49.0,47.32583236694336,57.93919854589775,0.018975782639228278,0.42536526738161307,94.26231866112848,0.8433928846406572,0.011715628630998558,0.1474029772122531
2024-12-10,48.9375,49.11249923706055,48.63750076293945,48.650001525878906,46.98779296875,54.476011539375165,0.02501974717622879,0.4441678227785306,82.78695598338543,0.7204346177401971,-0.0991169886647181,0.12504591664202933
2024-12-11,48.25,48.5625,48.150001525878906,48.224998474121094,46.57731246948242,50.52659124872851,0.030999487369626877,0.383699102975144,68.85242621060385,0.5769890057785865,-0.23370079258172527,0.07753770964639509
2024-12-12,48.724998474121094,48.9375,48.61249923706055,48.787498474121094,47.12059020996094,55.160068692613514,0.04470015355401946,0.42471146803257276,87.2950537747377,0.7425462420140442,-0.05557689868786894,0.07744560862718305
2024-12-13,48.662498474121094,48.900001525878906,48.525001525878906,48.82500076293945,47.15681076049805,55.45957597401514,0.042990596959114225,0.45806549332327723,88.52463732225695,0.7366667818748888,-0.04370130537722368,0.0745421128272907
2024-12-16,49.25,49.412498474121094,48.9375,49.025001525878906,47.349979400634766,57.105136990852614,0.0229525168396556,0.5117433102846596,88.21301511491092,0.7712981147324521,-0.009382518873331332,0.07987485915769735
2024-12-17,49.275001525878906,49.51250076293945,49.1875,49.275001525878906,47.59143829345703,59.13738659605694,0.014410689234910734,0.5887932767976098,92.98895399053842,0.8161778675167701,0.05089681569977014,0.09299009126877361
2024-12-18,49.20000076293945,49.462501525878906,48.900001525878906,49.275001525878906,47.59143829345703,59.13738659605694,0.008442153814990139,0.6421688962713021,92.98895399053842,0.7855595780030861,0.05089681569977014,0.09467442688033381
2024-12-19,48.587501525878906,48.70000076293945,48.38750076293945,48.599998474121094,46.93949890136719,51.497432874512754,-0.010687071508925339,0.5660573037565162,61.78002105871996,0.572603165671225,-0.14155757404452413,0.04728477123987504
2024-12-20,48.4375,48.4375,48.0,48.150001525878906,46.5048713684082,47.12636788453848,-0.01609194827138971,0.4262320644896397,9.91745125386829,0.4386013909984927,-0.26986087591060043,-0.014618703728574128
2024-12-23,48.67499923706055,49.32500076293945,48.625,49.3125,47.627655029296875,57.22674364243816,0.006377545776972582,0.502355109606911,86.77681573192969,0.7627928085643663,0.061588100624653,0.0170495859537812
2024-12-24,49.625,49.775001525878906,49.375,49.45000076293945,47.760459899902344,58.24283325604464,0.016443992840144972,0.5784937916910562,81.69011360266147,0.7742890661519538,0.06607101813704931,0.04248974777834996
2024-12-25,49.625,49.625,49.36249923706055,49.599998474121094,47.90532684326172,59.37647868338181,0.02851204381209027,0.6557277026560492,90.14068161596884,0.8025282504027749,0.10576057506798556,0.06336555497379862
2024-12-26,49.599998474121094,49.625,49.5,49.5625,47.869110107421875,58.94563221353571,0.015885197832320674,0.7023526829486944,88.02809334072631,0.7913604273555924,0.09583818583525149,0.06858540852581357
2024-12-27,49.400001525878906,49.76250076293945,49.32500076293945,49.724998474121094,48.026058197021484,60.29036324441443,0.018433126042772585,0.757038361340907,97.18292908322695,0.8945593867488489,-0.041978234645492774,0.07588978816361364
2024-12-30,49.537498474121094,49.662498474121094,49.412498474121094,49.45000076293945,47.760459899902344,56.894130399219335,0.008669074505702534,0.7463993406608822,81.69011360266147,0.7416722767025761,-0.5169520530575598,0.05697890928434435
2024-12-31,49.17499923706055,49.224998474121094,48.900001525878906,48.9375,47.265464782714844,51.11505092247114,-0.0068494149878846056,0.6463566153705241,52.816856004435785,0.44144132630985966,-0.7958223018830639,0.007858718156249445
2025-01-02,48.912498474121094,48.912498474121094,48.3125,48.51250076293945,46.8549919128418,46.863977774229525,-0.015474345954290758,0.49154734611431117,28.87325759822568,0.2152281204754939,-1.0270744241423944,-0.05224502229567657
2025-01-03,49.0,49.23749923706055,48.79999923706055,49.0,47.32583236694336,51.81438764625946,0.008230455684837379,0.4439229978092818,56.337979738064845,0.49159164597366645,-0.7618124245120436,-0.05971986688452735
2025-01-06,49.662498474121094,50.57500076293945,49.650001525878906,50.537498474121094,48.81079864501953,63.39679301911703,0.04958463938850488,0.6510978680151411,98.54360086575085,1.1437280308473603,-0.06712683309111847,0.03103915912733496
2025-01-07,51.23749923706055,51.5,51.0625,51.099998474121094,49.35408020019531,66.56341582439165,0.036248376491273326,0.8956344646488473,88.57138497488839,1.1629666179000329,0.004880057198659772,0.1184446704191684
2025-01-08,50.662498474121094,50.837501525878906,50.26250076293945,50.337501525878906,48.617637634277344,59.09960869969102,0.017947434680727348,0.9530942194121256,66.78575788225446,0.8524480926600638,-0.20553210449218845,0.11722735921809074
2025-01-09,50.04999923706055,50.287498474121094,49.75,49.76250076293945,48.06228256225586,54.16700552026369,0.003276372990996812,0.8945914083089236,50.357164655412944,0.6411926910435019,-0.36420498221261255,0.07181618919525418
2025-01-10,49.75,49.88750076293945,49.5,49.75,48.05020523071289,54.06133271172785,0.0037831311859490846,0.8365286660282695,45.09803921568628,0.6212856004301892,-0.3676556483677465,0.03559272579065076
2025-01-13,49.75,49.75,48.525001525878906,48.599998474121094,46.93949890136719,45.307276669866845,-0.02262436969523529,0.5965337775671837,9.019559972426471,0.22041663702157138,-0.6850003138950902,-0.0631662263568552
2025-01-14,48.67499923706055,48.974998474121094,48.51250076293945,48.900001525878906,47.229248046875,47.687069882650775,-0.01112241913374934,0.44985550901316684,18.431420419730394,0.3286504475327273,-0.6022148437500009,-0.10642633857878492
2025-01-15,49.0,49.0,48.4375,48.525001525878906,46.867061614990234,45.04840757873615,-0.008429054269456948,0.2690671185610143,6.666714537377451,0.22101901927849552,-0.7056966814313625,-0.1539955249152964
2025-01-16,49.474998474121094,49.875,49.349998474121094,49.51250076293945,47.820823669433594,52.50178346650243,0.020613209332922544,0.28407105485523204,37.64708275888481,0.5491584744722603,-0.43319323730468845,-0.11744015502084809
2025-01-17,49.25,49.337501525878906,48.599998474121094,49.07500076293945,48.05337905883789,54.13529570165394,0.015373140957214648,0.331466484083921,23.921592562806374,0.6134610295641997,-0.3667488403320322,-0.07583149056260668
2025-01-20,49.287498474121094,49.662498474121094,49.287498474121094,49.57500076293945,48.54296875,57.452765409792114,-0.005487103314316677,0.4464567156988636,39.60786707261029,0.7675202354055636,-0.309696078431372,-0.016660549950995723
2025-01-21,49.32500076293945,49.79999923706055,49.17499923706055,49.67499923706055,48.64088821411133,58.10545589793296,-0.014450517225547688,0.5473978690759632,42.74507410386029,0.7763736355116634,-0.27897624655330827,0.025458740519618328
2025-01-22,50.07500076293945,50.42499923706055,50.07500076293945,50.32500076293945,49.2773551940918,62.16790446964191,0.013569510817805108,0.7254630554276432,61.63267797353317,0.9393646676720987,-0.07930033126531806,0.08899324292006039
2025-02-03,48.07500076293945,48.25,47.662498474121094,48.17499923706055,47.17211151123047,46.20722232856949,-0.018521197986640314,0.5070347694856645,13.355063430810615,0.2543263170331514,-0.5097880828407787,-0.012552601293726484
2025-02-04,48.412498474121094,48.63750076293945,48.26250076293945,48.462501525878906,47.45362854003906,48.12513649821789,-0.012415694955086432,0.3767531438046696,20.846976772851892,0.35407714905169013,-0.43642862567571145,-0.059898305049272876
2025-02-05,48.9375,49.45000076293945,48.9375,49.20000076293945,48.175777435302734,52.77640106954156,0.02633770199663421,0.3905897246294333,48.42522239363313,0.584275947610951,-0.24824657795697405,-0.04253385409669436
2025-02-06,49.5,49.599998474121094,49.275001525878906,49.412498474121094,48.38385009765625,54.05468768310947,0.0244467591276345,0.43151197664159247,63.34839879421078,0.6400855744059418,-0.1940257103038047,-0.018230805980725462
2025-02-07,49.412498474121094,49.650001525878906,49.275001525878906,49.63750076293945,48.60416793823242,55.43039875700832,0.037064545191938914,0.49509545262613525,71.4932757780254,0.6899873980253418,-0.13661391799820755,0.009970224834901287
2025-02-10,49.54999923706055,49.54999923706055,49.025001525878906,49.07500076293945,48.05337905883789,51.29531856110909,0.004863056960537904,0.4477911798581693,51.13129045131481,0.4937120233635822,-0.28014190767591424,-0.010096862526950634
2025-02-11,49.375,49.625,49.25,49.375,48.347129821777344,53.296400228640216,0.00611300950511251,0.4543399108781897,61.99098834118367,0.5788850703237697,-0.20359450803099158,-0.0054459616075465955
2025-02-12,49.5,49.662498474121094,49.25,49.29999923706055,48.2736930847168,52.713313077806426,-0.0055471610455057885,0.4420786409618778,59.27602934657878,0.5640744742594138,-0.2227311094278412,-0.00896674839685066
2025-02-13,49.32500076293945,49.349998474121094,48.88750076293945,49.087501525878906,48.065616607666016,51.01041464495782,-0.011826914095668606,0.3929409648818068,51.58380663184074,0.5135866529455724,-0.25503378076385125,-0.025996781898566773
2025-02-14,48.787498474121094,48.787498474121094,48.375,48.5,47.49034881591797,46.534561625698245,-0.036264251016217,0.25452625162008247,30.316788944078283,0.30523088454101177,-0.4443166011436483,-0.07397544697863934
2025-02-17,48.6875,49.23749923706055,48.6875,49.23749923706055,48.212493896484375,52.20408819537248,0.022055031075007392,0.2630422838234404,57.01358653249983,0.5920261689245278,-0.1829066894236587,-0.0558705303274703
2025-02-18,49.474998474121094,49.474998474121094,49.150001525878906,49.412498474121094,48.38385009765625,53.46508119411433,0.01960274875149559,0.29511556677217976,63.34839879421078,0.6524196551288293,-0.12087731246539045,-0.03231751384633613
2025-02-19,49.412498474121094,49.474998474121094,49.25,49.32500076293945,48.29817581176758,52.71621964158469,0.0025406621954200403,0.3026264741683071,60.18106170763063,0.5992185079459654,-0.15189062005901793,-0.022913849045385654
2025-02-20,49.23749923706055,49.23749923706055,48.775001525878906,49.13750076293945,48.11457824707031,51.0655490444798,-0.005565325000851495,0.2746180822738361,73.75011444091797,0.5013769814111331,-0.21835125860809393,-0.029068688996714553
2025-02-21,49.125,49.48749923706055,48.974998474121094,49.48749923706055,48.45729064941406,53.963343139110904,-0.00302190727768481,0.3063176333535917,87.5000340598527,0.6426619002844126,-0.0942925046915574,-0.010998525465082398
2025-02-24,49.037498474121094,49.099998474121094,48.875,49.04999923706055,48.02889633178711,49.9791512806342,-0.0005094902279567659,0.2566863100416579,52.42718734259726,0.4062252574204315,-0.2493673279727347,-0.027877028456827102
2025-02-25,48.5,48.51250076293945,48.150001525878906,48.412498474121094,47.404666900634766,44.78987846831256,-0.019493668489045657,0.11133093559928481,17.355205149158117,0.11222275614068997,-0.47533267050828903,-0.07821008159186735
2025-02-26,48.224998474121094,48.67499923706055,47.974998474121094,48.67499923706055,47.66170120239258,47.21994942785766,-0.012677544294160792,0.03872254757499614,41.48152669270833,0.26695337159492943,-0.38228860507088663,-0.09045480757984413
2025-02-27,48.73749923706055,48.73749923706055,48.087501525878906,48.125,47.12315368652344,42.953948281088,-0.01960784002492677,-0.10834896711397303,8.888979311342593,0.062334165273742144,-0.5772378782418002,-0.12875062740897503
2025-03-03,47.20000076293945,47.25,46.70000076293945,47.01250076293945,46.0338134765625,35.890739441390366,-0.030670133525472543,-0.4049412051788577,10.548531356513834,-0.24527117538629487,-0.6068735193490613,-0.2162240922692365
2025-03-04,46.25,46.8125,46.162498474121094,46.70000076293945,45.727821350097656,34.190031055605075,-0.051535864369959494,-0.6857223499426699,15.357208251953125,-0.1738845210637166,-0.5061934640066974,-0.27945138564600736
2025-03-05,47.0,47.375,47.0,47.3125,46.32756805419922,40.17387955897117,-0.04249934718520132,-0.7980150309056512,34.58650412044574,0.07415219016450991,-0.33483726283482235,-0.26572810683557707
2025-03-06,47.337501525878906,47.337501525878906,46.837501525878906,47.025001525878906,46.04605484008789,38.4085242680528,-0.04662952448673996,-0.9252032687921183,25.9399354541898,0.06165308138962838,-0.41526960972377325,-0.26012739820015657
2025-03-07,46.70000076293945,46.75,46.45000076293945,46.587501525878906,45.61766052246094,35.828373728674066,-0.05189524288849834,-1.0879951990444099,12.782043736497982,0.02796124636025741,-0.537667986188617,-0.26869208351797225
2025-03-10,46.587501525878906,46.587501525878906,46.087501525878906,46.3125,45.348388671875,34.27002797989279,-0.06415756918874815,-1.2503170787941957,6.617606634884981,0.036101456237423106,-0.5887450307523551,-0.2749191606629406
2025-03-11,45.1875,45.525001525878906,44.775001525878906,45.5,44.552799224853516,30.10381891205735,-0.07237511940562746,-1.501394441146551,15.38459047737772,-0.032171352725962436,-0.4274634147864399,-0.3123163996715286
2025-03-12,45.525001525878906,46.099998474121094,45.400001525878906,45.70000076293945,44.748634338378906,32.28600251185159,-0.05602892575583718,-1.649443831854373,19.628640558609565,0.07188853272936853,-0.38739482434039907,-0.3033078356494952
2025-03-13,46.29999923706055,46.462501525878906,45.26250076293945,45.275001525878906,44.33248519897461,30.13309811167096,-0.06985096879527342,-1.8205714166474738,10.610084728818403,0.06055358698401043,-0.47590271444680254,-0.30404936253450254
2025-03-14,45.275001525878906,45.287498474121094,44.88750076293945,45.125,44.185604095458984,29.388219752353578,-0.06233771217023942,-1.961540232531869,8.092455978803498,0.09261153036588768,-0.5070711335140651,-0.29298613845351407
2025-03-17,45.63750076293945,45.875,45.400001525878906,45.51250076293945,44.565040588378906,33.931738307080636,-0.031906391785929245,-1.9848140907454495,18.61197887835802,0.19180470867186733,-0.4265540667323436,-0.24084774354531047
2025-03-18,45.775001525878906,45.962501525878906,45.587501525878906,45.70000076293945,44.748634338378906,36.07506760656046,-0.021413375551438962,-1.9490105984889274,23.34384281031437,0.24775082764184939,-0.3875951618687135,-0.17764669373937725
2025-03-19,45.650001525878906,45.662498474121094,45.025001525878906,45.13750076293945,44.19784927368164,32.65271848677901,-0.04597087371445863,-1.9963978550538577,9.148251014445316,0.1884189726073422,-0.5044726859448277,-0.15728633719029472
2025-03-20,45.61249923706055,46.11249923706055,45.61249923706055,46.11249923706055,45.15254592895508,42.78475701897696,-0.01940467895101672,-1.8430401222400754,51.44224985108,0.3655546361025986,-0.30188443788941366,-0.06841020707971834
2025-03-21,46.0,46.0,45.625,45.73749923706055,44.78535461425781,40.27504179586557,-0.01824525630360463,-1.7667637169791515,37.01916446343317,0.32054877054574216,-0.3798030571018979,-0.025452632445452705
2025-03-24,46.099998474121094,46.099998474121094,45.57500076293945,45.6875,44.73639678955078,39.93865172306146,-0.0134953390902679,-1.695755970219271,35.09611575558927,0.32755662381416456,-0.39092595689433074,0.0068391037377562025
2025-03-25,46.162498474121094,46.375,46.0,46.162498474121094,45.201507568359375,44.66700907578883,0.01456043963100706,-1.5386849440617862,54.146222370426834,0.44709487521688,-0.2743643435106786,0.06354398245873283
2025-03-26,46.29999923706055,46.349998474121094,45.962501525878906,46.125,45.164791107177734,44.37005161319708,0.009299876408561447,-1.4045482285032256,68.3544059304585,0.46093459031770456,-0.2836303327573176,0.10040771083239464
2025-03-27,45.375,45.400001525878906,45.11249923706055,45.25,44.30800247192383,38.018248344834475,-0.0005522525286119073,-1.4351075186669446,26.206812365301722,0.2366071007419354,-0.4998547189156144,0.07033899320501458
2025-03-28,44.787498474121094,44.82500076293945,44.5,44.79999923706055,43.86737060546875,35.22538467180293,-0.007202198464973386,-1.5215682625854356,15.286573442341261,0.09913358279629558,-0.6020450067934783,0.026292402958382866
2025-03-31,43.400001525878906,43.5625,43.04999923706055,43.1875,42.2884407043457,27.44511961935764,-0.051084882992945446,-1.8554157274786807,4.029323683972246,-0.2139534789637446,-0.5580828666761338,-0.0969096990108369
2025-04-01,43.400001525878906,44.13750076293945,43.400001525878906,44.07500076293945,43.157466888427734,35.8441577866774,-0.035557899665029535,-1.9429782959695754,30.036654604965307,0.09039554354121747,-0.35715199250643676,-0.10682276917074196
2025-04-02,44.212501525878906,44.337501525878906,44.0,44.0,43.08402633666992,35.470462578558724,-0.025200840206380026,-2.0040486549243175,28.571444961101573,0.10479867934279935,-0.37406365447358075,-0.10511136405567745
2025-04-07,39.599998474121094,39.599998474121094,39.599998474121094,39.599998474121094,38.7756233215332,21.384953805950374,-0.14123063220965648,-2.817536463253215,0.0,-0.39016362085134704,-0.4972971995326333,-0.366229518433673
2025-04-08,37.79999923706055,39.36249923706055,37.63750076293945,38.3125,37.514923095703125,19.006532572966805,-0.16233948756632333,-3.6754038603713837,7.72531383118757,-0.25054014567174115,-0.39569582757399374,-0.5830639205401806
2025-04-09,38.125,38.537498474121094,36.25,36.54999923706055,35.78911590576172,16.32915672746536,-0.20000003410822098,-4.657032628069328,2.9629554277584877,-0.19392873589199036,-0.42712940272962324,-0.7891284262397706
2025-04-10,40.20000076293945,40.20000076293945,40.20000076293945,40.20000076293945,39.36313247680664,36.331470558217205,-0.12916328250165576,-4.707357755690237,39.01235321421682,0.17623715434683462,-0.07716455210137955,-0.6376193732456841
2025-04-11,39.3125,41.13750076293945,38.837501525878906,41.13750076293945,40.2811164855957,40.28045837651732,-0.10813012751443685,-4.5196242989362645,48.271612473476075,0.28031398633677,0.012723709502582272,-0.43798102554623597
2025-04-14,42.125,42.17499923706055,40.875,40.92499923706055,40.07304000854492,39.67969717425207,-0.09558008095856785,-4.3630256138907395,46.17283197096837,0.2835333853672212,-0.004415801625192991,-0.289505842589989
2025-04-15,41.01250076293945,41.375,40.82500076293945,41.337501525878906,40.47695541381836,41.5035471841847,-0.07728785985699638,-4.113470305649984,50.24692865065587,0.3353253694706299,0.03547707790798602,-0.14116631995216822
2025-04-16,40.95000076293945,40.95000076293945,40.349998474121094,40.587501525878906,39.74256896972656,39.18374745656225,-0.06020254453027207,-4.015231196436564,42.945566150259815,0.29320907786351136,-0.03705491657021614,-0.07301004761750263
2025-04-17,40.32500076293945,40.32500076293945,39.86249923706055,40.13750076293945,39.30193328857422,37.81789944942908,-0.0893364202727881,-3.9809350657851157,42.48634005081259,0.2784671724470091,-0.0805744900173612,-0.03977105548145898
2025-04-18,40.349998474121094,40.45000076293945,40.150001525878906,40.224998474121094,39.387611389160156,38.268485958822794,-0.08579548528322323,-3.894277631603929,46.35566321230846,0.30638859975255806,-0.0721124553915896,0.0035187812594990042
2025-04-21,40.1875,40.1875,39.625,39.650001525878906,38.8245849609375,36.40176717331918,0.0012626912273800972,-3.895477257019231,42.04019640675632,0.28037081931149743,-0.1277200038580248,0.009432140355805085
2025-04-22,39.38750076293945,39.474998474121094,38.98749923706055,38.98749923706055,38.175872802734375,34.32424101601673,0.017618314326411477,-3.984351541801887,33.848515864892526,0.24845316344552457,-0.1917903404706791,-0.013881101553710362
2025-04-23,40.07500076293945,40.775001525878906,40.07500076293945,40.712501525878906,39.86496353149414,43.38457898630236,0.11388511625894204,-3.6740423355349807,55.177751887891546,0.41806531367967953,-0.02496656479070225,0.09493386445434226
2025-04-24,40.974998474121094,41.01250076293945,40.32500076293945,40.474998474121094,39.632408142089844,42.51494003745774,0.006840808856913627,-3.4355996730856972,71.30800030646348,0.415697752070824,-0.04710805414906923,0.1580086316842726
2025-04-25,41.54999923706055,41.73749923706055,41.375,41.4375,40.57487106323242,47.13937265595388,0.007292612600292792,-3.021563825861926,87.55275388986502,0.5403988389398379,0.0906634253557676,0.2637346348192844
2025-04-28,41.70000076293945,41.875,41.70000076293945,41.787498474121094,40.91758346557617,48.75378868859804,0.021075103282685026,-2.59433424658132,93.45990189305583,0.6102825128507747,0.1623245539696202,0.3517754929756265
2025-04-29,41.787498474121094,42.0,41.625,41.95000076293945,41.07670211791992,49.5245839046962,0.014816991494790432,-2.198412260648495,93.25846806224676,0.6650416029494433,0.21481004108316118,0.4115981058904652
2025-04-30,41.962501525878906,42.25,41.875,42.150001525878906,41.27253723144531,50.511178016625806,0.038496964372992215,-1.8244918947422146,97.06964047370457,0.7069569114274517,0.23902457914522457,0.4520031125802144
2025-05-02,43.0,43.375,42.875,43.375,42.47203826904297,56.163065820672074,0.08066028093814803,-1.2753765263278392,100.0,0.9034958026062175,0.3873399808498692,0.5411408506561313
2025-05-05,43.650001525878906,43.650001525878906,42.474998474121094,42.98749923706055,42.09260559082031,54.059867718111725,0.06867626916834557,-0.9061476626831199,85.79084260382722,0.8739659449031197,0.4075411332535345,0.5541533426051534
2025-05-06,42.48749923706055,43.025001525878906,42.337501525878906,42.75,41.86004638671875,52.7558500255469,0.07818400193679631,-0.6523901171285041,80.69702768752961,0.8021027981237723,0.3761142202605752,0.5268799631765312
2025-05-07,42.95000076293945,43.125,42.48749923706055,42.587501525878906,41.700931549072266,51.83457379132938,0.09233734522725578,-0.47728320932814106,77.21180743335839,0.7539904844794885,0.35461221960692185,0.4792720775270011
2025-05-08,43.01250076293945,43.29999923706055,42.900001525878906,43.150001525878906,42.25172424316406,54.778496571229766,0.05987113746596884,-0.22835999091380998,89.27614467452159,0.8674586513295882,0.32744887631899366,0.4656268835477372
2025-05-09,43.17499923706055,43.73749923706055,43.087501525878906,43.6875,42.77803039550781,57.45445902643544,0.0793699500202032,0.06987398295661532,98.94738448293585,0.9152248068528391,0.42218994087216466,0.4713602186131614
2025-05-12,43.875,44.25,43.875,44.17499923706055,43.2553825378418,59.779181104765826,0.06606333931245345,0.3928086514627105,98.57480756168935,0.9374130183229896,0.42899908447278856,0.4847406335233681
2025-05-13,45.212501525878906,45.275001525878906,44.712501525878906,44.712501525878906,43.78169631958008,62.22969956828471,0.06999711643317053,0.7395230549548757,89.182693894798,0.9533983712147713,0.38049627631078375,0.5042324619587608
2025-05-14,45.462501525878906,45.724998474121094,45.337501525878906,45.724998474121094,44.77311325073242,66.38443827269232,0.08998802100035008,1.1868556076266028,100.0,1.0092945805600244,0.47671831819249844,0.5550655607919877
2025-05-15,45.724998474121094,45.724998474121094,45.5,45.625,44.67519760131836,65.61674380298223,0.08244369254043771,1.5012268345767341,97.70118369659203,0.9291849743701321,0.4621853815688527,0.5520942385872273
2025-05-16,45.5625,45.79999923706055,45.42499923706055,45.75,44.7975959777832,66.14381391793306,0.05475502950926869,1.7499570618353535,98.80241326473272,0.893990970475416,0.47085823717029784,0.5283567012515027
2025-05-19,45.662498474121094,45.662498474121094,45.087501525878906,45.11249923706055,44.17336654663086,61.00743099460909,0.04943293309132479,1.8071973419420486,83.53293112254454,0.7847505276635052,0.379228228927752,0.4439953892905343
2025-05-20,45.462501525878906,45.599998474121094,45.125,45.20000076293945,44.25904846191406,61.44994071886216,0.057310067290237354,1.8462009682657992,84.71341170067498,0.7722267154569198,0.39180539080418547,0.37035155758954313
2025-05-21,45.224998474121094,45.962501525878906,45.224998474121094,45.900001525878906,44.94447708129883,64.88325078663686,0.07778112890379107,1.9802688120819085,98.27586206896551,0.8492592034143543,0.44508716557825,0.34471609365577316
2025-05-22,45.51250076293945,45.51250076293945,45.150001525878906,45.400001525878906,44.45488357543945,60.72318124479422,0.05214365500437168,1.9717386771602639,84.48275862068965,0.7550945841710429,0.3505733487522648,0.27474235326837704
2025-05-23,45.6875,45.70000076293945,45.04999923706055,45.212501525878906,44.27128601074219,59.19055467374569,0.03490706798392429,1.908491536701121,79.3103448275862,0.7107300862595035,0.24934278962169862,0.19954813197713073
2025-05-26,45.162498474121094,45.375,45.07500076293945,45.162498474121094,44.22232437133789,58.76459225930254,0.022354254586701927,1.827937104721546,76.97834460909533,0.6835373669081968,0.21680656083725464,0.1331609593864237
2025-05-27,45.162498474121094,45.162498474121094,44.5,44.76250076293945,43.83065414428711,55.33406601420752,0.00111822585286947,1.6725842740502155,60.81630161830357,0.5938883059429374,0.12650798117936798,0.05359963739115925
2025-05-28,45.224998474121094,45.337501525878906,44.57500076293945,44.837501525878906,43.904090881347656,55.85443285628231,-0.019409469350906705,1.5451790255390752,60.86956521739131,0.5883922650400752,0.11441348596471973,-0.0004883747981518916
2025-05-29,45.375,45.42499923706055,44.82500076293945,44.9375,44.002010345458984,56.58079862002911,-0.01506847852956128,1.4455379494569285,50.89816638829296,0.5891709793274907,0.07717484678071208,-0.03421128337671997
2025-06-02,44.5,44.51250076293945,43.8125,43.974998474121094,43.05954360961914,48.33696318655272,-0.03879789373130704,1.1794200433529336,7.558063199730309,0.3557618013454968,-0.1828159768992448,-0.11971897127151554
2025-06-03,44.375,44.70000076293945,44.25,44.287498474121094,43.36553955078125,50.84131213064592,-0.018287648395483802,1.0132697248980302,22.09293660509927,0.4088503894742182,-0.09840330347521464,-0.1532550661476465
2025-06-04,44.82500076293945,45.32500076293945,44.787498474121094,45.32500076293945,44.38144302368164,58.10273952976663,0.0027654133114249912,1.0569157045502988,70.34882276751655,0.6541379752239709,0.163019435732548,-0.1068044163693993
2025-06-05,45.5,45.662498474121094,45.375,45.412498474121094,44.46711730957031,58.657368518578124,-0.010621099692961877,1.094255667844613,74.41848086442752,0.6683511760246734,0.12971127630739876,-0.07177626912085167
2025-06-06,45.474998474121094,45.599998474121094,45.375,45.48749923706055,44.54056167602539,59.1565199901957,0.0019273045770222819,1.1239855466731807,77.90688596724685,0.684102339337766,0.12341222613790755,-0.04636065077806817
2025-06-09,45.849998474121094,46.01250076293945,45.76250076293945,45.92499923706055,44.96894836425781,62.035718359635126,0.015758800260429418,1.2115985243606768,96.02265929389978,0.8487054191881384,0.14365816509657356,-0.005545052971870135
2025-06-10,46.224998474121094,47.224998474121094,46.224998474121094,47.162498474121094,46.180686950683594,68.74690778026735,0.0442844786470562,1.483691282712494,98.16849734955274,1.1937889861636637,0.3119745083090578,0.0927876589204445
2025-06-11,47.162498474121094,47.162498474121094,47.162498474121094,47.162498474121094,46.180686950683594,68.74690778026735,0.05361619287406394,1.6773656132629173,98.16849734955274,1.0619284865624767,0.3119745083090578,0.14447441279866213
2025-06-12,47.162498474121094,47.162498474121094,47.162498474121094,47.162498474121094,46.180686950683594,68.74690778026735,0.05185384832334905,1.8079614024619506,98.16849734955274,0.982155696751767,0.3119745083090578,0.16388559241848133
2025-06-13,47.162498474121094,47.162498474121094,47.162498474121094,47.162498474121094,46.180686950683594,68.74690778026735,0.04951311515359991,1.8880891039793397,98.16849734955274,0.9223469466339588,0.3119745083090578,0.16167597284802493
2025-06-16,47.162498474121094,47.162498474121094,47.162498474121094,47.162498474121094,46.180686950683594,68.74690778026735,0.0724843572277718,1.9281059480724192,98.16849734955274,0.8776671180297497,0.3119745083090578,0.145662194872888
2025-06-17,47.162498474121094,47.162498474121094,47.162498474121094,47.162498474121094,46.180686950683594,68.74690778026735,0.06491669258734323,1.9365079794264308,98.16849734955274,0.8366509032798977,0.3119745083090578,0.12150371293709883
2025-06-18,47.5,47.720001220703125,47.13999938964844,47.56999969482422,46.579708099365234,71.34865116795393,0.04953117622855596,1.990152058199953,96.16119055614998,0.8808758321253641,0.3261784350325286,0.11869438187424097
2025-06-19,47.5,47.54999923706055,47.02000045776367,47.099998474121094,46.11948776245117,64.66246733732561,0.03715937872422481,1.9279992799494021,84.13301208206747,0.755234465963539,0.2083997547660514,0.07430824198163366
2025-06-20,47.099998474121094,47.15999984741211,46.689998626708984,47.029998779296875,46.05094909667969,63.705007338324755,0.03391038109578415,1.8450021772682286,80.1152104129106,0.7189493381891475,0.19085947469951023,0.031016204286982263
2025-06-23,46.540000915527344,46.65999984741211,46.279998779296875,46.63999938964844,45.6690673828125,58.506810831410604,0.015568943549303826,1.6920854599571433,63.17132755243009,0.621598928555986,0.09312906022289727,-0.029388144700086327
2025-06-24,47.29999923706055,47.4900016784668,47.29999923706055,47.4900016784668,46.501373291015625,65.17630337824619,0.006944165656836088,1.6981358982255605,90.19192228107391,0.7736990368428331,0.30613114549245934,-0.01979806409408469
2025-06-25,47.900001525878906,48.18000030517578,47.88999938964844,48.18000030517578,47.17700958251953,69.4667602324435,0.02157444372579187,1.8002066519317201,100.0,0.8735162204355942,0.38835131022941455,0.023207275955040352
2025-06-26,48.29999923706055,48.45000076293945,48.16999816894531,48.2400016784668,47.23575973510742,69.81501759617834,0.022846623861410675,1.8684740045695991,92.18608057776163,0.8469801419149868,0.35616909367743355,0.0454811159702635
2025-06-27,48.31999969482422,48.369998931884766,48.0,48.290000915527344,47.28472137451172,70.12088053027794,0.023906842810873075,1.9079607127684333,92.80900301917976,0.8230858820115194,0.3667268578498027,0.05286488119395061
2025-06-30,48.369998931884766,48.41999816894531,48.2400016784668,48.36000061035156,47.3532600402832,70.57043685997286,0.025390984132648287,1.927957888823033,95.85253132180019,0.8261320404294397,0.3568713039450319,0.051657637162420555
2025-07-01,48.380001068115234,49.150001525878906,48.380001068115234,48.63999938964844,47.62743377685547,72.36186713987641,0.03132796243842928,1.9677064342534447,82.22990772960601,0.8826639367668697,0.2689875796167204,0.05813441230535488
2025-07-02,48.56999969482422,48.75,48.380001068115234,48.650001525878906,47.63722610473633,72.42642571561916,0.022703405592735093,1.9770830724956878,82.5784138849531,0.8581027835731271,0.21726495108094854,0.05208315460277335
2025-07-03,49.349998474121094,49.599998474121094,49.2599983215332,49.31999969482422,48.293277740478516,76.40323267356067,0.047133870810186274,2.0724988903073247,91.56630105317826,0.9874570120783995,0.308716874421024,0.07962083675239773
2025-07-04,49.400001525878906,49.4900016784668,48.83000183105469,48.86000061035156,47.84285354614258,69.04088741488265,0.038911346771614896,2.0459075980934154,77.71090566896238,0.8495613257152953,0.16011179778464152,0.05597367033444145
2025-07-07,48.81999969482422,48.81999969482422,48.439998626708984,48.56999969482422,47.55888748168945,64.80135510955108,0.041380746469725116,1.9531569130373758,68.97593753087952,0.7503016904764002,0.01322637261284643,0.011979849643923957
2025-07-08,48.45000076293945,48.5099983215332,48.209999084472656,48.349998474121094,47.343467712402344,61.705780802551516,0.01810902263287395,1.8216031573461517,62.34939412950209,0.6611540689399911,-0.06167800275301647,-0.03811347106726359
2025-07-09,48.349998474121094,48.9900016784668,48.27000045776367,48.849998474121094,47.83306121826172,65.71447332773108,0.013906172552006657,1.780333285377576,77.40963647770126,0.7917508604285431,0.08578993425391662,-0.044324697087069764
2025-07-10,49.0,49.470001220703125,48.9900016784668,49.40999984741211,48.38140106201172,69.55809153466278,0.02425368689587981,1.8195632269405384,94.27714927187534,0.912513093317431,0.2509525529748899,-0.018855794567593454
2025-07-11,49.36000061035156,49.630001068115234,49.279998779296875,49.619998931884766,48.58702850341797,70.87661312975712,0.027541816702091104,1.8631349881600916,99.5707241042836,0.9173861490863741,0.30666511877365027,0.003306348109815893
2025-07-14,49.59000015258789,49.59000015258789,49.209999084472656,49.33000183105469,48.303070068359375,66.58750959769847,0.020057964906073478,1.827651307009089,82.75868116834857,0.8015433959247956,0.22190146472887828,-0.009017661069805949
2025-07-15,49.349998474121094,50.099998474121094,49.33000183105469,50.0,48.95912170410156,70.95999345697592,0.027960522363756457,1.8879363933715836,95.23816443900294,0.9345162811882106,0.3193411358212081,0.017698922557274677
2025-07-16,50.150001525878906,50.70000076293945,50.150001525878906,50.400001525878906,49.350791931152344,73.21370934065258,0.03597115043282595,1.9775338016611002,88.88892028556533,0.9661523896338038,0.31274927007267767,0.0505723226686956
2025-07-17,50.599998474121094,50.79999923706055,50.29999923706055,50.70000076293945,49.64455032348633,74.79373917641281,0.02798055228865115,2.072275948125912,96.13905528070426,0.9745353779491532,0.3623697352752281,0.07921764901576256
2025-07-18,51.400001525878906,51.599998474121094,51.29999923706055,51.45000076293945,50.37893295288086,78.24809317426656,0.053008531447488405,2.2418914652078143,95.57528795905783,1.0579276118070486,0.3884763926155484,0.1316503216819247
2025-07-21,51.099998474121094,51.099998474121094,50.75,50.900001525878906,50.19158172607422,75.4088690784496,0.05535651449791312,2.31612965962988,79.35111875301011,0.9756818373563875,0.29046116326995924,0.13712087576372523
2025-07-22,50.900001525878906,51.29999923706055,50.45000076293945,50.54999923706055,49.84645080566406,70.34512306195873,0.052868604988265844,2.290111003306707,69.02656560155198,0.859623563088157,0.14534552528702727,0.10248805058343258
2025-07-23,50.599998474121094,50.849998474121094,50.54999923706055,50.70000076293945,49.99436569213867,71.2365846561461,0.04518432270129957,2.2668181196517883,73.45139017045736,0.8530913823866406,0.17199070485038906,0.07576615468921721
2025-07-24,51.0,51.099998474121094,50.79999923706055,51.0,50.29018783569336,72.98564424189726,0.03945290404540169,2.269783801234427,82.3009267803049,0.8758897123777483,0.254163557333864,0.06466989116602062
2025-07-25,51.0,51.099998474121094,50.79999923706055,50.900001525878906,50.19158172607422,71.42651737292175,0.03302431270402506,2.2293284780358316,79.35111875301011,0.8192636439370974,0.20253775763277282,0.03863027033920141
2025-07-28,51.20000076293945,51.400001525878906,50.900001525878906,51.04999923706055,50.33949279785156,72.37965295760085,0.04215928152413917,2.1953539402571316,83.48349655588764,0.8193047957252612,0.24616935008349683,0.02023358701501654
2025-07-29,51.04999923706055,51.04999923706055,50.25,50.45000076293945,49.74784469604492,63.285848905978256,0.016109827229136897,2.047948457612935,55.93873091735543,0.6658302969069413,0.07164185500096881,-0.0396513217625829
2025-07-30,50.79999923706055,51.099998474121094,50.650001525878906,51.0,50.29018783569336,67.33701729567723,0.019035072544560938,1.9961637722724856,74.89545492271645,0.7657331024997122,0.23162511084004483,-0.049941935418365
2025-07-31,51.099998474121094,51.599998474121094,51.099998474121094,51.54999923706055,50.83253479003906,70.80618570934399,0.023929806168285772,2.0192225119718747,97.90798117869387,0.8504767324902556,0.39160949195875283,-0.028494283502565665
2025-08-01,50.79999923706055,51.20000076293945,50.650001525878906,51.099998474121094,50.3887939453125,64.74684928730059,0.00019573642897241506,1.9425035474758108,77.97353570864408,0.7265038198379334,0.26071246404731685,-0.051142898372875
2025-08-04,50.650001525878906,50.79999923706055,50.400001525878906,50.79999923706055,50.09297180175781,60.999159183562874,-0.0019646705866848135,1.8127318306085156,44.82752270407358,0.6386288585915237,0.17344927914586883,-0.09068653020722894
2025-08-05,51.25,51.45000076293945,51.04999923706055,51.45000076293945,50.733924865722656,65.63982816192052,0.01780415748191544,1.7925529626398145,88.88904587249289,0.7933045688258233,0.3579176803877467,-0.07875719062772646
2025-08-06,51.099998474121094,51.099998474121094,50.849998474121094,51.0,50.29018783569336,60.29117432248263,0.005917109647441743,1.68520202000658,55.55561834899716,0.6494621668867947,0.11615622739131355,-0.10423382965272476
2025-08-07,51.650001525878906,52.599998474121094,51.650001525878906,52.45000076293945,51.720008850097656,69.04422470806162,0.02843141129390414,1.8088769597058647,93.61711452864921,1.0492572115652155,0.3584159933743546,-0.03201661647229126
2025-08-08,52.54999923706055,52.599998474121094,52.29999923706055,52.45000076293945,51.720008850097656,69.04422470806162,0.03045186207450068,1.8836321506792437,93.61711452864921,0.9901976346382085,0.3584159933743546,0.00647260050641818
2025-08-11,52.349998474121094,53.099998474121094,52.04999923706055,52.849998474121094,52.11444091796875,71.08350947646409,0.035259555102091555,1.9815460896272612,91.228065478979,1.0638860457635377,0.3565786647940573,0.04696107527179105
2025-08-12,52.849998474121094,53.0,52.54999923706055,52.900001525878906,52.16374588012695,71.33769476040746,0.048562931697704315,2.04190380813236,92.98255946246202,1.0108384623842193,0.3006259110023752,0.06444793393801185
2025-08-13,53.150001525878906,53.400001525878906,52.95000076293945,53.349998474121094,52.607479095458984,73.58790770508531,0.046078397387112835,2.133842949368116,98.41260230044298,1.0455609732680338,0.3664056995182574,0.09162573500500959
2025-08-14,53.20000076293945,53.29999923706055,52.95000076293945,53.150001525878906,52.4102668762207,70.92291725017068,0.03103784008998134,2.1493501917240576,92.06349590798229,0.9288775302811493,0.3037986761190368,0.08234045193000772
2025-08-15,53.150001525878906,53.29999923706055,52.79999923706055,53.150001525878906,52.4102668762207,70.92291725017068,0.04011750972055661,2.1360122887677533,92.06349590798229,0.8776349365993762,0.3037986761190368,0.0630855165664963
2025-08-18,52.95000076293945,53.349998474121094,52.79999923706055,53.29999923706055,52.55817794799805,71.8109041914225,0.049212615214690114,2.123271099470043,96.66659037272134,0.8669652809413398,0.35075454917566146,0.0478867262222884
2025-08-19,53.29999923706055,53.29999923706055,53.04999923706055,53.20000076293945,52.459571838378906,70.27021563486136,0.03401366989097565,2.0731322977600466,93.33330790201822,0.8096553450521328,0.31945103747605114,0.020185700557056485
2025-08-20,52.54999923706055,52.599998474121094,51.5,51.70000076293945,50.980445861816406,52.1839954887712,0.013725501053570177,1.7818397645856445,43.333307902018234,0.44125863243699043,-0.15011253714786832,-0.10204691051660641
2025-08-21,51.75,52.099998474121094,51.75,52.0,51.27627182006836,54.69549838228752,-0.008579600813978905,1.5791152349942932,53.333282470703125,0.5025072572961148,-0.05619958002020077,-0.1636165810713015
2025-08-22,52.04999923706055,52.099998474121094,51.650001525878906,51.75,51.02975082397461,52.233369629598904,-0.013346053905822997,1.3641947193441077,35.29413524656378,0.4268819525626528,-0.134460175790854,-0.2181747121961103
2025-08-25,52.45000076293945,52.95000076293945,52.349998474121094,52.70000076293945,51.966529846191406,59.66391724535909,-0.0028381974203688376,1.3253816619611218,72.54902254109396,0.6542944290406493,0.16292984593474466,-0.18946541179047427
2025-08-26,52.54999923706055,52.849998474121094,52.29999923706055,52.75,52.015830993652344,60.01643603676037,-0.0028355878968990833,1.287298473233698,65.78942084911078,0.649135152311582,0.15660982259114556,-0.16627562208531288
2025-08-27,53.0,53.150001525878906,52.900001525878906,53.0,52.262351989746094,61.81356498022994,-0.0065604190059485035,1.2806455753825094,78.94730501893294,0.7000725069132515,0.2387834879557289,-0.1347959160771134
2025-08-28,52.79999923706055,52.900001525878906,52.5,52.5,51.76931381225586,56.357714868942445,-0.012229532535650067,1.184581678849397,52.631536679288615,0.5374703123606005,0.07443742879231745,-0.1466601808931417
2025-08-29,52.79999923706055,52.95000076293945,52.5,52.5,51.76931381225586,56.357714868942445,-0.012229532535650067,1.095807751864576,52.631536679288615,0.5172678798264766,0.07443742879231745,-0.1532708496642149
2025-09-01,52.150001525878906,52.45000076293945,51.75,52.0,51.27627182006836,51.12437021618421,-0.02439023151065145,0.9376833503951609,26.315768339644308,0.30908689472130396,-0.21483418204012839,-0.1873575768682979
2025-09-02,52.29999923706055,52.5,51.95000076293945,52.0,51.27627182006836,51.12437021618421,-0.0225564177678792,0.8031221201384833,27.027049318921325,0.28733732202900897,-0.21483418204012839,-0.20498706871116812
2025-09-03,51.900001525878906,52.20000076293945,51.75,51.95000076293945,51.226966857910156,50.57964457123766,0.004835599060116991,0.6809230471171682,24.32438562703365,0.20492957570194045,-0.5257015383256288,-0.2140566376708526
2025-09-04,52.54999923706055,52.70000076293945,52.25,52.29999923706055,51.57209396362305,54.25396033320796,0.005769181983291238,0.6308616089518003,43.24323767026967,0.37242028656371257,-0.3440558390921815,-0.19162595952622774
2025-09-05,52.70000076293945,52.900001525878906,52.650001525878906,52.849998474121094,52.11444091796875,59.366510169533726,0.02125603351926486,0.6683089544707397,74.99994701807108,0.6177466458908849,-0.05861030288671809,-0.1376045256491809
2025-09-08,53.400001525878906,53.54999923706055,53.25,53.349998474121094,52.607479095458984,63.37390968493089,0.012333885890873031,0.7658710756303027,90.24386159156673,0.8230949026806449,0.15823390615841124,-0.06944765331984992
2025-09-09,53.54999923706055,53.95000076293945,53.5,53.900001525878906,53.14982986450195,67.2053803944888,0.021801033438992645,0.9164197530446404,97.82611940669827,0.9870992957611343,0.29139973499539945,0.007301441750449611
2025-09-10,54.400001525878906,55.0,54.400001525878906,54.95000076293945,54.18521499633789,73.01011456875656,0.03679250805568546,1.1812019899396726,98.50748478105905,1.1869353896833652,0.3852042846679678,0.11686032094292503
2025-09-11,55.54999923706055,55.900001525878906,55.25,55.45000076293945,54.67825698852539,75.25613614778983,0.056190491278655275,1.4478361140209905,89.1566121088558,1.145477745259987,0.3403308832581659,0.20636305923755338
2025-09-12,55.75,56.0,55.70000076293945,56.0,55.22060012817383,77.4764978487454,0.06666664210451456,1.7193878252620372,100.0,1.112062605142859,0.44480002848307265,0.28127905643129925
2025-09-15,56.0,56.04999923706055,55.79999923706055,56.0,55.22060012817383,77.4764978487454,0.0769230712003861,1.909605266745401,98.8372268387953,1.0126730701816187,0.4357144509978997,0.30787298250302575
2025-09-16,56.150001525878906,56.849998474121094,56.150001525878906,56.75,55.96016311645508,80.27566574295774,0.09134617494857622,2.1444539730743695,98.03924501882666,1.0324892899008107,0.4516755866435652,0.34928095035517503
2025-09-17,56.599998474121094,56.599998474121094,56.25,56.349998474121094,55.56572723388672,74.92732362107857,0.08469680408779845,2.2426354364969705,90.19607549811734,0.9120073201572344,0.37102461654934,0.32463815785377137
2025-09-18,56.5,56.95000076293945,56.25,56.95000076293945,56.157379150390625,77.36355245289194,0.08891019996205429,2.379148573401002,100.0,0.9336601801022677,0.4684487308212474,0.32207774790843624
2025-09-19,57.0,57.099998474121094,56.599998474121094,57.0,56.20668029785156,77.55922534464345,0.0785240963502658,2.463836584627948,98.13086910949966,0.8901579416993309,0.4510245923263962,0.29814672907545403
2025-09-22,57.0,57.400001525878906,56.75,57.400001525878906,56.60111618041992,79.11471414289306,0.07591386535960565,2.557524772185039,100.0,0.8891142614017192,0.47660440182187164,0.28342168595299233
2025-09-23,57.849998474121094,58.599998474121094,57.849998474121094,58.45000076293945,57.63650131225586,82.53661658269586,0.0844155373439961,2.7491837438546,97.6378307523546,0.9474506951084641,0.4773434486875772,0.31549658951030723
2025-09-24,58.70000076293945,58.95000076293945,58.099998474121094,58.400001525878906,57.58720016479492,81.84894657949562,0.06278438073350734,2.8573519273515138,91.26985232275734,0.8878867950458281,0.4287221592031944,0.30528214866942305
2025-09-25,58.349998474121094,58.400001525878906,58.0,58.20000076293945,57.38998031616211,79.01292308426531,0.049594180154751255,2.878693381178515,86.84210702432907,0.8282360620788081,0.40133051646227114,0.2589613981951766
2025-09-26,57.900001525878906,57.900001525878906,56.849998474121094,57.25,56.45320129394531,67.11694560440552,0.02232140112404557,2.7274921176045663,68.80732981727952,0.7045765075977191,0.2712223327189197,0.14465095849740872
2025-09-30,57.54999923706055,57.900001525878906,57.54999923706055,57.79999923706055,56.995548248291016,69.93879078624215,0.03214286183050019,2.654722552542549,74.72523695142758,0.741825342961432,0.34654829061844167,0.08778291643345182
2025-10-01,57.900001525878906,58.75,57.900001525878906,58.099998474121094,57.2913703918457,71.38139643399573,0.023788480970299064,2.608602711716833,77.02696990410678,0.7544732100558046,0.3876346950918095,0.05396706057618772
2025-10-02,59.0,59.25,58.849998474121094,59.20000076293945,58.37606430053711,75.94058407792829,0.05057680708147938,2.6948909644053938,98.59157048433771,0.8612014353026405,0.4931520429338728,0.08659350273559019
2025-10-03,59.20000076293945,60.099998474121094,59.04999923706055,60.04999923706055,59.2142333984375,78.75681227376984,0.05443370567313255,2.8469994175863853,98.8372268387953,0.9356028400401943,0.4991053102655852,0.1432243564734006
2025-10-07,61.0,61.70000076293945,60.900001525878906,61.70000076293945,60.841270446777344,82.9330804911427,0.08245621560223926,3.156431494748381,100.0,1.0698012977998907,0.5163751196889373,0.2619492997928179
2025-10-08,61.0,61.150001525878906,60.599998474121094,61.150001525878906,60.29892349243164,77.4661316181211,0.06533099630446704,3.282093440721229,89.90827229235275,0.9568755718351005,0.44713693412809297,0.27432780337117046
2025-10-09,61.849998474121094,61.95000076293945,61.5,61.599998474121094,60.74265670776367,78.70311191022918,0.05389215730982122,3.40019904531254,93.8596097899842,0.964887015980482,0.4580868639496923,0.2817056013917112
2025-10-13,59.900001525878906,61.0,59.599998474121094,61.0,60.15100860595703,72.95275323971865,0.04452045652202852,3.369868213658437,82.2429839903998,0.8536489459231216,0.34949373848829846,0.21884461681590084
2025-10-14,61.849998474121094,62.150001525878906,60.650001525878906,60.70000076293945,59.855186462402344,70.1912968841918,0.04295534050821037,3.2657320969888786,73.14814160717388,0.7878314344710384,0.26221476092496676,0.13363473114718571
2025-10-15,61.0,61.79999923706055,60.599998474121094,61.79999923706055,60.939876556396484,74.06745368166413,0.07947601127329462,3.292379452550597,93.39618703233997,0.8858470776338428,0.42742920735425327,0.12668031554126413
2025-10-16,62.099998474121094,63.0,62.099998474121094,63.0,62.123172760009766,77.50409498441122,0.08996535114253423,3.432027106921832,100.0,0.9711533363276559,0.48999599484542444,0.1751435559581349
2025-10-17,62.04999923706055,62.29999923706055,61.900001525878906,62.04999923706055,61.186397552490234,69.63632773024774,0.06798628020248776,3.373480705577683,84.55283695553739,0.8201009081012025,0.3493181559244794,0.12010379423028184
2025-10-20,62.349998474121094,63.20000076293945,62.150001525878906,63.099998474121094,62.22178268432617,72.90967639291281,0.0658783429453238,3.425020361767666,98.42516137365097,0.9014594764422488,0.47724921277281257,0.12866055589312264
2025-10-21,63.400001525878906,63.650001525878906,63.04999923706055,63.20000076293945,62.32039260864258,73.20594106314269,0.05245629356213266,3.4365075940828986,92.62294108045944,0.8712027955723736,0.4294030721015353,0.1165537780636634
2025-10-22,62.599998474121094,62.849998474121094,62.25,62.70000076293945,61.82735061645508,69.13485135298868,0.016207422403191618,3.3391652340194775,83.47824760105298,0.7852425617628236,0.3538477527015237,0.054106658557891985
2025-10-23,62.099998474121094,62.400001525878906,61.75,62.349998474121094,61.48221969604492,66.35314980646791,0.019623836298865216,3.1783757406122937,72.91662030752798,0.721074326959684,0.299208697505862,-0.027303211628543433
2025-10-27,63.75,63.900001525878906,63.45000076293945,63.79999923706055,62.91204071044922,71.47394796555898,0.03571434178657307,3.202577173104263,97.93809811082123,0.8594974714273146,0.4778637747847002,-0.0029954112428083324
2025-10-28,63.54999923706055,63.70000076293945,63.20000076293945,63.349998474121094,62.46830368041992,68.01437393621208,0.038524625408083324,3.125099691078249,87.20924043221376,0.7761123972961999,0.41492237933116805,-0.03325934837142874
2025-10-29,63.70000076293945,64.44999694824219,63.70000076293945,64.4000015258789,63.503692626953125,71.48288425124306,0.06095555590395785,3.1618115356629195,98.96916622489574,0.8659709127600778,0.49348624851553025,-0.0016711386518850624
2025-10-30,64.5999984741211,64.80000305175781,64.0,64.4000015258789,63.503692626953125,71.48288425124308,0.04207123833248949,3.152225566292785,92.30766973553901,0.8472017235271763,0.4391986561749396,0.0009565974389782461
2025-10-31,64.5999984741211,64.80000305175781,64.4000015258789,64.75,63.848819732666016,72.63025506083247,0.027777830654636126,3.1512658812879497,99.03840369731871,0.8741438634152247,0.480147375544147,0.007317744776673241
2025-11-03,64.44999694824219,64.80000305175781,63.900001525878906,64.1500015258789,63.257171630859375,67.6083594001016,0.033843699926812576,3.037050875575833,84.52379006108958,0.7812292421983072,0.35870080102169705,-0.04411402378583884
2025-11-04,64.5,64.8499984741211,63.849998474121094,63.95000076293945,63.05995178222656,65.97088597119415,0.01347066994452284,2.886963691434197,78.82358326631433,0.7355104301731472,0.3093712194207579,-0.10380109965995055
2025-11-05,62.95000076293945,63.150001525878906,62.29999923706055,63.150001525878906,62.271087646484375,59.73836861239047,-0.0007911529451977151,2.6352690855049206,45.161361773761264,0.5682911953762829,0.12677888997395875,-0.20305431959101017
2025-11-06,63.349998474121094,63.5,63.150001525878906,63.29999923706055,62.41899871826172,60.492034742881025,0.009569358801688299,2.4270120430096735,50.0,0.5842524381519889,0.15495242745535756,-0.2616582071622069
2025-11-07,62.650001525878906,62.75,62.400001525878906,62.54999923706055,61.67943572998047,54.95295231683102,0.003207692157351172,2.1415400784902148,25.806439704373123,0.4084762071513552,0.014083286830357554,-0.3477519173234447
2025-11-10,62.79999923706055,63.349998474121094,62.599998474121094,63.349998474121094,62.46830368041992,59.240261918122386,-0.007053292581488235,1.994698970122954,51.612879408746245,0.5682740078757763,0.16434384881882483,-0.3482290523896341
2025-11-11,63.650001525878906,63.70000076293945,62.849998474121094,62.900001525878906,62.024566650390625,56.01103787833516,-0.007103394904068527,1.8000207130718902,37.096841675218975,0.43674038045942637,-0.04680748793658087,-0.3728866504599866
2025-11-12,62.95000076293945,63.29999923706055,62.75,63.20000076293945,62.32039260864258,57.667752938255376,-0.018633562386076385,1.6649590038339834,46.77424118250752,0.4770761377820848,0.0227986198874081,-0.3633604359905953
2025-11-13,62.79999923706055,62.95000076293945,62.599998474121094,62.900001525878906,62.024566650390625,55.41996649777929,-0.02329196800021527,1.5022312471263577,23.529508562127972,0.35109147518314915,-0.2934300691814146,-0.3698375211462481
2025-11-14,61.650001525878906,61.900001525878906,61.400001525878906,61.70000076293945,60.841270446777344,47.45245689167591,-0.047104226804524085,1.2056462140015969,8.695637751604385,0.013404910668516842,-0.5439511806774907,-0.441798968210233
2025-11-17,62.0,62.20000076293945,61.79999923706055,61.900001525878906,61.03848648071289,48.77429335518433,-0.035074049201784474,0.9848008632139282,14.492766443018324,0.0845082940391513,-0.4867870623045656,-0.46192439162232746
2025-11-18,61.29999923706055,61.29999923706055,60.29999923706055,60.45000076293945,59.608665466308594,40.76742432415613,-0.05473024032490159,0.6153991802990971,3.2967373852970647,-0.14922439812383267,-0.5339415135547536,-0.5512858759327816
2025-11-19,60.150001525878906,60.5,59.900001525878906,60.04999923706055,59.2142333984375,38.87167788005355,-0.04908946292058958,0.2665862149440983,3.030258659753455,-0.08925555972956772,-0.5205391010564021,-0.6120261094832168
2025-11-20,61.54999923706055,61.95000076293945,61.349998474121094,61.900001525878906,61.03848648071289,50.367299009049134,-0.022116859704526703,0.2275887349801422,40.40406531382262,0.29638447317398225,-0.15200289763041647,-0.50865675979889
2025-11-21,60.099998474121094,60.150001525878906,59.5,59.849998474121094,59.01701354980469,41.13570951859865,-0.0431654756348826,-0.06997618281537092,6.542029419524126,-0.015390536576158898,-0.47227786690624335,-0.5521114129921112
2025-11-24,60.099998474121094,60.099998474121094,59.45000076293945,59.54999923706055,58.72119140625,39.98085485961954,-0.05998421684923094,-0.3424116643891036,2.3529052734375,0.02005425139573556,-0.516964752888752,-0.5739291666046877
2025-11-25,60.70000076293945,60.75,60.099998474121094,60.349998474121094,59.51005554199219,44.45880996158849,-0.040540567136434835,-0.44882682418309927,21.176416733685663,0.1831352018039048,-0.3708787399060601,-0.5105113630555898
2025-11-26,61.099998474121094,61.5,61.0,61.349998474121094,60.49613571166992,49.52796359104055,-0.02927223049489691,-0.39700593593068756,44.70582849839154,0.3535522613964745,-0.18827122367769525,-0.38324460440430635
2025-11-27,61.79999923706055,62.099998474121094,61.650001525878906,61.900001525878906,61.03848648071289,52.11652601464513,-0.015898219414186343,-0.2803072472171082,57.64707677504596,0.4571738983146811,-0.08783585350708638,-0.2500743731815155
2025-11-28,61.95000076293945,62.400001525878906,61.849998474121094,62.349998474121094,61.48221969604492,54.18678622410797,0.010534777537695605,-0.12734731858270887,68.23524026309742,0.5556807120684414,-0.005663001023611435,-0.12590853510215813
2025-12-01,61.79999923706055,61.95000076293945,61.400001525878906,61.5,60.64405059814453,49.80634047154998,-0.0064620849124920055,-0.11642285654581658,53.24675453354656,0.42186090104781154,-0.1608795664241513,-0.09541649446024045
2025-12-02,61.79999923706055,62.20000076293945,61.650001525878906,61.70000076293945,60.841270446777344,50.813900558724356,0.02067828512559866,-0.08059911381433442,64.28571428571429,0.48040639526720536,-0.05464242733226102,-0.05894224124321743
2025-12-03,62.400001525878906,62.5,62.099998474121094,62.29999923706055,61.43291473388672,53.80940772826395,0.037468716693844106,0.02608305655321436,93.44259629611564,0.6163436468812413,0.08456799316406251,0.004675093803449229
2025-12-04,62.400001525878906,62.5,62.0,62.20000076293945,61.33430862426758,53.22758249243527,0.004846485563631431,0.09630275175597178,90.16395698020985,0.6116770067824899,0.06136655560661766,0.03790943761336508
2025-12-05,62.45000076293945,62.75,62.349998474121094,62.75,61.87665557861328,56.04286380273735,0.048454536358321976,0.22109374548667948,100.0,0.7298837014225001,0.18897760368795957,0.09117583579516123
2025-12-08,63.0,63.70000076293945,62.95000076293945,63.70000076293945,62.81343460083008,60.468905058485326,0.0696893761277555,0.43814622301763,100.0,0.9246422847495323,0.40939619715073533,0.17916954989419082
2025-12-09,63.79999923706055,63.849998474121094,63.54999923706055,63.599998474121094,62.714820861816406,59.7864504209655,0.05385250090319338,0.5895193946581341,94.31817886257807,0.8803005652134445,0.3600049539071628,0.2178321861325005
2025-12-10,63.70000076293945,64.19999694824219,63.650001525878906,64.05000305175781,63.158565521240234,61.871752269777225,0.04400991531524756,0.7581414949871462,96.84223122223801,0.9403626784511337,0.39875110244839557,0.257663861515979
2025-12-11,64.30000305175781,64.5,63.20000076293945,63.349998474121094,62.46830368041992,56.92662613288409,0.023424846881791916,0.791797669919358,77.22768911647822,0.7932576658349709,0.2156838363320881,0.22318331208521125
2025-12-12,63.54999923706055,63.79999923706055,63.29999923706055,63.45000076293945,62.56691360473633,57.44983803995698,0.017642399933735398,0.8216247123427778,76.136389251574,0.7848998507312382,0.2352105569685459,0.19376810037462605
2025-12-15,62.5,62.849998474121094,62.400001525878906,62.79999923706055,61.92595672607422,52.947796576479426,0.02113820094940877,0.7529342252534339,51.42854963030133,0.6544562185207475,0.10828838360299284,0.12143067592015744
2025-12-16,62.099998474121094,62.25,61.70000076293945,62.25,61.38361358642578,49.418863237219014,0.008914066646962482,0.6206441686215153,27.419319113119368,0.538423908716363,0.0008936862596088427,0.03199902075195249
2025-12-17,62.150001525878906,62.45000076293945,61.849998474121094,61.900001525878906,61.03848648071289,47.26021984677816,-0.006420471092449365,0.46532883851789564,16.129040197084585,0.45130281179656373,-0.06744832519657086,-0.050945877602493916
2025-12-18,61.79999923706055,62.099998474121094,61.54999923706055,61.900001525878906,61.03848648071289,47.26021984677816,-0.004823110428567534,0.3382435198511258,16.129040197084585,0.45130281179656373,-0.06744832519657086,-0.10333557225666795
2025-12-19,62.400001525878906,62.75,62.349998474121094,62.5,61.63013458251953,51.47439768372531,-0.003984071113548593,0.31138249093121495,32.203407364303494,0.551274491030596,0.04970973246504203,-0.09583438048926474
2025-12-22,63.29999923706055,63.45000076293945,63.04999923706055,63.400001525878906,62.517608642578125,57.021912888880244,-0.0047095969219305145,0.4015427977289429,62.71192577506223,0.750868241873589,0.16745666592106645,-0.03209061876897845
2025-12-23,63.5,63.79999923706055,63.5,63.70000076293945,62.81343460083008,58.71614573910321,0.001572415222726331,0.5054908187900617,72.88138880806905,0.8228056508125443,0.13612417166573568,0.025878884229164345
2025-12-24,63.95000076293945,64.05000305175781,63.75,63.849998474121094,62.961341857910156,59.57421503997886,-0.003122674837568229,0.5998390686079458,77.96605566870333,0.8365769517963036,0.12165841953322863,0.06769152743336743
2025-12-26,64.19999694824219,64.5,64.0999984741211,64.4000015258789,63.503692626953125,62.64054000505505,0.016574628820243298,0.7360797902060192,96.61022209291048,0.9394336015962603,0.29661036662950424,0.1222036568381436
2025-12-29,64.6500015258789,65.3499984741211,64.5999984741211,65.25,64.34185791015625,66.82812666177026,0.028368736815644224,0.9407280197290563,97.36846067899617,1.0547146434594168,0.3627743435818388,0.20041762662694246
2025-12-30,64.9000015258789,65.30000305175781,64.75,65.1500015258789,64.24325561523438,65.89241789330347,0.037420477804010144,1.0765452883684736,94.73692135799234,0.9661473142932598,0.32675182076541,0.2291482345612439
2025-12-31,65.0999984741211,65.8499984741211,64.9000015258789,65.5999984741211,64.6869888305664,68.0598147626424,0.05381526194266151,1.2259008070446165,94.18604548007087,0.9961783059350392,0.3475325930453622,0.2594458340854545
2026-01-02,66.0,67.0,65.80000305175781,66.94999694824219,66.01819610595703,73.50029227507632,0.08158311112149952,1.4952054344802317,99.08251294022125,1.123622198090611,0.43785252172452294,0.34518253502441787
2026-01-05,68.0999984741211,70.05000305175781,68.05000305175781,69.5,68.53270721435547,80.31943418789095,0.12277861339190688,1.999533429226164,93.5293787656094,1.253913623376045,0.4394946874754573,0.5359018765483574
2026-01-06,69.44999694824219,70.4000015258789,68.94999694824219,70.4000015258789,69.42018127441406,82.07285651347492,0.12639996236685258,2.4737879932585107,100.0,1.1568651380132964,0.5072858759253874,0.6773693481594698
2026-01-07,70.4000015258789,70.44999694824219,69.69999694824219,69.8499984741211,68.87783813476562,77.52710506815959,0.1017350092283571,2.7436468035092325,93.25844237726851,0.9985574708983118,0.44135289687756163,0.6877592881169419
2026-01-08,69.6500015258789,70.3499984741211,69.4000015258789,70.0999984741211,69.12435913085938,78.12031930112694,0.10047093539995511,2.948835679620568,96.06743186370298,0.9477394729089029,0.4690518923260694,0.6642236364821359
2026-01-09,69.80000305175781,70.25,68.9000015258789,69.8499984741211,68.87783813476562,75.96094666784875,0.09397030149401342,3.0423152449762014,92.59261003519883,0.8755326625582079,0.44135289687756163,0.5876791709031535
2026-01-12,70.5,70.55000305175781,70.05000305175781,70.3499984741211,69.37088012695312,77.31171224354102,0.09239128084198622,3.1368373672495,97.33327365454424,0.8681791700414453,0.4869863972191717,0.5277801375170914
2026-01-13,71.0999984741211,71.19999694824219,70.30000305175781,70.69999694824219,69.71600341796875,78.2336941401712,0.08352487295776712,3.2130589129222904,93.50649093290689,0.8512403482310115,0.46421825054384197,0.4708114012264164
2026-01-14,70.94999694824219,71.0999984741211,70.6500015258789,70.75,69.76531219482422,78.36894282821574,0.08595542873266782,3.2391158685706483,93.95977003254526,0.8185471520393248,0.4693279695646386,0.39871444804275824
2026-01-15,70.69999694824219,70.69999694824219,70.1500015258789,70.6500015258789,69.66670227050781,77.33403873597365,0.07698168565219032,3.20875141850891,92.25358393571535,0.7822362727372293,0.45910932213406513,0.3105662861908438
2026-01-16,71.75,72.0999984741211,71.19999694824219,72.0,70.99791717529297,80.98469992382813,0.07542952342023468,3.302070012273331,98.66668701171875,0.8470634583769884,0.5135373100922431,0.3075186468858835
2026-01-19,71.69999694824219,72.80000305175781,71.44999694824219,72.5999984741211,71.58956146240234,82.34566196261298,0.04460431190155223,3.402866739969865,97.51547202714357,0.8584218468979677,0.5021683197014243,0.31007156248146095
2026-01-20,71.9000015258789,72.6500015258789,71.8499984741211,72.5999984741211,71.58956146240234,82.34566196261298,0.03124999313114496,3.4395904196431286,97.46829697460764,0.8295968225133484,0.4938521932544438,0.2775368973076122
2026-01-21,71.80000305175781,72.5,71.69999694824219,71.8499984741211,70.8499984741211,74.60473321432957,0.028632727053609974,3.3416892480607925,86.42850603376117,0.7486652396198454,0.4083221572311057,0.17688579228926038
2026-01-22,71.9000015258789,72.05000305175781,71.5999984741211,71.80000305175781,71.80000305175781,77.5271711806403,0.03870768502653554,3.334273611640395,78.94736842105263,0.8023895559446467,0.5075027996917888,0.1462380160722585
2026-01-23,72.0999984741211,72.30000305175781,71.80000305175781,72.25,72.25,78.77324747040555,0.04895859040518147,3.3395474593883487,85.89736316490637,0.8187836961034687,0.5547812916821221,0.1288309524119411
2026-01-26,72.25,72.6500015258789,72.19999694824219,72.25,72.25,78.77324747040555,0.041503291694986455,3.3034159247685513,85.89736316490637,0.7999067264649371,0.5509264945463811,0.0916240321455426
2026-01-27,72.4000015258789,73.1500015258789,72.3499984741211,73.05000305175781,73.05000305175781,80.95100893496549,0.04782258692886798,3.325828180647883,97.6470947265625,0.8543001317852259,0.6060954219099821,0.09480288969459405
2026-01-28,73.55000305175781,74.19999694824219,73.5,74.19999694824219,74.19999694824219,83.56178687211954,0.06356575515685825,3.4317724104293417,100.0,0.9495978028727474,0.6180000000000001,0.1452476525160611
2026-01-29,74.4000015258789,74.5,73.5,73.75,73.75,78.99911836552675,0.05861189917727416,3.422064272095573,83.1460558574931,0.8941617171178459,0.5317930732088897,0.12023464462563371
2026-01-30,73.1500015258789,73.19999694824219,72.30000305175781,72.5999984741211,72.5999984741211,68.6785038787693,0.022565187297996392,3.2457944808043364,56.32178868148231,0.7420632139985391,0.32342598064380285,0.004290695236074615
2026-02-02,71.55000305175781,71.75,70.9000015258789,71.5,71.5,60.53240644552716,-0.0012510408022178288,2.9480713986956055,31.03445856711151,0.5662412858736866,0.08228556831511627,-0.15938773466017864
2026-02-03,73.0,73.05000305175781,72.4000015258789,72.94999694824219,72.94999694824219,66.22021919614147,0.019003266091444315,2.842333828713451,64.36773343763099,0.7583696466118447,0.34121366533924286,-0.1813068909174662
2026-02-04,72.4000015258789,73.1500015258789,72.30000305175781,72.9000015258789,72.9000015258789,65.86774665735604,0.028934412080567684,2.7208576439328995,55.55557910307952,0.7285484728927555,0.3322859089131792,-0.2085378161580005
2026-02-05,72.05000305175781,72.25,71.75,72.0,72.0,59.706688031122134,0.0027854726983509437,2.494618451932911,30.5555261211506,0.5691794405495265,0.17157130692926362,-0.29144066908431876
2026-02-06,71.4000015258789,72.25,70.80000305175781,71.9000015258789,71.9000015258789,59.04583239966604,-0.004844269538008206,2.277885660000118,29.729713010809007,0.530289285378216,0.03373027928746448,-0.35317312515135946
2026-02-09,74.05000305175781,74.1500015258789,73.75,73.94999694824219,73.94999694824219,67.08813348941234,0.02352936952584339,2.3088019303297287,85.13504039458437,0.8734211837996247,0.4915624724859369,-0.2603877285629794
2026-02-10,74.6500015258789,75.5,74.5999984741211,75.5,75.5,71.6252381319255,0.03353862896496129,2.4756055723199464,100.0,1.0638768474536198,0.6180000000000007,-0.10693236796247807
2026-02-11,75.9000015258789,77.44999694824219,75.9000015258789,77.19999694824219,77.19999694824219,75.59846765991998,0.04043126850925116,2.7602083682674863,96.24059805329796,1.1729123884051926,0.5837534031823998,0.08632134768998334
2026-02-23,78.44999694824219,78.44999694824219,77.19999694824219,77.4000015258789,77.4000015258789,76.02383835243026,0.049491546113612284,2.9683153347253293,86.27455869153286,1.088845199567956,0.48074558691532826,0.1984664695068501
2026-02-24,77.94999694824219,79.6500015258789,77.8499984741211,79.4000015258789,79.4000015258789,79.81339565868214,0.09366395584955467,3.3069326685039666,97.17514075588778,1.1530472921562054,0.5897514075588778,0.3683146209535568
2026-02-25,80.3499984741211,81.80000305175781,80.25,81.0999984741211,81.0999984741211,82.36486543547957,0.13426571292477063,3.7066835103778257,93.63632202148438,1.1398232376372157,0.554363220214844,0.5454412352943123
2026-02-26,81.25,81.5,80.80000305175781,81.1500015258789,81.1500015258789,82.4351894539989,0.11240582482072758,3.973461632659424,94.09089521928267,1.0311905928959566,0.5589089521928269,0.6113026526644885
2026-03-02,79.5,80.80000305175781,79.1500015258789,80.3499984741211,80.3499984741211,77.13540185671977,0.10219474337867474,4.047182650376887,86.81814020330255,0.9116847078726313,0.48618140203302573,0.5483339496528603
2026-03-03,80.05000305175781,80.4000015258789,78.6500015258789,78.75,78.75,67.75351363205671,0.09375,3.889933183342442,72.27269952947442,0.7635610932477546,0.3407269952947445,0.35561434359496147
2026-03-04,77.4000015258789,77.44999694824219,75.5,75.5999984741211,75.5999984741211,53.86339104398229,0.05146031807677298,3.3962522167938185,43.636322021484375,0.5171088448713606,0.05436322021484392,-0.00805602529191285
2026-03-05,78.30000305175781,78.8499984741211,76.69999694824219,77.4000015258789,77.4000015258789,59.031920784533995,0.04665320784328619,3.15756350510134,59.999986128373585,0.6367479272112542,0.21799986128373597,-0.14389472943678827
2026-03-06,76.80000305175781,77.30000305175781,76.30000305175781,76.8499984741211,76.8499984741211,56.93315888717314,0.017880774491670026,2.87752502720704,54.99995838512074,0.5807064695917667,0.16799958385120756,-0.2794560049084289
2026-03-09,73.1500015258789,73.5999984741211,71.6500015258789,73.5999984741211,73.5999984741211,46.428857015657854,-0.046632106430453235,2.2877492924759393,25.45450383966619,0.32880163619562774,-0.1274549616033379,-0.5794076081860826
2026-03-10,75.9000015258789,76.25,74.30000305175781,75.19999694824219,75.19999694824219,51.20220405760191,-0.02842383119205938,1.966274229463012,34.97531910031788,0.4475428433221925,0.017999445134943347,-0.6558357661935208
2026-03-11,76.30000305175781,78.5,76.0999984741211,78.19999694824219,78.19999694824219,58.64311763155726,-0.015113407488356323,2.005418927469472,64.5319649032871,0.6650604813147968,0.2907267178622161,-0.4973176596441493
2026-03-12,77.0999984741211,77.5999984741211,76.3499984741211,76.5999984741211,76.5999984741211,53.92069819361057,-0.0554870540649387,1.845810706349833,48.76843550832431,0.5171553700037359,0.14527231112393482,-0.4922772358600893
2026-03-13,75.1500015258789,76.55000305175781,75.0,75.94999694824219,75.94999694824219,52.085659746571004,-0.06407892150166417,1.6319742571898177,42.36448055106018,0.44647954232234716,0.08618126331676153,-0.5219492923514646
2026-03-16,76.30000305175781,76.69999694824219,75.44999694824219,75.5999984741211,75.5999984741211,51.07766753612982,-0.05911636702183465,1.409354115524692,38.9162202406679,0.39878537284197335,0.05436322021484392,-0.5514878788368376
2026-03-17,76.44999694824219,77.0,76.30000305175781,76.6500015258789,76.6500015258789,53.956500235900165,-0.02666664729042656,1.3286825550161316,49.26107633828204,0.4726302958432525,0.1498180431019178,-0.4887925682412855
2026-03-18,77.75,78.05000305175781,77.44999694824219,77.80000305175781,77.80000305175781,56.944820985160035,0.029100590238633428,1.3701761792070954,62.436573386653905,0.5685226618937056,0.2239113892937441,-0.3640777034641065
2026-03-19,76.5999984741211,76.80000305175781,75.94999694824219,76.0,76.0,51.329373675041666,-0.018087874654767466,1.1991388228997957,47.54095900222545,0.3376530061233596,0.04657121381017962,-0.3944605366021181
2026-03-20,76.19999694824219,76.4000015258789,75.5,75.9000015258789,75.9000015258789,51.02831843090332,-0.012361704191342193,1.0410674894152045,48.57142857142857,0.3213414379488299,0.036719148875397775,-0.4110735077551173
2026-03-23,73.5,74.44999694824219,73.30000305175781,74.25,74.25,46.212045597906155,0.00883154265427688,0.7326520920428234,36.11110522423012,0.15416489922056162,-0.12584255337380754,-0.5161655707806272
2026-03-24,75.5,75.5999984741211,73.80000305175781,74.4000015258789,74.4000015258789,46.70452287050938,-0.01063823743123149,0.49793752538308206,38.19446063336717,0.2018837329204723,-0.11106408013944835,-0.5551570794935614
2026-03-25,76.3499984741211,76.6500015258789,76.0,76.19999694824219,76.19999694824219,52.34330706663977,-0.025575448568415315,0.4976094259469136,66.42330563361301,0.421099225370498,0.06627534367974329,-0.4441099709588173
2026-03-26,76.30000305175781,76.8499984741211,75.5999984741211,75.80000305175781,75.80000305175781,51.05070887666714,-0.010443804677536028,0.4495927005164142,60.58397737689106,0.393782834395666,0.03932001713322115,-0.3842287990849719
2026-03-27,74.44999694824219,75.0999984741211,74.0999984741211,75.0,75.0,48.47248496121404,-0.012508189419541127,0.32265405068353753,32.692268190981466,0.2980859060287533,-0.01588000923865379,-0.3842084296804438
2026-03-30,73.30000305175781,74.05000305175781,72.80000305175781,73.9000015258789,73.9000015258789,45.09977963939357,-0.02248673257346845,0.10328546552286842,19.298229176426496,0.12665054658118655,-0.12485714285714299,-0.43997803764767873
2026-03-31,73.3499984741211,73.44999694824219,72.1500015258789,72.3499984741211,72.3499984741211,40.79262988212173,-0.05609919068698288,-0.2348742675581377,3.389777907089516,-0.06767196282284263,-0.2847781604250428,-0.5555076295013365
2026-04-01,75.0,75.5999984741211,74.5999984741211,75.44999694824219,75.44999694824219,50.89368050448096,-0.030205732793509577,-0.16832697867155733,55.93211133740665,0.4648855896207489,0.1457773656961078,-0.40441902101772603
2026-04-02,75.9000015258789,76.05000305175781,73.80000305175781,73.94999694824219,73.94999694824219,46.73858685684923,-0.026973724365234375,-0.2738070016344175,30.508389099020462,0.2350911444080413,-0.046234170116602274,-0.3867790077631603
2026-04-07,75.1500015258789,75.44999694824219,74.6500015258789,75.30000305175781,75.30000305175781,50.64415904675397,-0.00790511807719163,-0.2097129338131676,53.389842562958655,0.48138621474642684,0.15084705677941407,-0.27094442832429366
2026-04-08,78.0999984741211,79.25,78.0999984741211,79.19999694824219,79.19999694824219,59.812243848770116,0.06666662556555125,0.256029258674806,99.29573151402681,1.056587885892918,0.6109573151402673,0.06371616366165381
2026-04-09,79.30000305175781,79.4000015258789,78.80000305175781,79.1500015258789,79.1500015258789,59.6592517981122,0.06384408471211911,0.6098212876103255,96.55172413793103,0.9661300638035647,0.5835172413793113,0.26576488725643327
2026-04-10,80.0,80.80000305175781,79.94999694824219,80.75,80.75,62.92742824105871,0.05971132852995176,1.0442522000532846,99.42193013945473,1.091148102177366,0.6122193013945469,0.4787963567521918
2026-04-13,80.5999984741211,81.0,80.4000015258789,80.5999984741211,80.5999984741211,62.416894447124264,0.06332447531810437,1.3533627701328586,95.48020796784792,0.9875736396292295,0.5728020796784792,0.5747719515302666
2026-04-14,81.75,83.19999694824219,81.75,83.0999984741211,83.0999984741211,67.19401891523063,0.10799997965494801,1.8328472942139267,99.0950360583977,1.099249192675642,0.6089503605839774,0.7601548774669142
2026-04-15,84.0999984741211,85.0999984741211,83.80000305175781,84.1500015258789,84.1500015258789,68.97756762946949,0.13870094436209945,2.2874120362999064,92.66411450103747,1.0597625599794374,0.5446411450103744,0.8975905426487066
2026-04-16,84.75,85.0999984741211,84.1500015258789,85.0,85.0,70.38137990274753,0.17484453065197636,2.6955058812112873,99.22781082867617,1.018294285225208,0.6102781082867613,0.9829595737034702
2026-04-17,84.19999694824219,84.5,84.0,84.1500015258789,84.1500015258789,67.11090394745857,0.11530821642848865,2.8935428172553284,92.66411450103747,0.9054585552185231,0.5446411450103744,0.9204888640774715
2026-04-20,84.55000305175781,85.0999984741211,84.44999694824219,84.55000305175781,84.55000305175781,67.86760521694417,0.14334018310960306,3.0511012328145615,95.7529301005902,0.8791362020999923,0.5755293010059017,0.8463039864061455
2026-04-21,85.5,86.0999984741211,85.0,86.0,86.0,70.51581159168212,0.1420982272854292,3.277514960322351,99.28316490324613,0.9054609710784568,0.6108316490324617,0.8337451459171494
2026-04-22,85.75,86.5999984741211,85.55000305175781,86.3499984741211,86.3499984741211,71.1342205438142,0.09027780052253642,3.446281389797761,98.04687430150781,0.876061081600119,0.6006989582838348,0.7883710601519511
